subject,label_original,label_binary,bvp_mean,bvp_std,bvp_min,bvp_max,bvp_median,bvp_range,bvp_q25,bvp_q75,bvp_skew,bvp_kurtosis,bvp_energy,eda_mean,eda_std,eda_min,eda_max,eda_median,eda_range,eda_q25,eda_q75,eda_skew,eda_kurtosis,eda_energy,temp_mean,temp_std,temp_min,temp_max,temp_median,temp_range,temp_q25,temp_q75,temp_skew,temp_kurtosis,temp_energy,acc_mean,acc_std,acc_min,acc_max,acc_median,acc_range,acc_q25,acc_q75,acc_skew,acc_kurtosis,acc_energy
S2,1,0,0.014078264,1.5506546,-6.219611,7.8707085,0.017337622,14.09032,-0.5957735,0.63394153,0.19869287,3.935182,2.4047282,3.1526062,0.4444962,1.4657276,3.9526613,3.24628,2.4869337,2.8405466,3.4447672,-0.6421134,0.5640514,10.136504,1.3690126,0.011426507,1.3422261,1.3900577,1.3613595,0.047831535,1.3613595,1.3804928,0.15488355,-0.77254725,1.8743263,-0.002475828,1.3336914,-6.8312,8.26272,-0.1605228,15.09392,-0.31235456,0.26848614,1.1244136,6.362939,1.7787387
S2,1,0,0.026997017,1.6492915,-5.170333,7.3119993,-0.02549811,12.482332,-0.8023076,0.76706177,0.41865453,1.7341757,2.7208912,2.6969678,0.40482864,1.960001,3.3571997,2.691681,1.3971987,2.3404355,3.049738,-0.15460204,-1.1418433,7.4375215,1.3706071,0.014919309,1.3422261,1.4187559,1.3613595,0.07652974,1.3613595,1.3804928,0.74060327,1.7312732,1.8787862,0.1279671,1.7305809,-7.424559,13.616532,-0.089269094,21.041092,-0.5866254,0.745218,1.3589029,8.7457905,3.011286
S2,1,0,-0.012273534,1.704886,-5.170333,7.3119993,5.6259596e-06,12.482332,-0.8302826,0.7282131,0.36333007,1.4508257,2.9067867,2.484923,0.2843744,1.960001,3.1742785,2.502923,1.2142775,2.228544,2.6848717,0.16229858,-0.5089028,6.255711,1.3537061,0.026419446,1.3039594,1.4187559,1.3613595,0.11479652,1.3422261,1.3804928,0.05765008,-0.34462023,1.8332179,0.13925056,1.5285186,-7.424559,13.616532,0.0017921012,21.041092,-0.4129638,0.5361856,1.8971572,14.205643,2.3557596
S2,1,0,-0.026698602,1.1134983,-4.5496764,4.739219,0.054571755,9.288896,-0.34758985,0.3275672,-0.24140227,4.4601607,1.2405912,2.3472137,0.24209017,1.8899463,2.8084385,2.3219485,0.9184922,2.1837854,2.525302,0.037578456,-0.9043703,5.568021,1.3135259,0.026024206,1.2656926,1.3613595,1.3039594,0.095666885,1.3039594,1.3422261,-0.07946645,-0.64426637,1.726028,-0.042880256,0.44468156,-2.8180845,2.5641356,-0.036917448,5.3822203,-0.19629243,0.0688515,0.704093,9.019349,0.19958039
S2,1,0,0.011733627,0.66190046,-4.5496764,2.766403,0.06649986,7.316079,-0.27704272,0.26239097,-0.97328764,9.957214,0.43824992,1.8931239,0.33171803,1.3369935,2.4503834,1.8880008,1.11339,1.6767882,2.1993537,-0.063541435,-1.1870117,3.693955,1.271433,0.027792182,1.217861,1.3230927,1.2656926,0.10523164,1.2369944,1.3039594,-0.032899547,-1.085467,1.6173145,-0.05630113,0.57782876,-6.346212,3.9811776,-0.09265318,10.32739,-0.1656266,0.035363697,-1.2424903,25.292538,0.33705586
S2,1,0,-0.0046070395,0.68416566,-3.8125064,2.766403,0.05885533,6.5789094,-0.29895484,0.2779436,-0.65887064,5.897873,0.46810386,1.4309056,0.22091669,1.1112628,1.8860554,1.3681267,0.77479255,1.259154,1.6708,0.54919916,-1.010453,2.0962949,1.2510245,0.018105768,1.217861,1.284826,1.2656926,0.066964984,1.2369944,1.2656926,-0.302375,-1.1219462,1.5653901,-0.012079074,0.6439359,-6.346212,3.9811776,-0.013342328,10.32739,-0.1656266,0.13558225,-0.9840529,16.76797,0.41479936
S2,1,0,-0.0070903436,0.51413643,-3.8125064,1.9158832,0.053517338,5.7283897,-0.20633079,0.23207644,-1.791178,12.331843,0.26438653,1.1266345,0.15109284,0.8738533,1.3720206,1.1346128,0.49816728,0.9935316,1.259154,-0.061099853,-1.2104269,1.2921346,1.259953,0.020754075,1.217861,1.3039594,1.2656926,0.08609831,1.2369944,1.2656926,-0.50057954,-0.10630512,1.5879124,-0.00192222,0.342856,-2.0712874,2.4663405,-0.03186247,4.537628,-0.11806392,0.08723538,0.473595,13.111649,0.117553934
S2,1,0,0.00479376,0.55257934,-2.6013753,2.5585508,0.04705903,5.1599264,-0.23898481,0.22107096,0.23924819,5.9521875,0.3053669,0.932655,0.09972715,0.7532048,1.1423962,0.9225035,0.3891914,0.8641253,0.9954778,0.30444682,-0.6850846,0.87979084,1.2771728,0.018384984,1.217861,1.3039594,1.284826,0.08609831,1.2656926,1.284826,-1.102234,2.0365238,1.6315082,-0.0024265042,0.28795958,-1.6579727,1.583278,-0.03186247,3.2412505,-0.11806392,0.1039256,0.20248213,7.0084486,0.08292661
S2,1,0,-0.00033012131,0.54886097,-2.6013753,2.5585508,0.047059026,5.1599264,-0.24125838,0.20265159,0.26667467,6.194271,0.30124846,0.75421053,0.12946646,0.54304075,0.99839604,0.7532048,0.4553553,0.6393675,0.8602329,0.06701374,-1.2050399,0.5855952,1.3052349,0.022056453,1.2656926,1.3422261,1.3039594,0.076533556,1.284826,1.3230927,0.39206094,-0.9966922,1.7041247,0.010909094,0.254816,-1.6579727,1.3176125,0.03368711,2.9755852,-0.07573926,0.057140615,0.15082261,8.917837,0.065050215
S2,1,0,-0.023926707,0.4435035,-3.6389227,1.4133213,0.043434463,5.052244,-0.2177317,0.17856473,-2.611806,16.487976,0.19726783,0.55166876,0.103495285,0.36790425,0.7532048,0.5410954,0.38530058,0.46131042,0.6374205,0.25147146,-1.1477107,0.31504965,1.3396748,0.022494707,1.3039594,1.3804928,1.3422261,0.07653344,1.3230927,1.3613595,0.013511793,-0.6635194,1.795235,0.019891707,0.5154891,-3.568368,7.0387692,0.057140615,10.607138,-0.07573926,0.057140615,4.139753,60.345276,0.26612476
S2,1,0,-0.02384419,1.2501642,-5.2743254,4.7882495,0.03730566,10.062574,-0.29180455,0.3450969,-0.7697249,4.7120028,1.5634791,0.39621887,0.08351028,0.25114655,0.53914994,0.41071644,0.28800339,0.31244588,0.47298625,-0.025521839,-1.4407704,0.16396338,1.3690126,0.019821921,1.3422261,1.4187559,1.3804928,0.07652974,1.3422261,1.3804928,0.0880155,-0.5735786,1.874588,0.059304107,1.1966398,-5.776698,9.389755,0.057140615,15.166453,-0.1605228,0.19204769,1.6232623,12.222913,1.4354637
S2,1,0,0.021943776,1.5929123,-8.833382,4.7882495,0.045675106,13.621632,-0.47906262,0.6184877,-0.79080945,3.8289685,2.5378518,0.33375353,0.056119975,0.25114655,0.535259,0.32120115,0.28411245,0.29784966,0.3328769,1.6820595,2.5343642,0.11454082,1.3913338,0.019406483,1.3422261,1.4378893,1.3900577,0.09566319,1.3804928,1.3900577,0.29752415,0.4935305,1.9361858,0.13857117,1.4286253,-5.776698,10.0827265,0.008513091,15.859425,-0.2005573,0.21688493,1.8708528,10.812245,2.0601723
S2,1,0,0.023609765,1.1834514,-8.833382,4.0031037,0.009956695,12.836485,-0.4277256,0.40743935,-1.0616099,10.426857,1.4011147,0.34306177,0.04083491,0.26671627,0.535259,0.32898608,0.26854274,0.32120115,0.3562286,1.578664,4.0563993,0.11935886,1.3954788,0.01687587,1.3613595,1.4378893,1.3900577,0.07652986,1.3900577,1.4187559,0.7092476,-0.13925028,1.9476457,0.09963878,0.99788207,-4.565816,10.0827265,0.008513091,14.648542,-0.13842782,0.13724664,3.5379333,29.691387,1.0056967
S2,1,0,0.0007488698,0.59808016,-2.852854,2.4109323,0.015558293,5.2637863,-0.26435673,0.24107195,-0.213629,4.0521126,0.3577004,0.34612474,0.051897407,0.23168892,0.4494251,0.34649968,0.21773618,0.31341937,0.3871553,-0.08705563,-0.6627674,0.12249569,1.3731576,0.022048602,1.3230927,1.4187559,1.3804928,0.09566319,1.3613595,1.3900577,-0.0734297,-0.2477746,1.886048,0.0016748753,0.40939295,-3.806374,2.931566,-0.016707297,6.73794,-0.10619929,0.10225796,-0.6368287,17.275164,0.16760539
S2,1,0,0.0005684669,0.4271934,-2.4101303,1.8337704,0.043829873,4.243901,-0.20504573,0.19352429,-0.4088905,5.7555714,0.1824945,0.3468307,0.050991327,0.23168892,0.4494251,0.35018253,0.21773618,0.3122887,0.38326448,-0.18643287,-0.5629444,0.12289165,1.3479661,0.014943634,1.3230927,1.3804928,1.3422261,0.057400107,1.3422261,1.3613595,0.26027575,-0.2757268,1.817236,-0.00880901,0.32048652,-1.9469223,2.133042,-0.0040914086,4.0799646,-0.11552097,0.10225796,-0.047694817,14.949886,0.10278919
S2,1,0,-0.0025075362,0.31440926,-1.5872889,1.8337704,0.05364914,3.4210591,-0.20293689,0.16347337,0.16244316,5.843479,0.09885947,0.30111128,0.05685139,0.19645202,0.3871553,0.30931583,0.19070327,0.25093699,0.35212794,-0.27711064,-1.1971159,0.09390009,1.3377616,0.010691151,1.3230927,1.3613595,1.3422261,0.038266778,1.3230927,1.3422261,-0.011889356,-0.33519316,1.7897205,-0.022653135,0.23881263,-1.9469223,2.0179164,-0.05378256,3.9648387,-0.14012556,0.043743376,0.28236076,23.750317,0.057544637
S2,1,0,-0.0010478273,0.21743383,-0.51903164,1.0173873,0.057405505,1.5364189,-0.18758193,0.15625721,-8.7167406e-05,0.31044126,0.047278564,0.19405104,0.06681606,0.08747612,0.30931583,0.19450508,0.22183971,0.13807318,0.25093699,0.008355127,-1.1991787,0.042120196,1.3441393,0.01427543,1.3230927,1.3804928,1.3422261,0.057400107,1.3422261,1.3613595,0.31783676,-0.15898061,1.8069148,-0.0276932,0.13888001,-0.8609977,1.3970459,-0.05378256,2.2580435,-0.10281194,0.043743376,1.3417996,18.881508,0.02005457
S2,1,0,-0.0006237951,0.2246858,-0.51903164,1.0173873,0.045016095,1.5364189,-0.18810913,0.16597761,0.02156346,0.19522929,0.050484102,0.089228675,0.055428192,-0.0020361028,0.19255814,0.08747612,0.19459425,0.040773112,0.13807318,0.23993552,-1.082837,0.011034041,1.3658239,0.017765941,1.3422261,1.3900577,1.3613595,0.047831535,1.3422261,1.3804928,-0.010003418,-1.3832705,1.8657897,-0.01951528,0.14946654,-0.8609977,1.3970459,-0.05378256,2.2580435,-0.10281194,0.07721084,1.0166149,13.598122,0.022721095
S2,1,0,-0.0024872182,0.314685,-2.0035203,1.2057327,0.04653182,3.2092528,-0.20409015,0.18047586,-0.8818327,6.6151457,0.099032834,-0.0025878623,0.049523737,-0.0720907,0.08747612,-0.0039815484,0.15956682,-0.048739195,0.040773112,0.12328287,-1.427956,0.0024592977,1.3945223,0.022870002,1.3613595,1.4378893,1.3900577,0.07652986,1.3804928,1.4187559,0.61207044,-0.48960853,1.9452155,-0.002045698,0.29265663,-2.560043,3.103354,-0.0049321423,5.663397,-0.10281194,0.07721084,0.8285354,28.187716,0.08565208
S2,1,0,0.006440189,1.0178673,-7.868193,4.8602138,0.055230767,12.728407,-0.2791186,0.26786074,-1.2589097,16.012312,1.0360954,-0.05123646,0.025246516,-0.10711804,-0.005926994,-0.054577075,0.101191044,-0.0720907,-0.028305773,0.065490335,-1.0192357,0.0032625613,1.4276853,0.024192816,1.3804928,1.4570227,1.4378893,0.07652986,1.4187559,1.4378893,-0.61743605,-0.89835334,2.0388708,-0.00089502335,0.82714146,-2.8969321,8.440432,-0.024282442,11.337364,-0.20013085,0.17048553,2.1474314,18.425488,0.6841638
S2,1,0,0.0062965136,1.2578173,-7.868193,4.8602138,0.063073,12.728407,-0.42347503,0.40015727,-0.72703683,6.5568905,1.5821439,-0.09203677,0.044969715,-0.16549689,-0.005926994,-0.09544229,0.15956989,-0.13436043,-0.068199806,0.3299068,-1.0268121,0.010493044,1.441716,0.010362677,1.4187559,1.4570227,1.4378893,0.038266778,1.4378893,1.4570227,0.1007133,-0.11155391,2.0786526,0.020062132,1.0668048,-5.0750475,8.440432,-0.0007292868,13.515479,-0.32354158,0.26312974,1.24092,9.226188,1.1384748
S2,1,0,0.004964006,1.1119233,-5.9197607,4.4624343,0.07355128,10.3821945,-0.30969673,0.29870248,-0.5896322,4.7270026,1.2363981,-0.14185347,0.02751616,-0.19663325,-0.068199806,-0.14214529,0.12843344,-0.161606,-0.12268468,0.27256957,-0.40896344,0.020879546,1.4318303,0.014078009,1.3900577,1.4570227,1.4378893,0.066964984,1.4187559,1.4378893,-0.5222699,0.8756397,2.050337,0.007920573,0.9350134,-5.0750475,6.5600057,-0.0049321423,11.635054,-0.1605228,0.1322535,0.7112939,9.251689,0.87431264
S2,1,0,-0.009624236,1.3259504,-5.9197607,5.5552073,0.08119582,11.474968,-0.3192853,0.30127263,-0.18383569,4.767695,1.7582372,-0.18904302,0.05067686,-0.28614557,-0.083766446,-0.18106353,0.20237912,-0.22971283,-0.15771203,-0.15152514,-0.8399856,0.0383054,1.4082339,0.022951998,1.3804928,1.4570227,1.4187559,0.07652986,1.3804928,1.4187559,0.16137785,-1.2040895,1.9836491,-0.012038572,0.95884025,-4.467404,6.6244235,-0.0520954,11.091827,-0.1605228,0.109762944,1.0662072,9.16108,0.91951954
S2,1,0,-0.015343632,1.3040946,-5.6433716,5.5552073,0.07078344,11.198579,-0.3295659,0.2905637,-0.20974946,5.102274,1.700898,-0.26487055,0.056235604,-0.34841827,-0.09933318,-0.27252427,0.24908508,-0.30560616,-0.23360527,0.71721864,0.12735033,0.07331886,1.3760277,0.021065095,1.3422261,1.4187559,1.3804928,0.07652974,1.3613595,1.3804928,0.13319716,-0.1359632,1.8938962,0.003621023,0.99217707,-4.467404,6.6244235,-0.06391204,11.091827,-0.15372047,0.11226379,1.2112609,8.804554,0.98442847
S2,1,0,0.011590014,1.0006828,-5.6433716,3.764278,0.080405,9.40765,-0.25700876,0.2575143,-0.8202329,6.7251472,1.0015004,-0.33492517,0.042978704,-0.4067972,-0.23555148,-0.33284855,0.17124572,-0.37955165,-0.30171528,0.020303747,-0.89430857,0.11402202,1.3530682,0.016147247,1.3230927,1.3804928,1.3422261,0.057400107,1.3422261,1.3613595,0.6221246,-0.81088305,1.8310547,-0.01107289,0.84396034,-4.384959,5.12556,-0.070669636,9.510519,-0.15202029,0.11226379,1.1428757,9.941905,0.71239173
S2,1,0,0.00472902,0.68883026,-4.077297,2.7815602,0.04943147,6.858857,-0.19680808,0.17556623,-0.19594724,6.354294,0.4745095,-0.39774743,0.04408713,-0.4573912,-0.29003942,-0.4067972,0.16735178,-0.43403965,-0.37955165,0.8377369,-0.10122609,0.16014671,1.3301082,0.02005712,1.3039594,1.3804928,1.3422261,0.07653344,1.3039594,1.3422261,0.094289966,-0.5408647,1.7695904,-0.0041497694,0.63649917,-3.8956676,4.986074,-0.026809119,8.881742,-0.13842782,0.10726169,1.1611683,15.68231,0.40514842
S2,1,0,0.0032533908,1.1636448,-9.590453,7.8501472,0.039809905,17.440601,-0.19670922,0.16821826,-0.089325234,28.123814,1.3540797,-0.45242915,0.03125658,-0.5079852,-0.39901236,-0.4457154,0.10897282,-0.48463362,-0.42625475,-0.123945564,-1.2247404,0.2056691,1.3141638,0.012819198,1.3039594,1.3422261,1.3039594,0.038266778,1.3039594,1.3230927,0.87583995,-0.39758825,1.7271907,-0.0021403865,0.5510847,-3.1217573,4.986074,-0.023440488,8.107831,-0.09265318,0.10225796,1.505812,17.6574,0.3036989
S2,1,0,0.0038580352,1.4235281,-9.590453,7.8501472,0.070519835,17.440601,-0.20890094,0.22907794,-0.08587914,13.018419,2.026447,-0.49627793,0.037032858,-0.5546883,-0.39901236,-0.49630943,0.15567592,-0.52744585,-0.48074275,0.7313158,0.1445148,0.24766321,1.3128884,0.010748031,1.3039594,1.3422261,1.3039594,0.038266778,1.3039594,1.3230927,0.69532454,-0.5546639,1.723791,-0.0069224555,0.6043139,-3.4323099,4.0653877,-0.00661361,7.497698,-0.133334,0.07219654,0.69494903,11.947538,0.36524323
S2,1,0,-0.009221969,0.8466288,-4.4202466,4.634832,0.049563274,9.0550785,-0.1631985,0.16258371,-0.11356055,13.988642,0.7168655,-0.54684,0.0339882,-0.59360653,-0.43793055,-0.5546883,0.15567598,-0.5741489,-0.52744585,0.97295296,0.81863713,0.30018923,1.3230927,0.015622348,1.3039594,1.3422261,1.3230927,0.038266778,1.3039594,1.3422261,1.143402e-05,-1.5000001,1.7508184,-0.009918957,0.40751624,-3.4323099,3.657415,0.016909854,7.0897245,-0.07573926,0.048769068,0.5659158,35.2721,0.16616787
S2,1,0,-0.0028163118,0.17915168,-0.45708457,0.49241886,0.046927225,0.9495034,-0.1573992,0.1361903,-0.37595823,-0.8495395,0.032103263,-0.59263474,0.021856232,-0.63252777,-0.5546883,-0.5916611,0.077839494,-0.61306715,-0.5741489,0.037707005,-1.1505587,0.35169354,1.3511548,0.021805847,1.3039594,1.3900577,1.3422261,0.08609831,1.3422261,1.3613595,0.01455909,-0.67699814,1.8260951,-0.014980185,0.0917616,-0.55415785,0.2861936,0.0034727554,0.84035146,-0.058846485,0.016909854,-0.8171195,3.2585287,0.008644598
S2,1,0,-8.601372e-05,0.18380883,-0.45708457,0.49241886,0.061030068,0.9495034,-0.16092491,0.14037502,-0.42920297,-0.87260604,0.0337857,-0.6268187,0.018671362,-0.6636612,-0.5897156,-0.6286338,0.07394558,-0.64030963,-0.61306715,0.009456277,-0.8797035,0.39325038,1.3817675,0.019563137,1.3422261,1.4187559,1.3804928,0.07652974,1.3613595,1.3900577,0.31069,-0.3737297,1.9096637,-0.016628528,0.07510039,-0.540144,0.26972222,0.0034727554,0.80986625,-0.058846485,0.0034727554,-0.069758676,4.381451,0.0059165778
S2,1,0,0.0027782158,0.8668577,-5.39756,4.57842,0.07737354,9.975981,-0.16698782,0.17022824,-0.64078933,11.642867,0.75144994,-0.65214854,0.018748572,-0.6870127,-0.60528225,-0.65198535,0.081730425,-0.6675551,-0.63641864,0.13558799,-0.8596015,0.42564932,1.4200323,0.030425781,1.3613595,1.476156,1.4187559,0.11479652,1.3900577,1.4570227,0.015122672,-1.1862097,2.0174177,-0.011675312,0.4652302,-2.3119888,3.585817,-0.058846485,5.897806,-0.058846485,0.0034727554,1.7937752,19.222876,0.21657544
S2,1,0,0.018166333,1.2935268,-5.39756,5.307155,0.0690041,10.704716,-0.29500073,0.299691,0.077022485,3.8577294,1.6735415,-0.66411614,0.02031143,-0.6947976,-0.60528225,-0.6675551,0.08951533,-0.67923087,-0.65198535,0.7398667,-0.064811945,0.4414628,1.4512829,0.014103423,1.4187559,1.476156,1.4570227,0.057400107,1.4378893,1.4570227,-0.9588567,0.628093,2.1064203,-0.0025267908,0.8194859,-4.0216084,4.423626,-0.058846485,8.445234,-0.12654528,0.13058911,0.3856797,6.4589386,0.6715635
S2,1,0,-0.0004410565,1.0270826,-4.628626,5.307155,0.053715043,9.9357815,-0.26379657,0.20482633,0.48256823,7.2766066,1.0548986,-0.6852299,0.024356483,-0.7142582,-0.63252777,-0.6947976,0.081730425,-0.7025824,-0.67339146,0.8013433,-0.67838717,0.47013316,1.4544716,0.011829014,1.4378893,1.476156,1.4570227,0.03826666,1.4378893,1.4570227,0.09277824,-0.4632249,2.1156275,-0.0058951867,0.69001096,-4.0216084,4.423626,-0.016707297,8.445234,-0.1605228,0.10225796,0.14327009,11.29884,0.47614995
S2,1,0,-0.018108392,0.37245092,-3.1922448,1.8576266,0.06907001,5.0498714,-0.18863635,0.16910791,-2.7391746,21.66078,0.1390476,-0.71484095,0.012476977,-0.7415006,-0.69090664,-0.7142582,0.050593972,-0.72593397,-0.7025824,-0.13568163,-1.0371504,0.5111531,1.4455426,0.0136192115,1.4187559,1.476156,1.4378893,0.057400107,1.4378893,1.4570227,0.90949047,0.23271418,2.0897794,-0.02323124,0.15611267,-0.8645884,1.325269,-0.048721075,2.1898575,-0.090966016,0.030333122,1.5267173,13.711283,0.024910856
S2,1,0,-0.0034396264,0.4393078,-1.531141,5.00915,0.060502857,6.540291,-0.20567179,0.16900906,4.899084,52.14743,0.19300318,-0.73410606,0.01387326,-0.76096123,-0.69090664,-0.7337158,0.07005459,-0.74539155,-0.72204,0.34910807,-0.016824484,0.5391041,1.4423537,0.009481257,1.4187559,1.4570227,1.4378893,0.038266778,1.4378893,1.4570227,0.4005684,-0.15857387,2.0804744,-0.037235007,0.3197739,-2.3668613,3.1770213,-0.08081132,5.5438824,-0.1605228,0.023622708,1.8231288,31.763222,0.103641815
S2,1,0,-0.0006892841,0.4507563,-1.531141,5.00915,0.05219932,6.540291,-0.21852252,0.16943744,4.5472026,46.71475,0.2031817,-0.7422143,0.009871076,-0.76096123,-0.69090664,-0.7415006,0.07005459,-0.74539155,-0.73760974,2.5840147,11.341209,0.55097944,1.4602115,0.018539507,1.4378893,1.4952894,1.4570227,0.057400107,1.4378893,1.476156,0.32163143,-0.9417634,2.1325617,-0.07146821,0.3175634,-2.3668613,3.1770213,-0.14692138,5.5438824,-0.14692138,0.023622708,2.162271,33.598633,0.10595424
S2,1,0,0.0007147536,0.2517444,-0.5050606,0.8242969,0.058064517,1.3293575,-0.21582055,0.17599459,-0.13229908,-0.8492472,0.06337574,-0.74649537,0.006358931,-0.7570673,-0.7337158,-0.74539155,0.02335155,-0.7531764,-0.7415006,-0.043760557,-1.002124,0.5572957,1.471054,0.013008193,1.4570227,1.4952894,1.476156,0.038266778,1.4570227,1.476156,0.38842854,-0.8409865,2.1641688,-0.11174898,0.07215626,-0.4008295,0.17712355,-0.14692138,0.57795304,-0.14692138,-0.14692138,1.4965782,1.016789,0.017694362
S2,1,0,-0.0033775687,0.27262676,-0.93289065,0.8054492,0.049167864,1.7383399,-0.23773268,0.18097012,-0.16006327,-0.6111393,0.07433676,-0.7589171,0.012878225,-0.80377036,-0.7415006,-0.7570673,0.062269747,-0.76096123,-0.7531764,-2.1932287,5.021554,0.57612103,1.4602116,0.014889078,1.4378893,1.4952894,1.4570227,0.057400107,1.4570227,1.476156,0.12574323,-0.56711864,2.1324396,-0.083342835,0.21503647,-1.6216303,2.4393067,-0.14692138,4.060937,-0.14692138,-0.043661214,1.7381941,33.704308,0.05318672
S2,1,0,0.0020889968,0.4922709,-4.140694,2.9703012,0.020632679,7.1109953,-0.248178,0.2147774,-0.6801262,14.85965,0.24233499,-0.78256047,0.019574882,-0.81544614,-0.7531764,-0.79209465,0.062269747,-0.7998795,-0.76096123,0.15920669,-1.6859194,0.6127842,1.450645,0.013378138,1.4378893,1.476156,1.4570227,0.03826666,1.4378893,1.4570227,0.5633919,-0.8305919,2.10455,-0.03119759,0.4320857,-3.0238864,2.7048242,-0.043661214,5.7287107,-0.09138414,0.07721084,-0.22401617,12.803406,0.18767132
S2,1,0,0.0056059184,0.65265864,-4.140694,2.9703012,0.022082504,7.1109953,-0.28979456,0.26940942,-0.30179936,6.432501,0.42599475,-0.80545795,0.009423063,-0.823231,-0.78431284,-0.80766433,0.038918138,-0.81155527,-0.7959885,0.025974842,-0.6764636,0.6488514,1.450645,0.012432576,1.4378893,1.476156,1.4570227,0.03826666,1.4378893,1.4570227,0.45897105,-0.71469355,2.1045253,-0.0072764815,0.51068103,-3.1809235,3.8887286,-0.01165964,7.069652,-0.089269094,0.07721084,0.030813953,12.551712,0.26084808
S2,1,0,-0.0007985036,0.6147633,-2.4604788,2.827164,0.0454774,5.2876425,-0.3124316,0.30858767,0.03942182,3.3843098,0.37793458,-0.8199877,0.010507297,-0.8426917,-0.7959885,-0.8193401,0.04670322,-0.82809544,-0.81155527,0.029495751,-0.8601246,0.6724904,1.4493693,0.013619213,1.4187559,1.476156,1.4570227,0.057400107,1.4378893,1.4570227,0.19964094,-0.39057493,2.100857,-0.003858251,0.37432665,-3.1809235,3.8887286,0.0017921012,7.069652,-0.089269094,0.07721084,0.7555083,26.968836,0.14013532
S2,1,0,-0.008275602,0.47634324,-1.7215953,2.1500957,0.0569442,3.871691,-0.22995634,0.217051,-0.2631858,3.1975036,0.22697137,-0.8341283,0.009038466,-0.85436743,-0.80766433,-0.8349068,0.0467031,-0.83879775,-0.8300424,0.55130714,0.2834196,0.69585204,1.4337438,0.017410763,1.3900577,1.476156,1.4378893,0.08609831,1.4187559,1.4378893,0.12511696,0.23024487,2.0559247,-0.0004326602,0.21466677,-1.4396796,1.0938317,0.0017921012,2.5335112,-0.016707297,0.0017921012,-0.4969108,7.6756,0.04608201
S2,1,0,-0.006733859,0.410269,-2.4034085,2.2030802,0.07829616,4.6064887,-0.21816003,0.20548534,-0.65155953,6.5345573,0.168366,-0.84758794,0.0086223995,-0.8660432,-0.8310159,-0.85047346,0.035027325,-0.85436743,-0.83879775,0.042547077,-1.020807,0.7184798,1.4260902,0.012518044,1.3900577,1.4570227,1.4187559,0.066964984,1.4187559,1.4378893,-0.098966494,0.88725924,2.0338907,-0.0001446473,0.21669926,-1.4396796,1.438125,0.0017921012,2.8778048,-0.070669636,0.043743376,-0.23622479,10.653475,0.046958584
S2,1,0,0.0074888384,0.46382573,-2.4034085,2.690485,0.0627435,5.0938935,-0.23041764,0.21939048,0.27240124,8.729526,0.21519041,-0.860626,0.008183828,-0.88160986,-0.8426917,-0.85825837,0.038918138,-0.8660432,-0.85436743,-0.28646073,-0.6034064,0.74074405,1.435976,0.014275445,1.4187559,1.4570227,1.4378893,0.038266778,1.4187559,1.4378893,0.16370665,-1.1916586,2.0622308,-0.00060953014,0.17464355,-1.3815067,1.438125,0.010192932,2.8196316,-0.07193704,0.043743376,-0.11885972,16.457138,0.030500738
S2,1,0,0.0037985132,0.37373206,-2.1073806,2.690485,0.0396781,4.797866,-0.19002026,0.16920677,0.6802434,15.058336,0.13969012,-0.87304765,0.008869192,-0.8893947,-0.85047346,-0.873825,0.038921237,-0.88160986,-0.8660432,0.21769364,-0.47401142,0.76229095,1.4468182,0.013738175,1.4187559,1.476156,1.4570227,0.057400107,1.4378893,1.4570227,-0.4234279,-0.34823394,2.0934718,-0.0026984469,0.11008008,-0.7288483,0.498545,0.043743376,1.2273933,-0.03860298,0.043743376,-0.74690455,4.3239636,0.012124907
S2,1,0,-0.000557138,0.21296704,-0.6276367,0.48543334,0.043961674,1.11307,-0.16309965,0.16386878,-0.39800584,-0.5893941,0.04535527,-0.8847883,0.007158447,-0.89717656,-0.8660432,-0.88550085,0.031133354,-0.8893947,-0.8777189,0.32412884,-0.51393723,0.7829015,1.4563849,0.013514266,1.4378893,1.476156,1.4570227,0.03826666,1.4378893,1.4570227,0.04708609,-0.9955604,2.12124,-0.0010233395,0.101665065,-0.3800597,0.36661446,0.015230827,0.7466742,-0.073205054,0.07721084,-0.36285186,0.4313681,0.010336833
S2,1,0,0.0026873248,0.20315713,-0.6276367,0.48543334,0.038953193,1.11307,-0.15097386,0.15368706,-0.3574662,-0.36744022,0.041280035,-0.8950045,0.006718376,-0.90885234,-0.88160986,-0.8932857,0.027242482,-0.90107054,-0.8893947,-0.27343634,-0.7068472,0.80107814,1.4640384,0.013514276,1.4378893,1.4952894,1.4570227,0.057400107,1.4570227,1.476156,-0.08915905,-0.352695,2.1435907,0.007522832,0.07725728,-0.3662313,0.34204566,0.015230827,0.708277,0.0017921012,0.015230827,-0.72766185,2.4270563,0.0060252817
S2,1,0,0.00074200577,0.37121573,-3.0351365,2.3914256,0.034010604,5.4265623,-0.14609717,0.14630613,-0.9195567,22.783703,0.13780165,-0.892799,0.019319985,-0.9127463,-0.8465826,-0.90107054,0.06616372,-0.9049614,-0.8932857,1.3674836,0.35526848,0.7974633,1.471054,0.014765652,1.4570227,1.5144228,1.476156,0.057400107,1.4570227,1.476156,0.93281937,0.5660157,2.1642175,-0.016200285,0.30878147,-1.8725498,5.3280325,0.015230827,7.2005825,-0.03186247,0.015230827,8.162752,157.65305,0.09560845
S2,1,0,0.00053489796,0.37102726,-3.0351365,2.3914256,0.036317147,5.4265623,-0.14303276,0.1481843,-0.92968935,22.835781,0.1376615,-0.8656853,0.026714517,-0.9127463,-0.83879775,-0.85047346,0.07394856,-0.9020432,-0.8465826,-0.7692094,-1.2355667,0.750125,1.4818962,0.01649619,1.4570227,1.5144228,1.476156,0.057400107,1.476156,1.4952894,0.00622196,-0.79378915,2.1962883,-0.059892226,0.31454086,-1.8725498,5.3280325,-0.077429675,7.2005825,-0.11806392,0.015230827,8.107885,150.61768,0.10252302
S2,1,0,0.00016845974,0.23000197,-1.0358282,1.147476,0.033615198,2.1833043,-0.15644364,0.15401655,-0.0002569038,2.628614,0.052900933,-0.8448962,0.0038503734,-0.85436743,-0.8349068,-0.8426917,0.019460618,-0.8465826,-0.8426917,-0.22747028,-0.27438092,0.7138645,1.4774318,0.018440535,1.4378893,1.5144228,1.476156,0.07653344,1.4570227,1.4952894,-0.3568038,-0.45753813,2.183144,-0.084539995,0.08612187,-0.39217162,0.24167822,-0.09773175,0.63384986,-0.09773175,-0.0520954,0.17461227,0.7821486,0.014563988
S2,1,0,-0.0030139466,0.2699114,-1.0358282,1.147476,0.055033065,2.1833043,-0.21170174,0.19955425,-0.19952023,0.67042375,0.07286126,-0.84291774,0.00402898,-0.85436743,-0.8310159,-0.8426917,0.02335155,-0.8465826,-0.83879775,-0.19861606,0.39724112,0.71052665,1.4455429,0.026303776,1.3900577,1.4952894,1.4378893,0.10523176,1.4187559,1.476156,-0.23359257,-0.6012826,2.090286,-0.097298816,0.06940834,-0.39217162,0.24167822,-0.111282736,0.63384986,-0.111282736,-0.09773175,0.7020304,3.9860992,0.014284579
S2,1,0,-0.0015041921,0.28447682,-0.79120326,0.4800294,0.09042197,1.2712326,-0.23746908,0.23425119,-0.5874284,-0.82754207,0.08092933,-0.84058255,0.0037567564,-0.85047346,-0.8310159,-0.84074473,0.019457579,-0.8426917,-0.83879775,-0.14570606,-0.025274038,0.70659333,1.4040884,0.026456842,1.3613595,1.4570227,1.3900577,0.09566319,1.3804928,1.4187559,0.14453746,-1.1040673,1.9721644,-0.098498106,0.07594649,-0.26297843,0.1837583,-0.111282736,0.44673675,-0.111282736,-0.07235924,0.78486294,2.2490535,0.015469749
S2,1,0,0.0026159326,0.30099455,-0.79120326,0.4800294,0.10024124,1.2712326,-0.25061634,0.26018327,-0.5655805,-0.94181776,0.09060456,-0.83870125,0.0032355767,-0.8465826,-0.8310159,-0.83879775,0.015566707,-0.8426917,-0.8349068,-0.13436161,-0.49436307,0.7034303,1.3594457,0.028206194,1.3039594,1.4187559,1.3613595,0.11479652,1.3422261,1.3804928,-0.084958315,-0.9450426,1.8488882,-0.08142881,0.08190846,-0.26297843,0.1837583,-0.07235924,0.44673675,-0.11806392,-0.07235924,0.52552456,0.7457738,0.013339649
S2,1,0,0.002062638,0.2896464,-0.66019183,0.4480015,0.095100954,1.1081934,-0.25193438,0.24637699,-0.50888085,-1.0779203,0.08389929,-0.838701,0.003350444,-0.85047346,-0.8310159,-0.83879775,0.019457579,-0.83879775,-0.8349068,-0.44046238,0.7631829,0.70343095,1.3173525,0.023769565,1.284826,1.3613595,1.3230927,0.07653344,1.3039594,1.3422261,0.26915628,-0.8961754,1.735983,-0.075424656,0.08352893,-0.26297843,0.07721084,-0.07235924,0.34018928,-0.11806392,-0.07235924,0.313338,-0.04278326,0.012665961
S2,1,0,0.0026299378,0.40084273,-2.2575033,1.3367441,0.08475447,3.5942473,-0.27272618,0.27599955,-1.0159458,4.174413,0.16068181,-0.846323,0.014783682,-0.88550085,-0.8310159,-0.84074473,0.054484963,-0.8426917,-0.83879775,-1.6615616,1.1558623,0.7164813,1.2784486,0.027095627,1.217861,1.3230927,1.284826,0.10523164,1.2656926,1.3039594,-0.4896217,-0.5696759,1.6351649,-0.07150065,0.20269664,-1.9214253,1.6523377,-0.07235924,3.573763,-0.11806392,-0.022177964,0.7717788,25.735107,0.046198267
S2,1,0,-0.00020731191,0.3779129,-2.2575033,1.3367441,0.053912748,3.5942473,-0.23341617,0.23751329,-1.1103369,5.831462,0.1428182,-0.8667558,0.018873246,-0.8893947,-0.8349068,-0.8777189,0.054487884,-0.88160986,-0.8426917,0.622232,-1.4183967,0.7516218,1.2369941,0.026487848,1.2082962,1.284826,1.2274277,0.07652986,1.217861,1.2656926,0.65952826,-1.0321131,1.530856,-0.061239615,0.20027111,-1.9214253,1.6523377,-0.058846485,3.573763,-0.13163605,-0.008295078,0.6350894,26.995327,0.043858815
S2,1,0,-0.00248303,0.21542574,-0.47672307,0.38724062,0.050617687,0.8639637,-0.19690694,0.15227018,-0.23814215,-1.0707718,0.046414424,-0.8831666,0.005059549,-0.8932857,-0.8699341,-0.88160986,0.02335161,-0.88550085,-0.88160986,0.383137,-0.041421175,0.780009,1.216586,0.008091881,1.2082962,1.2369944,1.217861,0.028698206,1.2082962,1.217861,1.2480916,1.413619,1.4801471,-0.061290443,0.11003821,-0.9655456,0.7539784,-0.058846485,1.7195239,-0.13163605,-0.008295078,-0.68942565,12.9468775,0.015864927
S2,1,0,-0.008534058,0.5412033,-2.9693673,2.7980356,0.05252882,5.7674026,-0.23938021,0.2036401,-0.46181056,6.554249,0.2929739,-0.8806369,0.018828249,-0.90885234,-0.7959885,-0.88550085,0.11286384,-0.8893947,-0.88160986,1.9724702,4.024726,0.77587575,1.2255148,0.015305948,1.2082962,1.2656926,1.217861,0.057396412,1.217861,1.2369944,1.0117136,0.61608934,1.5021205,-0.045481585,0.5479862,-3.4661524,3.5937877,-0.008295078,7.0599403,-0.1605228,0.0034727554,0.6898213,13.969198,0.3023574
S2,1,0,-0.0008940587,0.8569381,-3.4446464,5.8537393,0.039150894,9.298386,-0.33790237,0.33672744,0.67617613,5.9893074,0.7343438,-0.87110156,0.027936988,-0.9127463,-0.7959885,-0.8777189,0.11675781,-0.8932857,-0.85825837,1.0838995,0.24634218,0.7595985,1.2478358,0.020773398,1.2082962,1.284826,1.2513435,0.07652986,1.2369944,1.2656926,-0.2885993,-1.2278298,1.5575256,-0.022584725,0.8738428,-5.7737646,5.2628007,0.0034727554,11.036566,-0.18521078,0.15678445,-0.09251638,8.581576,0.7641112
S2,1,0,0.0069126855,0.69889164,-3.4446464,5.8537393,0.020896284,9.298386,-0.21710561,0.205716,1.438472,13.840008,0.48849735,-0.8789179,0.024495391,-0.9127463,-0.7959885,-0.88550085,0.11675781,-0.8932857,-0.8777189,2.0042915,3.2015371,0.7730967,1.2564453,0.016473787,1.217861,1.284826,1.2656926,0.066964984,1.2369944,1.2656926,-0.95227945,-0.18049431,1.5789263,-0.004539001,0.6908926,-5.7737646,5.2628007,0.042067602,11.036566,-0.15202029,0.042067602,-0.5529804,20.029726,0.47735316
S2,1,0,0.001927884,0.26953435,-0.9007309,0.8241651,0.012922246,1.724896,-0.17249057,0.18205748,-0.2726146,0.5954766,0.07265248,-0.8919882,0.006381975,-0.90885234,-0.88160986,-0.8932857,0.027242482,-0.89717656,-0.88550085,-0.08902351,-0.85356545,0.79568374,1.2440094,0.018139362,1.2082962,1.2656926,1.2369944,0.057396412,1.2369944,1.2656926,-0.0544853,-1.164326,1.5478882,0.008115232,0.2905758,-1.8979393,1.566717,0.042067602,3.4646564,-0.114673324,0.057140615,-0.6540836,12.39421,0.084500164
S2,1,0,0.0018509306,0.26552,-0.858027,0.8241651,0.03770107,1.6821921,-0.19084401,0.18522075,-0.31117362,0.086322784,0.0705043,-0.8907559,0.0062282025,-0.90885234,-0.88160986,-0.8893947,0.027242482,-0.89717656,-0.88550085,-0.5046153,-0.4701798,0.79348487,1.224558,0.01817577,1.1891629,1.2656926,1.217861,0.07652974,1.2082962,1.2369944,0.81296253,0.31746268,1.4998726,0.0033043618,0.29202583,-1.8979393,1.566717,0.023622708,3.4646564,-0.08419377,0.10892933,-0.5833082,12.038403,0.08528999
S2,1,0,-0.00055459887,0.20520857,-0.54354686,0.3677339,0.060107455,0.91128075,-0.17881708,0.1588603,-0.4365227,-1.0025371,0.04211086,-0.89163154,0.0050908807,-0.90107054,-0.88160986,-0.8893947,0.019460678,-0.89717656,-0.8893947,-0.10412443,-0.94972205,0.7950327,1.2006423,0.01608366,1.1700294,1.217861,1.2082962,0.047831655,1.1891629,1.217861,-0.6532231,-0.81348443,1.4418008,-0.0031797993,0.10222889,-0.24755971,0.30264384,0.023622708,0.55020356,-0.08419377,0.10892933,0.030326176,-1.0854379,0.010460855
S2,1,0,-0.00097053126,0.19935408,-0.4308559,0.35033602,0.051606208,0.78119195,-0.17651054,0.15319279,-0.35598716,-1.0661662,0.039743,-0.8978263,0.0048019784,-0.90885234,-0.88550085,-0.89717656,0.02335149,-0.90107054,-0.89717656,0.58510214,0.11907363,0.8061151,1.1802341,0.015412645,1.1508961,1.2082962,1.1700294,0.057400107,1.1700294,1.1891629,0.27432212,-0.5322995,1.3931897,-0.0052493415,0.1060143,-0.40429494,0.2680741,-0.058846485,0.672369,-0.08419377,0.10892933,0.0037672054,-0.98938584,0.011266587
S2,1,0,-0.002402988,0.19405074,-0.4308559,0.35033602,0.045279697,0.78119195,-0.17298482,0.14904103,-0.33540404,-1.0575544,0.03766146,-0.90460485,0.005340964,-0.9166372,-0.8893947,-0.9049614,0.027242482,-0.90885234,-0.90107054,-0.2038915,-0.23944187,0.8183384,1.1738563,0.012497882,1.1508961,1.2082962,1.1700294,0.057400107,1.1700294,1.1891629,0.48795068,0.59175944,1.3780944,0.006615737,0.30042854,-1.9135915,3.493892,-0.02259894,5.4074836,-0.058846485,0.06216061,5.4365234,62.25592,0.09030106
S2,1,0,0.008967568,0.82070434,-2.7760134,4.315475,0.054505855,7.0914884,-0.25717354,0.24074244,0.5994649,5.568116,0.67363614,-0.9089832,0.023215722,-0.9594494,-0.85825837,-0.90885234,0.101191044,-0.9127463,-0.8893947,-0.49997953,-0.04327464,0.82678914,1.1824661,0.015055381,1.1508961,1.217861,1.1891629,0.066964984,1.1700294,1.1891629,0.4217326,-0.25334644,1.3984528,-0.010481605,0.56817263,-4.3378267,3.493892,-0.04028933,7.8317184,-0.09265318,0.059650615,0.13309097,15.012669,0.32293
S2,1,0,0.000234435,1.0606735,-5.332054,4.315475,0.045675106,9.64753,-0.39461032,0.41996053,-0.19060342,3.5668716,1.1250283,-0.9095669,0.03350598,-0.9633403,-0.85825837,-0.8893947,0.105081916,-0.94777364,-0.88160986,-0.45944986,-1.4820733,0.8284346,1.2079762,0.028106332,1.1700294,1.2656926,1.2082962,0.09566319,1.1891629,1.217861,0.781855,-0.08489537,1.459997,-0.01368384,0.9385634,-6.283162,10.282199,-0.058846485,16.565361,-0.15244533,0.07721084,2.2382052,28.422304,0.8810883
S2,1,0,-0.010897916,0.71436846,-5.332054,3.4193513,0.054835364,8.751406,-0.2798764,0.24436702,-1.5575478,13.876062,0.51044106,-0.8926694,0.029788792,-0.9633403,-0.8699341,-0.88160986,0.0934062,-0.88550085,-0.873825,-1.5737671,0.7913959,0.7977459,1.252938,0.03166364,1.1891629,1.284826,1.2656926,0.09566319,1.217861,1.284826,-0.51679397,-1.3206601,1.5708562,-0.04987306,0.80519086,-6.283162,10.282199,-0.058846485,16.565361,-0.1860629,-0.058846485,3.9177468,52.528515,0.65081954
S2,1,0,0.003046007,0.3103662,-0.76247036,0.46553117,0.10788577,1.2280016,-0.25061634,0.26413733,-0.59647936,-0.9242163,0.09633646,-0.8576419,0.028426966,-0.88550085,-0.7959885,-0.873825,0.08951235,-0.8747985,-0.8417182,1.1503453,-0.3778808,0.73635775,1.2656932,0.019132663,1.2369944,1.284826,1.2656926,0.047831655,1.2369944,1.284826,-0.4999701,-1.2500199,1.602345,-0.10821177,0.066400036,-0.1860629,0.1488892,-0.14352347,0.33495212,-0.1860629,-0.058846485,0.1610219,-1.4235638,0.016118754
S2,1,0,0.0033129056,0.3572128,-0.92392814,0.5181203,0.13899112,1.4420484,-0.29826286,0.30591863,-0.60889924,-0.9441867,0.127612,-0.8247229,0.026720228,-0.88160986,-0.79209465,-0.81155527,0.08951521,-0.8397713,-0.80766433,-1.0012386,-0.6081629,0.68088186,1.2353998,0.022514064,1.2082962,1.284826,1.2369944,0.07652986,1.217861,1.2369944,0.7370154,-0.5146735,1.5267195,-0.08841704,0.067344695,-0.1860629,0.1488892,-0.058846485,0.33495212,-0.14352347,-0.016707297,-0.0658659,-1.5765686,0.01235288
S2,1,0,0.00041160808,0.44756052,-1.0831453,1.2638574,0.1388593,2.3470025,-0.36864525,0.35498205,-0.3868003,-0.74273396,0.2003106,-0.81512284,0.007613094,-0.8310159,-0.79209465,-0.81544614,0.038921237,-0.8193401,-0.81155527,0.38421723,-0.04833293,0.66448337,1.2063822,0.018049726,1.1700294,1.2369944,1.2082962,0.066964984,1.1891629,1.217861,-0.4252488,-0.3124845,1.4556836,-0.072944574,0.07005225,-0.54890114,0.14223655,-0.0520954,0.6911377,-0.14352347,-0.016707297,-0.45250538,1.7799745,0.010228231
S2,1,0,-0.00639172,0.72943807,-4.033934,3.081806,0.11322376,7.11574,-0.42555088,0.46256563,-1.1157937,6.3108053,0.5321207,-0.8197933,0.00548535,-0.8465826,-0.80766433,-0.8193401,0.038918257,-0.823231,-0.81544614,-0.9178969,3.8774242,0.67209125,1.1722617,0.02747066,1.1317627,1.2369944,1.1700294,0.10523164,1.1508961,1.1891629,0.30611295,-0.72268105,1.3749521,-0.057562087,0.60263187,-3.475196,6.2887726,-0.0520954,9.763968,-0.15712082,-0.016707297,3.9799938,44.05885,0.36647853
S2,1,0,0.01030186,1.7571609,-6.6818414,6.1181345,0.115003094,12.799976,-0.6795009,0.7264996,-0.16525939,1.9485574,3.0877202,-0.8472964,0.04725107,-0.95555544,-0.7492855,-0.823231,0.20626992,-0.88160986,-0.8193401,-0.6825458,-0.43398643,0.72014374,1.1269794,0.027588869,1.0647978,1.1700294,1.1317627,0.10523164,1.093496,1.1508961,-0.26264393,-0.88013005,1.2708437,0.02294314,1.4517556,-6.696726,7.338412,-0.048721075,14.035137,-0.3662313,0.32728258,0.5937912,4.63085,2.1081207
S2,1,0,0.028393166,2.4449239,-8.807548,6.1181345,0.22268555,14.925682,-1.1781417,1.4943795,-0.4453665,0.6606147,5.978459,-0.83215016,0.05929786,-0.95555544,-0.7181491,-0.8096098,0.23740631,-0.88160986,-0.78431284,-0.51290494,-0.95555425,0.69599015,1.0976417,0.016511211,1.0647978,1.1317627,1.093496,0.066964984,1.093496,1.1126293,0.21006045,0.5051415,1.2050898,0.029961932,1.4015256,-6.696726,7.338412,-0.014183469,14.035137,-0.54890114,0.533761,0.3606075,4.382982,1.9651718
S2,1,0,-0.0097123785,2.1069734,-8.807548,5.9494276,0.09029017,14.756975,-0.9369436,1.0974901,-0.61153495,1.9360147,4.4394307,-0.6766337,0.34249786,-0.8310159,2.3876002,-0.7804188,3.218616,-0.7959885,-0.7522037,6.490775,51.893814,0.575138,1.0934962,0.0135288015,1.0647978,1.1126293,1.093496,0.047831535,1.093496,1.093496,-0.70700103,0.49990034,1.1959169,0.22280818,2.3587258,-7.151246,26.072777,-0.06391204,33.224022,-0.43248028,0.36252263,4.350362,34.34577,5.61323
S2,2,1,-0.009530801,2.3736267,-8.685762,7.1895547,-0.08599535,15.875317,-1.3768995,1.1140971,0.15336162,0.8359957,5.6341944,1.1549011,0.13389423,0.9631591,1.7532178,1.1129987,0.79005873,1.0838077,1.1820805,2.728888,8.597099,1.351724,-0.2981049,0.013008185,-0.32234052,-0.2649404,-0.30320716,0.057400107,-0.30320716,-0.2840738,0.24797109,0.032731295,0.08903575,0.23709653,2.1558018,-6.696726,23.645996,0.18458642,30.342722,-0.54977727,0.71571547,5.1029725,45.10683,4.7036963
S2,2,1,0.008305262,2.0018086,-8.75799,5.932688,0.0569442,14.690678,-0.8103146,0.94473124,-0.5285732,2.3418074,4.007306,1.0641869,0.035921823,0.99040157,1.1460775,1.0682411,0.15567595,1.0361319,1.0915926,-0.2539178,-0.7773373,1.1337842,-0.29364046,0.013752972,-0.32234052,-0.2649404,-0.2936405,0.057400107,-0.30320716,-0.2840738,-1.3052908e-06,-0.26846766,0.08641386,-0.044797827,0.66998464,-3.4978416,2.5810838,0.0026324284,6.078925,-0.4446406,0.36825117,-0.41179946,1.5345592,0.4508863
S2,2,1,0.008299566,1.681238,-10.054925,4.643399,0.12067059,14.698324,-0.46980345,0.7873593,-1.6203263,6.7745543,2.8266304,0.9974081,0.060321856,0.861968,1.1032684,1.0176471,0.2413004,0.9544015,1.0380781,-0.41579834,-0.82688785,0.9984616,-0.3025694,0.015213398,-0.3414739,-0.2649404,-0.30320716,0.0765335,-0.30320716,-0.30320716,-0.05952941,0.5854168,0.09177968,-0.078617185,0.48916373,-1.6886629,1.6673089,-0.049564656,3.3559718,-0.3636408,0.2565324,-0.23186082,0.5674863,0.2454618
S2,2,1,0.00091397465,1.250029,-10.054925,3.0771928,0.105513334,13.132118,-0.41701669,0.68709075,-2.4337325,13.6821575,1.5625732,0.8821746,0.08861489,0.71407706,1.0409986,0.8833741,0.32692152,0.811374,0.95245606,0.038083147,-0.9706383,0.7860848,-0.32202142,0.020589562,-0.3701721,-0.30320716,-0.32234052,0.066964954,-0.32234052,-0.30320716,-1.0862318,0.3761487,0.10412175,-0.104494214,0.3879706,-1.6560569,1.2069187,-0.07912009,2.8629756,-0.30418295,0.123928316,-0.5361479,1.2114272,0.16144022
S2,2,1,-0.003925852,0.97942317,-4.5408454,3.0771928,0.06762018,7.618038,-0.39210606,0.47409832,-1.0780603,3.8487082,0.9592851,0.7604546,0.07162373,0.612886,0.9086712,0.7549407,0.2957852,0.72867095,0.811374,-0.1078643,-0.43731093,0.5834212,-0.34912625,0.024749406,-0.39887035,-0.30320716,-0.3414739,0.09566319,-0.3701721,-0.32234052,0.14880334,-1.056599,0.122501686,-0.116947144,0.36798662,-2.0257285,1.539576,-0.09857817,3.5653045,-0.30418295,0.09558334,-0.23110919,2.7900472,0.1490908
S2,2,1,-0.0062700124,1.1945155,-9.638298,4.041326,0.056351088,13.679625,-0.32511756,0.4037818,-2.0997722,13.815308,1.4269067,0.6903352,0.068637304,0.5934253,0.8386165,0.67904806,0.24519122,0.6274799,0.7422921,0.31433457,-1.0734599,0.48127377,-0.3832458,0.022969918,-0.41800374,-0.3414739,-0.379737,0.07652983,-0.39887035,-0.3701721,0.29066578,-0.7397673,0.14740495,-0.11297463,0.4142202,-2.1449604,3.1470478,-0.11636862,5.2920084,-0.2891457,0.073868245,0.2743117,7.2022457,0.18434165
S2,2,1,-0.0038255607,1.290119,-9.638298,4.041326,-0.0366354,13.679625,-0.42742908,0.5415152,-1.538294,9.649706,1.6644217,0.65855116,0.060183812,0.5934253,0.8386165,0.6401283,0.24519122,0.61677676,0.6722375,1.489584,1.5042486,0.43731174,-0.41226372,0.015739067,-0.4371371,-0.379737,-0.41800374,0.057400107,-0.41800374,-0.39887035,0.11497993,-0.56186986,0.1702091,-0.11410851,0.40748495,-2.500083,3.1470478,-0.10450561,5.647131,-0.26297843,0.06216061,0.344098,12.3752165,0.17906474
S2,2,1,-0.007349142,0.97172004,-3.1693113,3.6741252,-0.095353305,6.8434362,-0.5274011,0.5322231,0.16433975,1.4425831,0.94429386,0.6398699,0.042147677,0.5700738,0.7452103,0.6323465,0.1751365,0.6080223,0.66348,0.7282617,-0.11100006,0.41121,-0.44096375,0.021759385,-0.4945372,-0.39887035,-0.4371371,0.095666856,-0.45627046,-0.41800374,-0.28283527,-0.43617535,0.19492252,-0.075455025,0.686246,-3.5410082,3.5778434,-0.050408237,7.1188517,-0.34551597,0.22350056,-0.051754653,6.2167053,0.47662702
S2,2,1,0.0009856343,0.7500909,-3.1693113,3.6741252,0.01713992,6.8434362,-0.2799753,0.23033005,0.10472757,4.359928,0.5626374,0.6601402,0.05133363,0.5700738,0.7802377,0.66348,0.21016389,0.612886,0.6907253,0.26969233,-0.5178182,0.43842036,-0.47380936,0.020079765,-0.52323544,-0.4371371,-0.47540385,0.08609834,-0.4945372,-0.45627046,-0.1990167,-0.49994302,0.2248985,-0.086521246,0.64185613,-3.5410082,3.5778434,-0.050408237,7.1188517,-0.28184798,0.123928316,0.016834391,7.8401136,0.4194652
S2,2,1,-0.006016292,0.7593481,-6.1231318,3.94432,0.02959523,10.0674515,-0.18682405,0.19223922,-1.8574747,17.20161,0.5766457,0.6579025,0.044359498,0.58175254,0.7802377,0.64791316,0.19848514,0.62845266,0.6790497,0.77947646,0.46509314,0.4348034,-0.49708766,0.019594623,-0.5328003,-0.47540385,-0.4945372,0.05739647,-0.52323544,-0.47540385,-0.3829411,-1.2866074,0.24748017,-0.12296638,0.27820832,-1.2215631,1.9107728,-0.14352347,3.132336,-0.24242419,0.0017921012,1.1127743,9.002315,0.0925206
S2,2,1,-0.0066446154,0.9773141,-6.1231318,3.94432,0.006991145,10.0674515,-0.42331022,0.3960055,-0.59374833,5.5259132,0.95518696,0.6146699,0.02464466,0.55840105,0.6907253,0.612886,0.13232428,0.5973192,0.62845266,0.408712,0.22691774,0.3784265,-0.511118,0.0248148,-0.55193365,-0.47540385,-0.52323544,0.0765298,-0.52323544,-0.4945372,0.18705694,-1.1526854,0.26185742,-0.1181703,0.49926865,-2.9742136,2.727221,-0.15372047,5.7014346,-0.25269765,0.024461612,0.31644893,8.134107,0.2632334
S2,2,1,0.004323255,1.2605369,-4.266697,4.718658,-0.090278916,8.985355,-0.7882707,0.61730146,0.47276208,1.0720458,1.588972,0.56936187,0.04056409,0.4688858,0.62845266,0.5778586,0.15956685,0.5350495,0.608995,-0.4078019,-0.9835763,0.3258184,-0.5407734,0.031831823,-0.5902004,-0.47540385,-0.55193365,0.11479658,-0.57106704,-0.52323544,0.7063687,-0.46561027,0.2934492,-0.00049872795,1.1395551,-4.909874,7.9960423,-0.08419377,12.905916,-0.35026103,0.24828207,1.1996598,7.9239244,1.298586
S2,2,1,0.0067693503,1.210646,-4.4141836,4.718658,-0.015151633,9.132841,-0.47075906,0.43033996,0.2176044,2.30013,1.4657097,0.6290057,0.15151514,0.4688858,1.0059713,0.5447782,0.53708553,0.5194798,0.7763467,0.93350834,-0.6719966,0.4186049,-0.576807,0.017914668,-0.60933375,-0.5328003,-0.57106704,0.07653344,-0.5902004,-0.57106704,0.1413175,-0.10574651,0.3330273,-0.006287197,1.0746939,-4.909874,7.9960423,-0.12654528,12.905916,-0.32655615,0.16384426,1.4951143,10.41503,1.1550064
S2,2,1,0.01474936,1.1424966,-7.187303,4.080208,0.012329136,11.267511,-0.40643954,0.46576184,-0.7458653,5.6567717,1.305516,0.7855901,0.13868731,0.48834634,1.0059713,0.83083475,0.517625,0.7636983,0.8716991,-1.1413879,0.06518555,0.6363861,-0.597216,0.015213393,-0.62846714,-0.57106704,-0.5902004,0.057400107,-0.60933375,-0.5902004,-0.043609053,-0.48203683,0.35689837,-0.08594178,0.69593173,-3.6670313,6.438522,-0.12654528,10.105553,-0.33258587,0.09558334,1.62212,16.633736,0.49170694
S2,2,1,-0.00069319404,1.4288138,-7.187303,4.080208,7.152708e-05,11.267511,-0.65699565,0.69216514,-0.90536994,4.233952,2.0415092,0.8585636,0.05666403,0.7257527,0.9748349,0.85418624,0.24908221,0.815265,0.90575296,0.120283395,-0.8062539,0.7403422,-0.6310179,0.031625785,-0.6954321,-0.5902004,-0.62846714,0.1052317,-0.64760053,-0.60933375,-0.5342814,-0.75841045,0.39918372,-0.067482,0.78515786,-3.6670313,6.438522,-0.08419377,10.105553,-0.38049328,0.20488647,0.9166824,10.540831,0.62102675
S2,2,1,-0.013691577,1.389311,-6.9410963,4.1399145,-0.023125669,11.081011,-0.7376916,0.61908084,-0.46098897,3.2658005,1.9303724,0.9440238,0.09379532,0.764671,1.1110532,0.9651046,0.3463822,0.8697529,1.0176471,-0.3894987,-0.99316335,0.8999785,-0.6791688,0.030366965,-0.72413033,-0.62846714,-0.67629874,0.09566319,-0.70499694,-0.64760053,0.26249185,-1.0421934,0.46219242,-0.010300203,0.9023903,-5.2847877,3.9798794,-0.020073486,9.2646675,-0.39217162,0.32482016,-0.25111276,5.9400883,0.8144143
S2,2,1,-0.010602188,1.2760949,-6.458173,7.5831165,-0.0893563,14.041289,-0.57735413,0.48480725,0.4760272,4.696468,1.6285306,1.0411919,0.074936144,0.9281317,1.3367838,1.0176471,0.40865207,0.9981864,1.0458622,2.0491056,3.8484235,1.0896962,-0.7212607,0.026158104,-0.78153044,-0.67629874,-0.72413033,0.1052317,-0.7432637,-0.70499694,-0.12996888,-0.5114782,0.5209014,0.054491963,1.6288482,-11.755987,17.605593,-0.048721075,29.36158,-0.38697997,0.371523,2.7676682,38.60525,2.6561158
S2,2,1,0.0052284324,1.1774098,-8.565295,7.5831165,0.05180391,16.14841,-0.23760088,0.23227416,-0.74740475,16.54168,1.386321,1.0813113,0.07704887,0.98261976,1.3367838,1.0643501,0.354164,1.0244561,1.1168903,1.0096055,0.52765226,1.1751707,-0.75410587,0.019564325,-0.78153044,-0.70499694,-0.76239705,0.0765335,-0.76239705,-0.7432637,0.55441576,-0.26244402,0.5690585,-0.04249321,1.4509226,-11.755987,17.605593,-0.15372047,29.36158,-0.24242419,0.015230827,4.173394,63.003044,2.1069822
S2,2,1,0.014480607,1.2187654,-8.565295,6.167297,0.04607051,14.732592,-0.15924443,0.19975194,-2.2215762,17.88385,1.4855984,1.221096,0.17644934,1.0020773,1.6364601,1.1246744,0.6343827,1.0721319,1.3815391,0.69233614,-0.87623143,1.5222099,-0.77515256,0.014261181,-0.81979716,-0.76239705,-0.78153044,0.057400107,-0.78153044,-0.76239705,-1.1091038,1.2000146,0.601065,-0.10940881,0.5007889,-3.488777,4.7238445,-0.14352347,8.212622,-0.19970417,-0.0520954,2.0185952,27.57891,0.26275977
S2,2,1,-0.0024096458,0.9771999,-7.6436024,4.3800583,0.007781958,12.023661,-0.16161688,0.20462862,-2.61152,22.571865,0.9549253,1.4587624,0.18920982,1.0020773,1.834948,1.4788384,0.8328706,1.3737557,1.5955963,-0.7198108,0.2856524,2.163788,-0.8079976,0.031212747,-0.85806024,-0.76239705,-0.8006638,0.09566319,-0.8484954,-0.78153044,-0.28875658,-1.2512838,0.65383434,-0.12369167,0.45082065,-3.488777,4.7238445,-0.10450561,8.212622,-0.19970417,-0.10450561,2.8821914,42.053806,0.2185389
S2,2,1,-0.0022662417,0.4459087,-3.3278694,1.3233002,0.013054049,4.65117,-0.1489968,0.20785779,-1.6826094,9.216647,0.19883968,1.6443497,0.114764065,1.3445656,1.901112,1.6403539,0.55654633,1.5780813,1.7232141,-0.3771772,-0.10163069,2.7170568,-0.84721947,0.022330042,-0.8771936,-0.8006638,-0.8484954,0.0765298,-0.85806024,-0.8484954,0.7195022,-0.25140405,0.7182795,-0.14415212,0.22402208,-1.9077199,1.5108764,-0.13503154,3.4185963,-0.20653011,-0.10450561,-0.019233808,10.449131,0.07096573
S2,2,1,-0.0013765774,0.4191986,-3.3278694,1.1187431,0.011933729,4.4466124,-0.14398833,0.18495713,-2.0032222,11.9319105,0.17572936,1.7064334,0.108311065,1.5549392,2.025861,1.702833,0.47092187,1.6249939,1.753427,0.84128225,0.3051157,2.923646,-0.88006395,0.02383965,-0.93459374,-0.8484954,-0.8771936,0.08609831,-0.896327,-0.85806024,-0.380267,-0.7627349,0.77508086,-0.14607045,0.20765851,-1.157062,0.9657522,-0.15712082,2.1228142,-0.20653011,-0.0520954,0.14144173,5.472951,0.06445864
S2,2,1,-0.0015837565,0.4099443,-3.43028,1.2737426,-0.0017737045,4.7040224,-0.14524046,0.15401655,-1.8351027,14.6798115,0.16805683,1.7069843,0.13691285,1.5354815,2.025861,1.6736438,0.49037957,1.570509,1.8312666,0.44541162,-1.1203545,2.932541,-0.9180116,0.026016375,-0.97286046,-0.8771936,-0.91546035,0.095666826,-0.93459374,-0.896327,-0.23523101,-0.49773908,0.84342194,-0.15505569,0.11434472,-0.7555248,0.7555696,-0.15712082,1.5110943,-0.20653011,-0.10450561,0.5524435,6.0094566,0.037116982
S2,2,1,-0.0019965298,0.43906718,-3.43028,1.2758515,0.0022462644,4.7061315,-0.14329636,0.16907497,-1.7449766,11.89002,0.19278397,1.8578936,0.21063581,1.5354815,2.333325,1.8507245,0.79784346,1.744672,1.9655373,0.35473847,-0.30663872,3.496136,-0.9499003,0.0193868,-0.97286046,-0.91546035,-0.9537271,0.057400107,-0.97286046,-0.93459374,0.36143297,-0.99072933,0.9026868,-0.15603654,0.10942435,-1.1515491,0.2086118,-0.15712082,1.360161,-0.20653011,-0.10450561,-0.72215694,9.663939,0.036321092
S2,2,1,0.0012273391,0.43441707,-2.719734,1.9340719,0.023136921,4.6538057,-0.12724945,0.14488925,-1.3329552,10.794338,0.18871969,2.0235918,0.12863612,1.7845635,2.333325,2.0180793,0.54876137,1.9519153,2.0881336,0.4003621,-0.2437694,4.111471,-0.97764295,0.020628357,-1.0111235,-0.9537271,-0.97286046,0.057396412,-1.0015587,-0.9537271,-0.3190843,-1.3414556,0.9562113,-0.15321316,0.11238791,-1.1515491,0.2086118,-0.19970417,1.360161,-0.20653011,-0.10450561,-0.55176187,7.9299498,0.036105316
S2,2,1,0.0080798175,0.82007825,-4.5110583,2.9301014,0.04020531,7.4411597,-0.15588349,0.21863261,-1.1744604,5.7186937,0.6725937,2.0108783,0.12737209,1.8118058,2.3099735,2.0102944,0.49816763,1.9091033,2.0881336,0.40785983,-0.46785116,4.059855,-1.0009207,0.019121578,-1.0493903,-0.9537271,-1.0015587,0.09566319,-1.0111235,-1.0015587,0.20871367,0.7741349,1.0022078,-0.12877916,0.29944956,-2.3954203,1.6238512,-0.15712082,4.0192714,-0.21934488,-0.0049321423,0.050734565,13.819351,0.10625411
S2,2,1,0.0006594911,0.84481645,-4.5110583,2.9301014,0.005673123,7.4411597,-0.22550802,0.24921073,-0.84431654,5.012356,0.7137153,1.8905209,0.15217884,1.6872666,2.3099735,1.8604562,0.6227069,1.8118058,1.9139699,1.2467028,1.0749693,3.5972278,-1.0254741,0.024420941,-1.0685236,-0.97286046,-1.0206902,0.09566319,-1.0493903,-1.0015587,-0.16838555,-0.85886884,1.0521935,-0.12326106,0.3020293,-2.3954203,1.6238512,-0.13163605,4.0192714,-0.24242419,-0.04028933,-0.020050623,13.301313,0.106414996
S2,2,1,-0.0067517716,0.548473,-2.6552825,2.7490053,0.0067934413,5.404288,-0.22616702,0.22433305,0.017298158,4.826959,0.30086818,1.8295151,0.104160935,1.6872666,2.1581883,1.8390515,0.47092175,1.729103,1.8750517,0.9551076,1.277708,3.3579748,-1.061508,0.025423324,-1.1067904,-1.0111235,-1.0685236,0.095666885,-1.0876571,-1.0493903,0.5009625,-0.58308125,1.1274457,-0.1458557,0.13781404,-0.90235263,0.4074675,-0.15372047,1.3098202,-0.20653011,-0.0520954,-0.16136612,2.3408856,0.0402666
S2,2,1,-0.0013121163,0.5020396,-1.9936352,1.8412831,0.006925244,3.8349183,-0.22517851,0.26680633,-0.25064167,1.6254368,0.25204548,1.8719046,0.09894927,1.6872666,2.1581883,1.8565638,0.47092175,1.8264024,1.9129971,0.62928563,0.8018203,3.5138175,-1.122096,0.043741282,-1.1833203,-1.0685236,-1.1163571,0.11479664,-1.1546221,-1.0876571,-0.15012336,-1.6164587,1.2610128,-0.15473591,0.13317275,-0.90235263,0.4074675,-0.15372047,1.3098202,-0.20653011,-0.09773175,-0.0323198,2.354354,0.041678183
S2,2,1,0.0036369865,0.43068722,-1.9936352,1.8412831,0.021555293,3.8349183,-0.19348007,0.22832008,-0.18485942,2.873567,0.18550469,1.9267807,0.07161157,1.7923485,2.072564,1.922726,0.28021538,1.87797,1.9801314,0.20723009,-0.6941912,3.7176118,-1.1912934,0.034938924,-1.2598537,-1.1259238,-1.1833203,0.13392997,-1.221587,-1.1546221,-0.07203818,-0.67834353,1.4204005,-0.15626739,0.10947733,-0.58925885,0.25983027,-0.15372047,0.84908915,-0.20653011,-0.09773175,0.10904314,0.9215634,0.03640478
S2,2,1,-0.003272198,0.30934408,-1.2382765,1.325409,0.017930733,2.5636854,-0.100493595,0.11355326,-0.61897063,3.8139815,0.095704466,1.9494185,0.053291507,1.8624032,2.072564,1.9363488,0.21016073,1.9159154,1.9869428,0.5026054,-0.5781934,3.8030732,-1.2547513,0.042333893,-1.3268187,-1.1737554,-1.2598537,0.1530633,-1.2981205,-1.221587,-0.12174073,-1.0867697,1.5761932,-0.15093352,0.11397888,-0.6367963,0.2086118,-0.1860629,0.8454081,-0.20653011,-0.050408237,0.07540791,0.6589191,0.03577211
S2,2,1,0.00044949923,0.21914941,-1.191223,1.325409,0.012065532,2.516632,-0.08223898,0.08389776,-0.036329266,10.04116,0.048026673,1.9250939,0.052415058,1.8390515,2.1737552,1.9168881,0.33470368,1.8935364,1.9373215,1.8756957,5.1050253,3.7087343,-1.3153386,0.03224268,-1.3555169,-1.2407204,-1.3268187,0.11479652,-1.3363836,-1.2981205,0.6523499,-0.59546685,1.7311553,-0.14080568,0.11965889,-0.6367963,0.32071614,-0.15372047,0.95751244,-0.20653011,-0.04028933,-0.015404967,0.7426443,0.034144487
S2,2,1,0.004878469,0.32214665,-2.7033904,1.2609577,0.024191339,3.964348,-0.10784156,0.12917183,-1.668412,13.54987,0.10380225,2.0129213,0.14423496,1.8390515,2.4033766,1.969429,0.5643251,1.9013213,2.0667276,1.2164867,0.43609428,4.072656,-1.3666781,0.031736873,-1.4320503,-1.3268187,-1.3555169,0.10523164,-1.3937837,-1.3363836,-0.56587744,-0.83172154,1.8688166,-0.13329189,0.30920887,-2.1210148,3.6335816,-0.14352347,5.7545967,-0.24242419,-0.04028933,1.7126745,34.779324,0.113376856
S2,2,1,0.0003463963,0.57645416,-2.7033904,1.2609577,0.010286201,3.964348,-0.19855446,0.2738248,-0.8316187,2.1815095,0.33229953,2.1016896,0.106563345,1.9558063,2.4033766,2.080349,0.44757032,2.02197,2.155268,1.0020239,0.4870727,4.428456,-1.4192945,0.03599314,-1.4894469,-1.3555169,-1.412917,0.13392997,-1.4511838,-1.3937837,-0.057404745,-0.8316922,2.0156925,-0.14043795,0.31264296,-2.1210148,3.6335816,-0.15372047,5.7545967,-0.25269765,-0.04028933,1.711915,33.312218,0.11746845
S2,2,1,-0.0076704766,0.61053073,-2.241687,1.544069,-0.026750231,3.785756,-0.31486994,0.37247878,-0.4322423,0.8305478,0.37280655,2.1228034,0.0720969,2.0180793,2.3060796,2.1075914,0.28800035,2.0647824,2.155268,0.7722897,-0.054041386,4.5114923,-1.4738228,0.034534372,-1.5277137,-1.412917,-1.4846644,0.11479664,-1.4894469,-1.4511838,0.31496343,-0.8545418,2.1733465,-0.14928259,0.12499613,-0.55240566,0.25983027,-0.15712082,0.81223595,-0.20653011,-0.05378256,0.1839512,0.27568817,0.037909318
S2,2,1,-0.0042575556,0.5788199,-2.181058,1.9700539,0.0062662326,4.1511116,-0.27101275,0.26548833,-0.22457759,1.8395095,0.33505058,2.1136248,0.077950016,2.025861,2.3488917,2.0842397,0.3230307,2.0608885,2.1435921,1.255531,0.48469162,4.4734864,-1.5222926,0.024661832,-1.5659803,-1.479882,-1.5277137,0.08609831,-1.546847,-1.4894469,0.22690254,-1.305207,2.3179824,-0.14666462,0.12893939,-0.64561933,0.25983027,-0.15712082,0.9054496,-0.20653011,-0.050408237,0.28394356,0.3368802,0.03813588
S2,2,1,0.0025246327,0.59280175,-2.181058,2.267927,0.028343108,4.448985,-0.20323345,0.24248882,-0.13500054,2.584486,0.35142028,2.178328,0.11632305,2.025861,2.4072707,2.2126734,0.38140965,2.063809,2.274946,0.1571269,-1.4736125,4.7586436,-1.5662992,0.028857106,-1.6520786,-1.5277137,-1.5659803,0.12436497,-1.5851138,-1.546847,-0.81331503,0.532464,2.4541254,-0.14460008,0.13373058,-0.64561933,0.25983027,-0.15712082,0.9054496,-0.20653011,-0.050408237,0.15980582,0.18027616,0.038793046
S2,2,1,0.0029277953,0.5782071,-2.2075503,2.267927,0.015887799,4.475477,-0.17983854,0.17006348,0.039790496,3.2877579,0.33433202,2.2532475,0.05973112,2.1309428,2.4072707,2.2477005,0.27632785,2.2087824,2.2944038,0.39087567,-0.29609537,5.080693,-1.6182772,0.034995396,-1.6616435,-1.5659803,-1.6042471,0.09566319,-1.6520786,-1.5851138,0.101557255,-1.5920209,2.6200454,-0.14544913,0.12239503,-0.6262178,0.30264384,-0.15372047,0.9288616,-0.20653011,-0.050408237,0.110143,0.46882296,0.03613599
S2,2,1,0.0039837896,0.53195566,-2.2075503,2.1122684,0.0072547495,4.3198185,-0.16461538,0.14413139,0.014757317,3.3971004,0.2829927,2.283345,0.106781036,2.1309428,2.5707312,2.239919,0.43978834,2.2087824,2.333325,1.027936,0.13498569,5.225066,-1.6610065,0.020207651,-1.680777,-1.6042471,-1.6616435,0.07652986,-1.680777,-1.6520786,1.2490568,1.6208258,2.7593515,-0.15092035,0.10768408,-0.6262178,0.30264384,-0.15372047,0.9288616,-0.20653011,-0.050408237,0.28985453,0.80242634,0.03437281
S2,2,1,-0.0034201303,0.42639834,-1.8871388,1.5961308,0.0026416709,3.4832697,-0.13881508,0.10959921,0.119153485,3.4936209,0.18182723,2.3461022,0.13050613,2.18154,2.6252162,2.2807825,0.44367623,2.232134,2.4471614,0.57978487,-1.0155237,5.5212274,-1.6900249,0.019525178,-1.7190436,-1.6520786,-1.680777,0.066964984,-1.6999103,-1.680777,-0.18623908,-0.9051647,2.856565,-0.15052572,0.097557336,-0.4546381,0.20198843,-0.15372047,0.6566265,-0.19970417,-0.09773175,0.38447282,0.24437213,0.03217542
S2,2,1,-0.001161848,0.5096887,-3.990571,2.7118368,0.0015213519,6.702408,-0.14926043,0.12600859,-1.2204231,17.576567,0.2597839,2.401627,0.13198395,2.18154,2.671919,2.3994856,0.4903791,2.2661884,2.5016494,0.11321579,-1.0049682,5.7852316,-1.7145792,0.018274333,-1.7573104,-1.680777,-1.7190436,0.07653344,-1.7190436,-1.6999103,-0.25012434,0.44782853,2.940116,-0.14683798,0.10205553,-0.50517565,0.25983027,-0.15372047,0.76500595,-0.19970417,-0.09773175,0.104782835,0.72952676,0.031976722
S3,1,0,0.013350763,1.7024021,-7.344891,6.3497777,0.17437123,13.694669,-0.8462931,0.90777284,-0.41005868,1.9813919,2.898351,3.2963345,0.27316344,2.8852544,4.0338364,3.166389,1.148582,3.1040876,3.4721608,0.9482829,-0.12929797,10.940441,0.89820987,0.013044485,0.869488,0.921393,0.8902508,0.051904976,0.8902508,0.91101354,-0.25985205,-0.65994453,0.80695087,0.09578121,1.3945194,-5.5119395,7.158265,-0.0070313206,12.670204,-0.53836477,0.5977517,0.6738469,2.8316503,1.9538587
S3,1,0,-0.023037087,1.0260996,-5.3961854,4.372725,0.10119586,9.76891,-0.49615565,0.41235593,-0.43386713,4.435847,1.053411,3.0670671,0.17463502,2.8852544,3.6192756,2.975591,0.7340212,2.9590423,3.115769,1.8995439,2.972064,9.437398,0.8895586,0.01922337,0.84872526,0.921393,0.8902508,0.07266772,0.869488,0.91101354,-0.48520562,-0.42115235,0.7916841,-0.09184662,0.7893898,-4.02244,4.8629913,-0.15091224,8.885431,-0.33357924,-0.0070313206,0.7218465,8.390479,0.63157207
S3,1,0,-0.0021710217,0.4446803,-1.4371346,1.355395,0.15261638,2.7925296,-0.30497676,0.33316505,-0.735183,-0.2048204,0.19774532,2.898258,0.065354005,2.7507894,2.9763694,2.9129,0.22557998,2.8479404,2.959237,-0.55749136,-0.92879105,8.404171,0.8587607,0.029238343,0.8071997,0.91101354,0.869488,0.10381383,0.82796246,0.8902508,-0.0018072709,-1.0693772,0.73832476,-0.20590745,0.13458422,-1.0758677,2.5768385,-0.16263492,3.6527061,-0.33357924,-0.15091224,9.003435,191.26059,0.060510796
S3,1,0,0.0019208841,0.4639109,-1.2344192,0.6417705,0.16942695,1.8761897,-0.31840876,0.3678574,-0.8026994,-0.48037577,0.21521702,2.741731,0.1141008,2.5439494,2.916405,2.748064,0.3724556,2.6398153,2.845994,-0.15263867,-1.3241919,7.5301085,0.8200034,0.023701005,0.7864369,0.869488,0.8071997,0.083051085,0.8071997,0.82796246,0.58590734,-0.28151393,0.67296726,-0.20833904,0.07652929,-0.39691854,0.018113066,-0.19589546,0.4150316,-0.19589546,-0.16263492,-0.85608643,0.5824437,0.049261883
S3,1,0,-0.0055446345,1.1319134,-4.1439633,5.878753,0.0982293,10.0227165,-0.56850696,0.4364181,0.49815544,4.008711,1.2812588,2.5707295,0.088297665,2.3741782,2.7453384,2.5543067,0.37116027,2.51202,2.6374788,0.124481894,-0.6101775,6.616448,0.81239045,0.019560033,0.7864369,0.84872526,0.8071997,0.062288344,0.8071997,0.82796246,0.32142854,-0.7851629,0.6603609,-0.17863332,0.83012944,-6.6398606,7.897461,-0.19589546,14.537321,-0.31186444,-0.19589546,0.32805228,26.883265,0.7210248
S3,1,0,0.00859893,1.633202,-9.346995,5.878753,0.040546022,15.225748,-0.8612908,0.88066167,-0.3625422,3.016241,2.667423,2.3550618,0.16466399,2.0472968,2.5898964,2.4057183,0.5425997,2.1952624,2.51202,-0.3194934,-1.3902241,5.5734296,0.84180427,0.0285357,0.7864369,0.8902508,0.84872526,0.10381389,0.82796246,0.869488,-0.31101087,-0.74325395,0.70944875,-0.17574349,1.0018771,-6.6398606,7.897461,-0.19589546,14.537321,-0.44657975,0.018113066,0.46658537,13.394903,1.0346435
S3,1,0,0.0065628546,1.830671,-9.346995,11.385364,0.07070613,20.732359,-0.816133,0.87959045,-0.17744817,5.497731,3.3513992,2.1964233,0.08159237,1.9740927,2.4247978,2.2022717,0.45070505,2.1442533,2.2340064,0.26850104,0.52813554,4.8309326,0.87087214,0.019648595,0.8071997,0.91101354,0.869488,0.10381383,0.869488,0.87467873,-0.6049949,2.2527661,0.75880444,-0.1597132,0.89694756,-4.8943377,5.2686386,-0.20764974,10.162976,-0.47445726,0.079843275,0.9187753,8.566473,0.8300232
S3,1,0,-0.0008137405,1.7314519,-7.916779,11.385364,0.09740525,19.302143,-0.8027011,0.82050633,-0.03277856,6.1159124,2.997927,2.1120868,0.09168925,1.9133484,2.261458,2.0948017,0.34810948,2.0488546,2.2030506,-0.15300657,-1.050859,4.469317,0.9027079,0.028980317,0.869488,0.9732979,0.91101354,0.10380989,0.869488,0.921393,0.5292557,-0.32048798,0.81572115,-0.117930554,0.84812367,-4.8943377,5.2686386,-0.18121293,10.162976,-0.40683797,0.09042901,0.6385586,8.631303,0.73322135
S3,1,0,0.00697538,1.3145238,-7.916779,4.631146,0.16975656,12.547925,-0.72392213,0.73645353,-0.7148431,4.092526,1.7280215,1.9468173,0.10849863,1.6707197,2.1535554,1.9245977,0.48283565,1.861323,2.0500226,-0.11520942,-0.8470311,3.8018692,0.93246675,0.020488858,0.8902508,0.9732979,0.921393,0.08304709,0.921393,0.9421557,0.6486356,-0.29393864,0.86991376,-0.09297905,0.49158072,-2.8801332,3.1055095,-0.07103643,5.9856424,-0.17681141,-0.012840053,0.35621914,12.402304,0.2502967
S3,1,0,-0.0070718736,0.90200514,-3.5951483,3.9587238,0.17948031,7.553872,-0.54015976,0.5512078,-0.37191504,2.4316788,0.81366336,1.7655667,0.10326966,1.6132653,1.9261552,1.7867563,0.31288993,1.6666315,1.8609335,-0.042511746,-1.5411577,3.1278903,0.9279683,0.019324977,0.8902508,0.9732979,0.921393,0.08304709,0.91101354,0.9421557,0.74320555,0.26546597,0.86149853,-0.08314024,0.22686665,-1.8258331,4.653458,-0.08659143,6.479291,-0.1528657,-0.04191241,8.492794,209.34106,0.058380775
S3,1,0,-0.0063568414,0.61366904,-2.1115344,1.3751723,0.14256302,3.4867067,-0.4210026,0.41268557,-0.658426,0.26655698,0.3766301,1.5771209,0.11934686,1.3741838,1.7968799,1.61677,0.4226961,1.464521,1.6646845,-0.08474057,-1.0626572,2.5015538,0.9317749,0.030677851,0.8902508,0.99406064,0.921393,0.10380983,0.91101354,0.9421557,0.9376633,-0.3733766,0.86914533,-0.043926157,0.2733219,-1.8258331,4.653458,-0.00509699,6.479291,-0.1528657,-0.00509699,5.4988284,102.3473,0.07663438
S3,1,0,0.0019753056,0.45958635,-2.1115344,1.2917786,0.1194897,3.403313,-0.3244243,0.33555478,-0.6936984,0.95760155,0.21122351,1.3854378,0.108028695,1.2231516,1.6288414,1.3722368,0.40568984,1.2949932,1.4629635,0.40579736,-0.8400829,1.9311084,0.99094707,0.05318077,0.8902508,1.0771117,0.99406064,0.18686092,0.9421557,1.0355862,-0.31500423,-1.088148,0.9848043,0.014643072,0.16430046,-0.98908967,1.8514128,-0.00509699,2.8405025,-0.018650698,-0.00509699,3.4129965,47.720047,0.02720906
S3,1,0,-0.0042697657,0.38706195,-0.9601764,0.5563992,0.11734717,1.5165756,-0.3019278,0.31544802,-0.6775518,-0.7526555,0.14983517,1.224173,0.081554994,1.0884248,1.3702899,1.221594,0.28186512,1.153257,1.2938248,0.066170126,-1.1985434,1.5052507,1.0596365,0.031230016,0.99406064,1.108254,1.0563489,0.11419332,1.0355862,1.0771117,-0.4412551,-0.84229064,1.1238045,0.062020343,0.10081052,-0.14895877,0.20833947,-0.00509699,0.35729825,-0.018650698,0.19496179,0.49832612,-1.6135969,0.014009283
S3,1,0,-0.0014604504,0.63567084,-5.205995,2.649808,0.12558764,7.855803,-0.29541785,0.33827412,-1.6361953,12.730363,0.40407947,1.0894483,0.0765687,0.94408584,1.2200364,1.0872566,0.27595055,1.0383836,1.1520891,-0.13119544,-0.9704716,1.1927605,1.0874928,0.017163029,1.0355862,1.108254,1.0978745,0.07266772,1.0771117,1.0978745,-1.06226,0.89955616,1.1829351,0.041317567,0.26071578,-2.2550957,2.7497325,0.027773239,5.0048285,-0.08270173,0.19496179,-0.40363005,27.134588,0.06967986
S3,1,0,0.0064273938,0.74226063,-5.205995,2.649808,0.12360993,7.855803,-0.33390084,0.36983514,-0.9921326,6.778515,0.5509922,0.96124643,0.07477617,0.8514121,1.0860883,0.9553777,0.23467618,0.89288163,1.0369594,0.20024207,-1.3339435,0.9295863,1.0651729,0.031133745,1.0148234,1.108254,1.0563489,0.09343052,1.0355862,1.0978745,-0.08526071,-1.3234893,1.1355628,-0.041595683,0.5221055,-3.4569695,4.514613,-0.11384808,7.9715824,-0.11384808,0.027773239,0.8463118,21.97056,0.27432436
S3,1,0,-0.0019998634,0.6255871,-1.7993857,2.2275662,0.122621074,4.026952,-0.4002366,0.43946707,-0.2590195,0.5522213,0.39136326,0.8507179,0.05500683,0.7571817,0.96589136,0.85024416,0.20870966,0.8054653,0.89171344,0.168382,-0.93646145,0.7267468,1.0189761,0.027544918,0.9732979,1.0563489,1.0148234,0.083051026,0.99406064,1.0355862,-0.19873737,-1.0154936,1.0390706,-0.026777957,0.46795735,-3.4569695,4.514613,-0.024463257,7.9715824,-0.11384808,0.058649827,1.0232024,32.66603,0.21970113
S3,1,0,-0.010745918,0.54676074,-1.4888848,0.7782327,0.1372891,2.2671175,-0.39751726,0.44317526,-0.7091592,-0.57295036,0.29906276,0.76136935,0.04945186,0.6845117,0.8490763,0.75757104,0.16456455,0.7187773,0.80390775,0.10664235,-1.2247262,0.58212864,0.9741637,0.030870646,0.921393,1.0355862,0.9732979,0.11419326,0.9421557,0.99406064,0.040796097,-0.92164826,0.9499476,-0.03074383,0.31000674,-2.835526,3.1962662,-0.06715055,6.031792,-0.06715055,0.050935462,0.12850313,41.81163,0.09704936
S3,1,0,0.0132949585,0.85678047,-2.8050523,3.7682042,0.07713369,6.5732565,-0.47876826,0.47086325,0.22534443,1.9336648,0.7342495,0.6982966,0.037843525,0.63778526,0.8036633,0.6930779,0.16587806,0.6681572,0.7275386,0.46397796,-0.23516846,0.48905036,0.9388681,0.020717848,0.91101354,0.9732979,0.9421557,0.06228435,0.921393,0.9421557,0.6036738,-0.9353893,0.88190216,-0.13533528,0.40520808,-2.835526,3.1962662,-0.06715055,6.031792,-0.2616388,-0.06715055,0.7103727,15.75992,0.18250924
S3,1,0,0.035809286,1.183182,-2.8090076,3.846324,-0.013346639,6.6553316,-0.68716973,0.69978344,0.3133301,0.51529145,1.401202,0.6597662,0.034678854,0.6159798,0.8036633,0.65141404,0.18768352,0.6409002,0.6681572,2.213907,6.166684,0.43649405,0.9682814,0.04904087,0.91101354,1.0563489,0.9732979,0.14533538,0.921393,0.99925137,0.5216183,-1.09177,0.9399737,-0.20772709,0.2879637,-1.479057,1.9950143,-0.22824241,3.4740713,-0.32370478,-0.08270173,1.2160568,10.706767,0.12607363
S3,1,0,-0.013230422,1.2545815,-3.879609,3.846324,0.07433194,7.725933,-0.71461046,0.7495558,-0.1503187,0.53504896,1.5741496,0.6182644,0.043987453,0.50150114,0.7078743,0.6257146,0.20637316,0.5978734,0.6486882,-0.6931534,0.29343295,0.38418573,1.0563483,0.055290766,0.921393,1.1393961,1.0563489,0.2180031,1.0096327,1.108254,-0.40378028,-0.99475956,1.1189289,-0.18834734,0.57275534,-3.737767,4.5463867,-0.21549132,8.284154,-0.40088573,-0.039972343,1.0585924,13.862278,0.36352342
S3,1,0,-0.025211371,1.1537453,-5.33092,4.823643,0.14981464,10.154564,-0.53422666,0.57444596,-0.77236843,2.5914483,1.3317637,0.5471694,0.062532455,0.45944756,0.7078743,0.5217494,0.24842674,0.5011117,0.59748405,0.67841077,-0.23512506,0.30330467,1.101334,0.015240743,1.0563489,1.1393961,1.0978745,0.08304715,1.0978745,1.108254,0.10752532,1.7270432,1.2131686,-0.13984172,0.61408406,-3.737767,4.5463867,-0.15872608,8.284154,-0.37115616,0.058649827,1.090157,12.848315,0.39665496
S3,1,0,0.0013119493,0.89425886,-5.33092,4.823643,0.10795304,10.154564,-0.43097353,0.40873012,-0.46794865,7.3308754,0.7997006,0.510444,0.023829505,0.45944756,0.5809355,0.5162978,0.121487916,0.49994335,0.51941293,-0.15062049,0.56734705,0.26112092,1.0928566,0.013333537,1.0563489,1.108254,1.0978745,0.051905036,1.0771117,1.0978745,-0.7922333,-0.1810143,1.1945128,-0.16558734,0.5570164,-5.6682568,5.4678974,-0.15872608,11.136154,-0.32370478,-0.01526227,-0.053851817,45.883034,0.33768645
S3,1,0,-0.009275505,1.2174411,-5.0293193,4.7550826,0.075320795,9.784402,-0.6186091,0.51981163,-0.049712326,2.5089393,1.4822489,0.51631075,0.01920891,0.48826233,0.5762626,0.51474,0.08800027,0.5024749,0.5178551,1.0742047,0.5980959,0.26694572,1.09995,0.022328658,1.0563489,1.1393961,1.0978745,0.08304715,1.0771117,1.108254,0.48382092,-0.43523145,1.2103882,-0.09985945,0.6757845,-6.14238,5.4678974,-0.15872608,11.610277,-0.2424763,0.09908518,-1.0863948,28.375895,0.4666567
S3,1,0,0.0011210457,1.4351063,-5.0293193,6.1012454,0.018791184,11.130565,-0.79223573,0.77254677,0.035934195,2.0942492,2.0595315,0.5061608,0.016739897,0.46022618,0.5762626,0.50383765,0.116036415,0.495271,0.5087048,1.6858966,4.014215,0.25647897,1.1132714,0.017317425,1.0771117,1.1393961,1.108254,0.06228435,1.108254,1.1393961,0.33063972,-0.5606036,1.2396734,0.024471883,0.45090765,-6.14238,3.2785547,0.010379569,9.420935,-0.043852482,0.09908518,-2.7222486,54.946606,0.2039166
S3,1,0,0.0138815725,1.148874,-4.9439483,6.1012454,0.04071083,11.045194,-0.66319,0.7011019,0.04010981,3.852841,1.320104,0.49085805,0.0139782345,0.4578903,0.5108463,0.49059823,0.052956015,0.48183736,0.5040323,-0.4377153,-0.72370577,0.24113703,1.1079082,0.010546281,1.0978745,1.1393961,1.108254,0.04152155,1.0978745,1.108254,1.9739586,3.8541832,1.2275718,0.04425018,0.12686896,-1.0365497,1.9812214,0.054792643,3.0177712,-0.018650698,0.07213848,5.7324834,91.08717,0.018053813
S3,1,0,-0.00878898,1.2220873,-4.1920877,4.1024375,0.114215806,8.294525,-0.7146105,0.72813064,-0.25654885,0.8473375,1.4935745,0.43951753,0.04558146,0.3662911,0.5022798,0.4582796,0.13598871,0.38887522,0.48203215,-0.29090902,-1.644718,0.19525334,1.0925105,0.015913023,1.0563489,1.108254,1.0978745,0.051905036,1.0926838,1.0978745,-1.2596582,0.44255066,1.1938322,0.026497507,0.36440018,-1.7996995,4.600745,0.054792643,6.400445,-0.088537246,0.07213848,2.5438023,31.685417,0.1334896
S3,1,0,-0.007588786,1.0772424,-4.1920877,4.1024375,0.14124455,8.294525,-0.5413958,0.4730058,-0.18330571,2.4029455,1.1605088,0.37132832,0.04058745,0.30788365,0.45944756,0.38342366,0.15156391,0.32345894,0.39062768,0.06606369,-0.69196653,0.13953206,1.0826485,0.015099695,1.0563489,1.0978745,1.0771117,0.041525602,1.0771117,1.0978745,-0.45604765,-1.0109403,1.1723557,-0.012736794,0.3847443,-1.7996995,4.600745,-0.04191241,6.400445,-0.1514006,0.079843275,2.2643752,25.07894,0.1481904
S3,1,0,0.006313911,0.5047242,-1.6121622,1.6237047,0.1300375,3.235867,-0.34955773,0.3766747,-0.46247435,0.27343678,0.25478637,0.3132309,0.039992068,0.258042,0.3943267,0.30749398,0.13628468,0.28335226,0.32345894,0.77978015,-0.42205954,0.09971297,1.0935483,0.014716537,1.0563489,1.108254,1.0978745,0.051905036,1.0771117,1.108254,-0.85377604,-0.22536254,1.1960645,-0.014981125,0.17364421,-0.82922614,1.108362,-0.04191241,1.9375881,-0.04191241,0.079843275,0.84989595,8.315961,0.030376745
S3,1,0,-0.0008044761,0.4018872,-0.93941045,0.8164685,0.113062136,1.7558789,-0.30901462,0.3464322,-0.62652326,-0.83314276,0.161514,0.25904816,0.027212951,0.21209475,0.30710435,0.2584316,0.095009595,0.23662636,0.28257334,0.056462992,-1.1495968,0.0678465,1.1094655,0.012584414,1.0978745,1.1393961,1.108254,0.04152155,1.0978745,1.108254,1.571938,1.4704242,1.2310718,-0.004879428,0.3207352,-3.3639169,3.8153784,-0.04191241,7.1792955,-0.04191241,-0.0075168163,1.6617652,60.477196,0.10289487
S3,1,0,0.010656808,1.722542,-12.405856,6.498436,0.1265765,18.904293,-0.470775,0.44449374,-2.160772,15.589493,2.9672647,0.21484059,0.037457466,0.11552788,0.25882122,0.22494459,0.14329334,0.19028935,0.24499783,-1.0944533,0.35937834,0.04755954,1.1186348,0.018569587,1.0978745,1.1601589,1.108254,0.06228435,1.108254,1.1393961,0.8386067,-0.65611506,1.2516888,-0.0016331285,0.39906114,-3.3639169,3.8153784,-0.04191241,7.1792955,-0.08270173,0.1432591,1.1505322,26.258186,0.15925245
S3,1,0,-0.00080825586,3.0973024,-26.880733,12.484312,0.0825724,39.365044,-0.77130485,0.8528913,-2.2534668,18.108788,9.593283,0.14665736,0.05771732,0.06945962,0.258042,0.12708795,0.18858239,0.09632711,0.19028935,0.4720047,-1.0979599,0.02483967,1.1111954,0.019795327,1.0771117,1.1601589,1.108254,0.08304715,1.0978745,1.108254,0.9763064,0.68205214,1.2351474,-0.039527655,0.26767012,-1.4854444,2.2483084,-0.0593807,3.7337527,-0.16849914,0.038392924,1.2081776,12.878265,0.07320975
S3,1,0,-0.011173898,2.7034795,-26.880733,12.484312,0.083066836,39.365044,-0.5112357,0.416641,-2.8190498,30.45028,7.308926,0.082088426,0.023924403,0.04375992,0.14889394,0.0784152,0.10513402,0.06556532,0.09554819,0.72882557,0.13396144,0.0073108864,1.0956247,0.011066171,1.0771117,1.108254,1.0978745,0.031142235,1.0978745,1.1004694,-0.71652985,-0.74738026,1.2005159,-0.029410422,0.12658316,-1.328692,0.9427384,-0.04191241,2.2714305,-0.0593807,0.027773239,-1.4778634,25.340939,0.016888268
S3,1,0,0.0019466504,3.276982,-18.598734,19.688128,0.103668004,38.28686,-0.7225213,0.53513885,0.051335037,11.05295,10.738616,0.055772536,0.014866318,0.025069533,0.085034914,0.05427363,0.05996538,0.04375992,0.06653918,0.19687189,-0.8932481,0.0033315832,1.0918185,0.011728221,1.0771117,1.108254,1.0978745,0.031142235,1.0771117,1.0978745,-0.2436252,-1.4805665,1.1922051,0.017582338,0.26541868,-2.5410917,1.3118513,0.027773239,3.852943,-0.04191241,0.04128868,-0.86081046,14.318367,0.07075622
S3,1,0,0.009117055,3.3839428,-18.598734,19.688128,0.025713177,38.28686,-1.034423,1.1230139,-0.043313373,9.56109,11.451154,0.029670855,0.026216816,-0.042683203,0.0842557,0.034414727,0.12693891,0.021175891,0.043954723,-1.1388413,1.151093,0.001567681,1.117251,0.029693857,1.0771117,1.1601589,1.108254,0.08304715,1.0978745,1.1393961,0.14280002,-1.3582666,1.2491316,0.033078037,0.41239914,-3.3322368,4.2079883,0.027773239,7.540225,-0.12164472,0.18157262,0.08648191,20.07082,0.1711672
S3,1,0,-0.00035520145,1.2130631,-8.711491,5.0316324,0.0665859,13.743123,-0.4617929,0.46056268,-1.7909038,13.788025,1.471522,-0.005464519,0.026316853,-0.042683203,0.045317754,-0.0142580215,0.08800095,-0.027107833,0.021175891,0.44834873,-1.2914244,0.0007224377,1.1804025,0.054089732,1.108254,1.3054943,1.1601589,0.19724035,1.1393961,1.2224472,0.7863059,-0.4852636,1.3962759,-0.03012224,0.32770753,-3.3322368,4.2079883,-0.098266296,7.540225,-0.098266296,0.058649827,1.2594653,48.09273,0.108299576
S3,1,0,-0.007381399,1.1151624,-8.863115,9.654865,0.065926656,18.51798,-0.3758448,0.3359668,1.5119457,27.977804,1.2436414,-0.0398925,0.02419856,-0.08162174,-0.002965971,-0.032559384,0.078655764,-0.06526723,-0.019125238,-0.3621808,-1.3634205,0.0021769817,1.2966717,0.08999999,1.1393961,1.4404503,1.3054943,0.30105424,1.2224472,1.3677826,-0.23967692,-1.1826891,1.6894578,-0.0194244,0.2804445,-2.194567,2.1255195,-0.098266296,4.3200865,-0.098266296,0.0779166,0.08431545,23.49762,0.07902644
S3,1,0,-0.00052223675,1.058203,-8.863115,9.654865,0.04038121,18.51798,-0.25858295,0.24062458,1.801377,34.975105,1.119794,-0.07649457,0.027090702,-0.11121449,-0.002965971,-0.082011044,0.10824852,-0.096612625,-0.06526723,1.1262133,0.68321824,0.0065853237,1.4331837,0.067418806,1.3054943,1.5338808,1.4404503,0.22838652,1.3677826,1.497546,-0.08612561,-1.1707333,2.0585608,0.076589376,0.27121675,-2.194567,2.1255195,0.0779166,4.3200865,0.0779166,0.09716233,-0.9126223,27.86843,0.079424456
S3,1,0,0.0007958951,1.3580818,-9.436321,11.564016,0.04598473,21.000338,-0.25512195,0.2496067,0.92536926,22.48519,1.8443868,-0.10929373,0.01749689,-0.16728619,-0.08240036,-0.107320845,0.08488583,-0.118223876,-0.09622316,-0.68547904,0.16690183,0.012251261,1.5139834,0.033654425,1.4404503,1.5546435,1.5338808,0.1141932,1.5079273,1.5338808,-0.95809674,-0.1539762,2.2932787,0.10431834,0.67550576,-3.1797976,7.012745,0.09716233,10.192543,0.07213848,0.1432591,1.5082252,19.74848,0.4671903
S3,1,0,0.0010482605,2.552131,-11.405134,19.675272,0.09987739,31.080406,-0.6420943,0.76603675,1.1957879,15.481592,6.513373,-0.13267331,0.020232206,-0.17507355,-0.08162174,-0.13496703,0.09345181,-0.15015306,-0.11588741,0.30340594,-0.8543756,0.018011546,1.549107,0.018903095,1.513118,1.5754063,1.5546435,0.062288284,1.5338808,1.5598342,0.020395797,-1.0238585,2.400089,0.17534892,1.376071,-6.8281827,12.675005,0.10293088,19.503187,-0.34148303,0.6257215,1.8069074,15.359911,1.9243186
S3,1,0,0.009062809,2.55065,-11.405134,19.675272,0.1318504,31.080406,-0.818358,0.9137883,0.9085557,14.643084,6.5058966,-0.14870055,0.018700797,-0.18915181,-0.08162174,-0.15021324,0.10753007,-0.15722197,-0.14318946,0.8903504,1.7257223,0.022461575,1.55845,0.014920155,1.5338808,1.5754063,1.5546435,0.041525483,1.5546435,1.5754063,-0.28790662,-1.038381,2.4289892,0.01812303,1.3008624,-6.8281827,12.675005,-0.10702914,19.503187,-0.49939072,0.47130513,2.2219336,19.614403,1.6925715
S3,1,0,-0.0087606395,1.5671259,-10.425178,5.4515667,0.05669734,15.876744,-0.5043961,0.45693687,-1.1241837,9.479144,2.4559603,-0.14815597,0.022310678,-0.19849695,-0.117504805,-0.14554034,0.08099215,-0.1636469,-0.12821318,-0.66289794,-0.7022643,0.02244796,1.5435702,0.020577366,1.4923552,1.5754063,1.5546435,0.083051085,1.5338808,1.5546435,-0.626727,0.11783242,2.383032,-0.2980221,0.79038566,-5.2802052,5.4084573,-0.49240577,10.688663,-0.5103734,-0.10508189,1.6989697,17.101572,0.71352667
S3,1,0,-0.010245306,0.8620553,-10.343431,5.1450214,0.06147681,15.488453,-0.33876273,0.2993791,-3.2155287,43.213688,0.74324435,-0.1795338,0.041416712,-0.2249747,-0.12529275,-0.19888628,0.09968196,-0.21913402,-0.12899175,0.31437337,-1.7284541,0.03394773,1.5342268,0.01987581,1.4923552,1.5754063,1.5338808,0.083051085,1.513118,1.5546435,-0.37521353,-0.69331217,2.354247,-0.11076747,0.7015203,-5.2802052,5.4084573,-0.0070313206,10.688663,-0.5103734,0.20643002,1.5698143,25.060402,0.5044003
S3,1,0,0.009221942,0.34506607,-1.1622326,0.97138923,0.0685636,2.133622,-0.20963459,0.23180729,-0.42085645,0.2842772,0.11915564,-0.2262339,0.011669033,-0.24755934,-0.19927558,-0.2253643,0.048283756,-0.23529375,-0.21991293,0.15940213,-0.7149043,0.051317945,1.5646787,0.033744257,1.4923552,1.6273112,1.5754063,0.134956,1.5338808,1.5961691,-0.080852866,-0.82386756,2.4493585,0.17682979,0.086582996,-0.16654377,0.5898178,0.20643002,0.7563616,0.20643002,0.20643002,-1.5555091,3.5342984,0.038765397
S3,1,0,0.002292054,0.23213303,-0.56430435,0.4064228,0.061806425,0.97072715,-0.16802022,0.19423075,-0.63425153,-0.74544525,0.053890996,-0.2468453,0.012556316,-0.26780692,-0.2257539,-0.24717003,0.042053014,-0.2584617,-0.23568305,0.00040101566,-1.2737408,0.061090264,1.6238513,0.03793743,1.5754063,1.699979,1.6273112,0.124572635,1.5961691,1.6584535,0.32491598,-0.9968512,2.6383317,0.17244866,0.094896816,-0.2586885,0.49807963,0.20643002,0.7567681,0.20643002,0.20643002,-1.5306915,1.5280561,0.038743958
S3,1,0,0.0031942136,0.2990389,-1.5076731,1.2472801,0.060652763,2.7549534,-0.19035187,0.21128851,-0.72782236,3.3112803,0.08943445,-0.268534,0.012288179,-0.2888337,-0.24678072,-0.26819652,0.042052984,-0.2789046,-0.2584617,0.020561513,-1.23667,0.0722615,1.6927124,0.04314984,1.6169319,1.7622674,1.699979,0.14533544,1.6584535,1.7259325,-0.24890389,-1.2797318,2.8671372,0.16898102,0.22590873,-2.297846,2.3178658,0.20643002,4.615712,0.15092945,0.20643002,0.4943264,35.0364,0.07958934
S3,1,0,0.0007200124,0.30762753,-1.5076731,1.2472801,0.046149537,2.7549534,-0.19323605,0.21293661,-0.67115575,2.9279823,0.09463522,-0.2881719,0.010571708,-0.30596685,-0.26858616,-0.28805512,0.037380695,-0.2974003,-0.2792939,0.0835449,-1.1037048,0.083154805,1.7352757,0.013824553,1.699979,1.7622674,1.7415045,0.062288404,1.7207417,1.7415045,-0.5894673,0.4446907,3.0113728,0.13544536,0.23648039,-2.297846,2.3178658,0.20643002,4.615712,-0.026401414,0.20833947,0.80311936,29.349617,0.07426843
S3,1,0,-0.0021715339,0.2520729,-0.8573354,0.73175645,0.05092901,1.5890918,-0.1890334,0.20865157,-0.54690313,-0.48906517,0.063545465,-0.3062848,0.0107003935,-0.32465723,-0.2864973,-0.30596685,0.038159937,-0.31531206,-0.2974003,-0.016127836,-1.1306663,0.09392486,1.731469,0.012850406,1.699979,1.7622674,1.7415045,0.062288404,1.7207417,1.7415045,-0.06319347,-0.29987407,2.9981508,0.09817924,0.12729748,-0.46648747,1.0412114,0.00457849,1.5076988,0.00457849,0.24078494,0.44143683,1.9713359,0.02584381
S3,1,0,-0.010526854,0.39907113,-1.9763908,1.8600413,0.05620291,3.836432,-0.23270789,0.21944658,-0.40914282,4.011184,0.15936857,-0.3223468,0.008449365,-0.34568405,-0.30596685,-0.32465723,0.039717197,-0.32796693,-0.31531206,0.09437042,-0.51101065,0.10397887,1.7248942,0.011245186,1.699979,1.7415045,1.7207417,0.041525602,1.7207417,1.7415045,0.10074944,-0.11156535,2.975387,0.10508797,0.28538883,-2.9296088,2.5835178,0.0123139,5.5131264,0.00457849,0.24078494,-0.24730612,30.848526,0.09249028
S3,1,0,-0.00769025,0.64199936,-2.947118,1.8600413,0.102019906,4.8071594,-0.32508352,0.35318935,-0.8773519,2.371513,0.41222236,-0.34160188,0.013510007,-0.36281657,-0.32465723,-0.34101114,0.03815934,-0.3542506,-0.32835627,-0.12312722,-1.6867167,0.11687435,1.7169353,0.021272702,1.6584535,1.7415045,1.7207417,0.083051085,1.699979,1.7415045,-0.9296348,0.7546401,2.948319,0.018934054,0.33790892,-2.9296088,2.5835178,0.00457849,5.5131264,-0.12359436,0.10293088,0.2254976,17.350925,0.11454094
S3,1,0,0.012720358,0.66513234,-2.947118,1.7103944,0.18145803,4.6575127,-0.35656214,0.4947606,-1.0202906,1.5511365,0.44256288,-0.36253777,0.010095362,-0.37839186,-0.33166596,-0.36281657,0.0467259,-0.37060454,-0.3542506,0.4655101,-0.20136619,0.13153554,1.6667598,0.047752764,1.5754063,1.7415045,1.6584535,0.16609824,1.6169319,1.699979,-0.044100545,-1.3778931,2.780369,-0.07541456,0.18335131,-1.332907,2.0156817,-0.098266296,3.3485887,-0.12359436,0.033566665,0.6477738,31.933727,0.039305054
S3,1,0,0.0109175835,0.6420003,-1.5663452,3.2863016,0.15459411,4.852647,-0.41770643,0.49682072,-0.025242794,1.6121645,0.41228363,-0.3784181,0.008526131,-0.39552498,-0.36281657,-0.37761328,0.032708406,-0.38540122,-0.37060454,-0.05989728,-1.0304569,0.14327292,1.5927081,0.04094376,1.5338808,1.699979,1.5961691,0.16609812,1.5546435,1.6169319,0.56160766,-0.25422764,2.5383952,-0.090159684,0.07845236,-0.44856957,0.43789726,-0.098266296,0.88646686,-0.098266296,-0.098266296,0.50625455,6.1669197,0.014283543
S3,1,0,-0.015112166,0.71139973,-2.869987,3.2863016,0.06922285,6.1562886,-0.44902018,0.4348524,0.032772444,2.8864713,0.506318,-0.3939285,0.0100372145,-0.41110033,-0.37605602,-0.39279926,0.035044312,-0.40272856,-0.384622,-0.17551592,-1.330307,0.15528041,1.5363032,0.028327022,1.4612131,1.5961691,1.5338808,0.134956,1.513118,1.5546435,-0.21610446,0.10912204,2.36103,-0.1595499,0.6752231,-7.4385815,5.2291503,-0.13139482,12.667732,-0.13139482,-0.098266296,-2.9800668,47.649433,0.48138243
S3,1,0,-0.0036491572,1.0123434,-4.1179237,6.0570765,0.04516068,10.175,-0.48972806,0.46872073,0.46190244,5.670848,1.0248524,-0.39329255,0.012432674,-0.41110033,-0.35347137,-0.3951357,0.05762896,-0.40331295,-0.384622,0.7520198,0.4828031,0.1548336,1.5086195,0.016885323,1.4612131,1.5338808,1.513118,0.07266772,1.4923552,1.513118,-0.3979691,0.26437664,2.2762177,-0.37456006,0.7918274,-7.4385815,5.2291503,-0.31778318,12.667732,-0.6266648,-0.13139482,-1.0776234,24.405743,0.7672859
S3,1,0,0.004972085,0.983385,-4.1179237,6.0570765,0.07153018,10.175,-0.55095476,0.5994145,0.47692084,5.9945154,0.9670707,-0.38581643,0.0074798,-0.40720665,-0.35347137,-0.38617983,0.053735286,-0.38851625,-0.384622,1.6938524,6.1892166,0.14891021,1.4933937,0.021833228,1.4404503,1.5338808,1.4923552,0.09343052,1.4923552,1.513118,-0.7553851,0.5458932,2.2307012,-0.5631419,0.39522645,-2.7793922,4.2095246,-0.6266648,6.988917,-0.6689847,-0.4525492,2.8592927,38.42032,0.47333276
S3,1,0,0.001650315,0.68824106,-2.5004845,2.7674818,0.113062136,5.2679663,-0.44902018,0.5648869,-0.26086637,0.932112,0.4736784,-0.38960633,0.0031335333,-0.39786145,-0.384622,-0.3892949,0.013239443,-0.39163134,-0.38695842,-0.51828545,-0.6320498,0.15180293,1.4719396,0.024709249,1.4300709,1.513118,1.4612131,0.08304715,1.4560224,1.4923552,0.07169809,-1.302064,2.1672168,-0.58649915,0.10563702,-1.1444006,-0.22137563,-0.579443,0.92302495,-0.6689847,-0.4804382,-0.14175236,0.7753184,0.3551405
S3,1,0,0.00868596,0.6606077,-2.5004845,2.7674818,0.14932021,5.2679663,-0.4157287,0.50637966,-0.24889344,1.3542533,0.43647796,-0.39571324,0.0042891833,-0.40331295,-0.38773704,-0.39591432,0.015575916,-0.39941868,-0.39163134,0.06415282,-1.2086632,0.15660734,1.4551574,0.017605979,1.4300709,1.4923552,1.4612131,0.06228435,1.4404503,1.4612131,0.6454276,-0.10231066,2.1177926,-0.5986478,0.08143137,-1.1444006,-0.22137563,-0.5784395,0.92302495,-0.64277273,-0.556386,-0.49625897,5.2983665,0.3650102
S3,1,0,-0.0076849307,0.6185949,-2.792197,1.864656,0.12575245,4.6568527,-0.43698907,0.4575961,-0.66802335,0.5984986,0.38271868,-0.40377998,0.0058532227,-0.4220033,-0.39552498,-0.40292335,0.02647832,-0.40720665,-0.39941868,-1.0502102,0.8845434,0.16307257,1.4461607,0.012489531,1.4300709,1.4612131,1.4404503,0.031142235,1.4404503,1.4612131,0.16958581,-1.5769874,2.0915363,-0.6117619,0.10094817,-1.3941569,0.38883683,-0.624653,1.7829938,-0.64277273,-0.556386,0.6844428,23.753794,0.38444316
S3,1,0,-0.0015385688,1.4686947,-10.647341,11.200446,0.11536947,21.847786,-0.5218659,0.53703415,0.3306177,18.528517,2.1570666,-0.41798598,0.015248358,-0.456269,-0.40253377,-0.41265815,0.053735226,-0.4223926,-0.40720665,-1.1509722,0.007946253,0.17494482,1.4430461,0.010825553,1.4300709,1.4612131,1.4404503,0.031142235,1.4404503,1.4404503,0.7221024,-0.70044136,2.0824993,-0.4667879,0.68943816,-3.8488235,4.8182664,-0.5724222,8.667089,-0.64277273,-0.4704719,2.717675,19.731682,0.6932159
S3,1,0,0.0031753227,1.5743506,-10.647341,11.200446,0.12080818,21.847786,-0.5095876,0.5756819,0.23088652,14.227865,2.4785898,-0.43503037,0.014760653,-0.46327773,-0.40954307,-0.4383992,0.05373466,-0.44634986,-0.42183998,0.3347815,-1.124485,0.18946932,1.4470254,0.011678374,1.4300709,1.4612131,1.4404503,0.031142235,1.4404503,1.4612131,0.19307928,-1.5241038,2.0940192,-0.21321616,0.6821417,-3.8488235,4.8182664,-0.11190036,8.667089,-0.53836477,-0.04191241,1.7575173,17.318552,0.5107784
S3,1,0,-0.0011143548,0.7673069,-6.219902,5.1786427,0.0542252,11.398544,-0.3034111,0.30663073,-0.47998616,14.606436,0.5887612,-0.44888103,0.009639469,-0.46327773,-0.42204526,-0.4508594,0.041232467,-0.45631096,-0.44229287,0.74213606,-0.34426928,0.2015871,1.4537733,0.0107369935,1.4300709,1.4612131,1.4612131,0.031142235,1.4404503,1.4612131,-0.85741526,-0.9871969,2.1135716,-0.10639585,0.09971331,-0.5824526,0.73112535,-0.10021402,1.3135779,-0.11190036,-0.04191241,0.72197294,8.3113365,0.021262823
S3,1,0,-0.0005062732,0.28239277,-0.7129624,0.6717658,0.03939236,1.3847282,-0.20881052,0.21244219,-0.36450738,-0.58798313,0.07974593,-0.46155456,0.0071018054,-0.4742227,-0.44930223,-0.46254104,0.024920464,-0.46799257,-0.45631096,0.13932115,-1.1547506,0.21308304,1.452908,0.01337507,1.4300709,1.4923552,1.4612131,0.06228435,1.4404503,1.4612131,0.37215337,0.4338777,2.1111207,-0.1048418,0.054834533,-0.30003172,0.104853734,-0.098266296,0.40488547,-0.10021402,-0.098266296,-0.015614365,6.73328,0.01399863
S3,1,0,0.002203982,0.34146374,-1.8923382,1.2881529,0.065926656,3.180491,-0.1994988,0.21919937,-0.92038983,3.3723974,0.11660233,-0.47346318,0.006895137,-0.48590428,-0.46254104,-0.47344345,0.023363233,-0.47733772,-0.46799257,-0.16094664,-1.0571563,0.22421494,1.4466795,0.013294194,1.4300709,1.4923552,1.4404503,0.06228435,1.4404503,1.4612131,1.4436244,2.2983022,2.0930579,-0.085505776,0.07392138,-0.44260108,0.5149663,-0.098266296,0.9575674,-0.098266296,-0.09242886,0.20596068,9.406389,0.01277561
S3,1,0,-0.0002061829,0.32644004,-1.8923382,1.2881529,0.058015816,3.180491,-0.16777301,0.20469615,-1.003767,4.346408,0.10656316,-0.48502144,0.0066034505,-0.49524948,-0.47344345,-0.4862936,0.021806031,-0.49077123,-0.47733772,0.29555124,-1.2728145,0.2352894,1.4387207,0.0124521805,1.4093082,1.4612131,1.4404503,0.051904917,1.4300709,1.4404503,-0.082531266,0.7342701,2.0700727,-0.057283793,0.08837596,-0.44260108,0.5149663,-0.018650698,0.9575674,-0.098266296,-0.00509699,-0.80185807,3.9314036,0.011091743
S3,1,0,-0.0048004137,0.21919072,-0.62495416,0.41697058,0.03823869,1.0419247,-0.13571759,0.16481228,-0.6592726,-0.36933398,0.04806762,-0.4946003,0.0043607806,-0.5014796,-0.48668292,-0.49485987,0.014796704,-0.4985592,-0.49116054,0.20827977,-1.3042344,0.24464846,1.427821,0.012867231,1.4093082,1.4612131,1.4300709,0.051904917,1.4093082,1.4326657,-0.004177816,-0.1439395,2.0388386,-0.056661908,0.08476875,-0.30594665,0.19496179,-0.018650698,0.50090843,-0.08270173,-0.00509699,-0.9798706,0.326257,0.010396313
S3,1,0,0.0013940143,0.2354118,-1.6339171,1.250906,0.041370068,2.884823,-0.14181554,0.16720203,-1.0008645,6.0143824,0.055420652,-0.49983102,0.0021331501,-0.5045947,-0.49447027,-0.49992177,0.010124415,-0.5014796,-0.49836457,0.16005349,-0.26144505,0.24983558,1.4195162,0.011605116,1.4093082,1.4404503,1.4093082,0.031142116,1.4093082,1.4300709,0.39066494,-1.5375303,2.015161,-0.11737386,0.10858154,-0.46051228,0.1279069,-0.08270173,0.5884192,-0.231186,-0.018650698,-0.07678014,-0.69124913,0.025566572
S3,1,0,0.0014000224,0.25727293,-1.6339171,1.250906,0.037249833,2.884823,-0.16093342,0.17379439,-0.7168905,4.5880527,0.066191316,-0.50145996,0.001482588,-0.5045947,-0.49836457,-0.5014796,0.006230116,-0.5022582,-0.49992177,0.036821872,-0.945771,0.25146422,1.4141527,0.010799554,1.3885454,1.4404503,1.4093082,0.051904917,1.4093082,1.4144988,0.6660444,0.27736092,1.9999444,-0.20545886,0.088215746,-0.46051228,0.1279069,-0.24886093,0.5884192,-0.24886093,-0.21745244,1.3100215,1.7983379,0.04999536
S3,1,0,0.001171865,0.23181729,-0.97270197,0.94040513,0.04153488,1.9131072,-0.15088004,0.16711962,-0.40378082,0.6286752,0.053740628,-0.5044841,0.0031446386,-0.5108248,-0.49914315,-0.5045947,0.011681646,-0.50770974,-0.5014796,-0.12821427,-1.2101136,0.25451413,1.415537,0.012165838,1.3885454,1.4300709,1.4093082,0.041525483,1.4093082,1.4300709,-0.17895761,-0.59891033,2.0038931,-0.24696936,0.026604934,-0.44260108,-0.0593807,-0.24886093,0.38322037,-0.24886093,-0.24886093,2.8530884,36.22361,0.061701678
S3,1,0,0.00010661359,0.20875332,-0.59957355,0.42191488,0.05587329,1.0214884,-0.14601816,0.16580114,-0.6666365,-0.56102204,0.043577958,-0.50987065,0.0030650978,-0.5147185,-0.5045947,-0.5100456,0.010123789,-0.51238203,-0.50770974,0.048491493,-1.199071,0.25997743,1.4193435,0.012850352,1.3885454,1.4300709,1.4300709,0.041525483,1.4093082,1.4300709,-0.7803728,-0.39072633,2.014701,-0.24148385,0.036233738,-0.4366345,-0.08270173,-0.24886093,0.3539328,-0.24886093,-0.24886093,3.853467,15.554407,0.05962733
S3,1,0,-0.00033442277,0.2096148,-0.59957355,0.42191488,0.061312,1.0214884,-0.14750144,0.16711962,-0.74682015,-0.4918077,0.043938477,-0.51447177,0.0024708197,-0.51861215,-0.50848836,-0.5147185,0.010123789,-0.51627564,-0.51238203,0.13843685,-0.7529125,0.26468733,1.4165751,0.014595571,1.3885454,1.4300709,1.4093082,0.041525483,1.4093082,1.4300709,-0.60955155,-0.80959463,2.006898,-0.19424789,0.08441465,-0.44260108,-0.08270173,-0.24886093,0.35989934,-0.24886093,-0.08270173,0.37623984,-1.1864704,0.044858076
S3,1,0,-0.001167912,0.20748682,-0.54353833,0.31050375,0.05340115,0.85404205,-0.14725423,0.16819087,-0.67589915,-0.60933614,0.043052148,-0.51854724,0.0025025187,-0.5225058,-0.51393986,-0.51861215,0.008565962,-0.5209486,-0.51627564,0.018067226,-1.2154614,0.26889753,1.416229,0.013491331,1.3885454,1.4300709,1.4093082,0.041525483,1.4093082,1.4300709,-0.45898134,-0.7146783,2.0058868,-0.15174761,0.089921266,-0.44260108,-0.08270173,-0.088537246,0.35989934,-0.25475672,-0.08270173,-0.8113997,-0.6797633,0.031113176
S3,1,0,-0.00134182,0.2135256,-0.53892374,0.31050375,0.057026956,0.84942746,-0.15631874,0.17939791,-0.65851665,-0.69575524,0.04559498,-0.52231777,0.0020992772,-0.5264001,-0.51783353,-0.5225058,0.008566558,-0.52406365,-0.5209486,0.24547057,-0.78000116,0.27282032,1.4228038,0.01188161,1.4093082,1.4404503,1.4300709,0.031142116,1.4093082,1.4300709,-0.070799835,-1.5947685,2.0245116,-0.18358837,0.08847355,-0.44260108,0.08561757,-0.25475672,0.5282186,-0.25475672,-0.088537246,0.08639944,-1.2335382,0.04153227
S3,1,0,0.00036000434,0.6625357,-3.2431154,4.786726,0.07136537,8.029841,-0.24037153,0.22554453,1.6853178,16.30382,0.43895376,-0.52379745,0.0014895033,-0.52873653,-0.51939076,-0.52406365,0.00934577,-0.52484226,-0.52328503,0.050209265,0.9096873,0.27436605,1.4342227,0.021626053,1.4093082,1.4923552,1.4300709,0.08304703,1.4300709,1.4404503,1.3302937,1.8452363,2.057462,-0.107163556,0.32447454,-2.3475122,2.0569494,-0.11384808,4.404462,-0.25475672,-0.04967413,0.8731359,10.520297,0.11676775
S3,1,0,-0.0012516958,0.6807128,-3.2431154,4.786726,0.08174836,8.029841,-0.3048944,0.28215656,1.5393198,14.374224,0.46337146,-0.52392083,0.0013747517,-0.52873653,-0.51939076,-0.52406365,0.00934577,-0.52484226,-0.52328503,0.2841463,2.0434303,0.27449495,1.4878579,0.051675357,1.4093082,1.5754063,1.4923552,0.16609812,1.4378555,1.5338808,-0.07082758,-1.4829329,2.2163916,-0.003277964,0.30732885,-2.3475122,2.0569494,0.010379569,4.404462,-0.08659143,0.09764304,0.0682659,13.012777,0.09446176
S3,1,0,0.0027432183,0.30583712,-0.7043923,0.41400403,0.08867035,1.1183963,-0.2257035,0.25924805,-0.6905366,-0.73586655,0.093543865,-0.52462816,0.0008039828,-0.5264001,-0.5225058,-0.52484226,0.0038942695,-0.52484226,-0.52406365,-0.11404149,-0.36807418,0.27523533,1.5321507,0.018294675,1.4923552,1.5754063,1.5338808,0.083051085,1.513118,1.5338808,0.01654636,-0.08895612,2.34782,-0.014417457,0.101308346,-0.24689598,0.17965934,0.010379569,0.42655534,-0.08659143,0.010379569,-0.5423569,-0.20124555,0.010471244
S3,1,0,0.00411457,0.30792803,-0.7060404,0.47234654,0.08669264,1.1783869,-0.22669235,0.2669941,-0.65919775,-0.79364705,0.09483661,-0.525978,0.0012309494,-0.52873653,-0.52328503,-0.5256209,0.0054515004,-0.5271787,-0.52484226,-0.08291485,-0.8667023,0.27665436,1.5255755,0.01377246,1.513118,1.5546435,1.5234995,0.041525483,1.513118,1.5338808,0.6578767,-0.6280782,2.3275712,-0.03715122,0.11081505,-0.24689598,0.17965934,-0.034154043,0.42655534,-0.08659143,0.0219779,-0.40441054,-0.53895855,0.013660189
S3,1,0,-0.00042266547,0.4520609,-3.19598,3.0974302,0.08784631,6.2934103,-0.24259645,0.2623794,-1.1076832,15.556232,0.20435925,-0.5278732,0.0012428529,-0.5326302,-0.5256209,-0.5279573,0.0070093274,-0.52873653,-0.5271787,-0.27548587,0.525244,0.27865162,1.5245377,0.011637659,1.513118,1.5546435,1.5338808,0.041525483,1.513118,1.5338808,0.37050942,-0.8582225,2.3243506,-0.02349139,0.8275832,-4.7594724,10.0047865,-0.034154043,14.764259,-0.19001977,0.0219779,3.793101,47.794617,0.6854457
S3,2,1,-0.00050782214,0.65434533,-2.5865152,2.847579,-0.027190626,5.4340944,-0.26418647,0.18500143,0.71576065,3.7308693,0.428168,-0.5413653,0.002521861,-0.55755067,-0.5365239,-0.54119676,0.02102679,-0.5419754,-0.54041755,-2.7412956,13.968065,0.29308274,0.98419863,0.02088508,0.9421557,1.0148234,0.99406064,0.07266772,0.9732979,0.99406064,-0.87889785,-0.03218317,0.96908295,0.41283843,2.607759,-9.843218,13.7088,0.3083306,23.552017,-0.77579695,1.4265077,0.7810513,4.547585,6.970842
S3,2,1,-0.004748573,0.5850319,-2.5865152,3.4141936,0.015824616,6.0007086,-0.2135076,0.23609231,0.2887294,5.2797337,0.3422849,-0.53761417,0.00494212,-0.5528778,-0.5279573,-0.53963894,0.024920464,-0.54119676,-0.5334088,0.05450154,0.4991691,0.2890535,0.9487303,0.029603349,0.8902508,0.99406064,0.9421557,0.10380983,0.921393,0.9732979,-0.028978026,-0.941962,0.90096503,0.21954225,2.1644123,-10.791741,13.7088,0.1346254,24.500542,-0.47944137,0.9422816,0.56701314,7.2958565,4.7328796
S3,2,1,-4.2579322e-05,0.6066434,-2.5858557,3.4141936,0.031316694,6.0000496,-0.24210203,0.2988023,0.08745976,4.559681,0.36801618,-0.520715,0.019750506,-0.5528778,-0.47889498,-0.52951515,0.073982805,-0.53418744,-0.5043999,0.76442355,-0.7109542,0.27153414,0.91256994,0.023885652,0.869488,0.9732979,0.91101354,0.10380989,0.8902508,0.921393,0.2268697,-0.112090826,0.83335423,0.21127297,2.4082382,-10.791741,14.427516,0.12022697,25.219257,-0.43862337,0.9518801,0.46579376,7.205743,5.8442483
S3,2,1,0.0002985435,0.5035742,-2.5858557,2.9388835,0.027196461,5.5247393,-0.19686185,0.21919937,-0.33458996,5.5983524,0.25358707,-0.4884091,0.027722618,-0.542754,-0.42126605,-0.48901936,0.121487945,-0.50401026,-0.47889498,0.48895803,0.30252266,0.23931198,0.88090736,0.023344427,0.82796246,0.921393,0.869488,0.09343052,0.869488,0.8902508,0.0511573,-0.86743116,0.7765429,0.14924693,1.9963062,-9.04415,14.427516,0.019079274,23.471666,-0.42719364,0.64341176,1.2111852,12.839466,4.0075135
S3,2,1,0.0007692799,0.38065958,-1.4869071,1.7644519,0.01714309,3.251359,-0.18120496,0.16917974,0.029371222,3.5938096,0.14490229,-0.443591,0.036566198,-0.49213442,-0.3363808,-0.43995702,0.15575361,-0.47889498,-0.42827538,0.4816904,-0.4253626,0.19811004,0.8452648,0.024321906,0.7864369,0.8902508,0.84872526,0.10381389,0.82796246,0.869488,-0.17165619,-0.35178375,0.7150641,0.117294446,1.6956017,-8.979002,11.266683,0.00457849,20.245686,-0.38254642,0.5299645,0.8927003,9.697192,2.888823
S3,2,1,-0.00032584567,0.51297915,-2.3805034,2.3508437,-0.009061595,4.731347,-0.23616888,0.19447798,0.22510715,4.298591,0.26314774,-0.33329087,0.09155902,-0.44540793,-0.10586569,-0.31885839,0.33954224,-0.4308065,-0.25811437,0.31976968,-1.0244197,0.11946584,0.8054697,0.027930839,0.75529474,0.84872526,0.8071997,0.09343052,0.7864369,0.82796246,-0.32047057,-0.8455882,0.6495616,0.09687627,1.8132291,-8.979002,11.827736,-0.050644644,20.806738,-0.51636773,0.5958848,0.84495175,8.398905,3.2971845
S3,2,1,0.0024685285,0.64266104,-2.8841608,2.3508437,0.001651012,5.2350044,-0.31362927,0.32739672,-0.11224928,2.6540313,0.4130193,-0.029364007,0.2917746,-0.30133593,0.757716,-0.1510131,1.059052,-0.25733575,0.20418596,1.0343024,-0.20811892,0.085994676,0.792666,0.019439781,0.75529474,0.82796246,0.7864369,0.07266772,0.7864369,0.8071997,-0.32397848,-0.16436863,0.62869734,0.05141967,1.8932143,-10.677745,14.245559,-0.11385,24.923304,-0.51636773,0.34437066,1.5507108,13.902956,3.5869043
S3,2,1,0.0075098085,0.5872327,-2.8841608,2.1962523,0.06296009,5.080413,-0.28462285,0.2990495,-0.4315233,3.0241194,0.34489867,0.5266964,0.3972184,-0.16734636,1.1730431,0.6476677,1.3403895,0.20574349,0.823583,-0.3661325,-1.1692564,0.43519148,0.7876486,0.022272049,0.74491537,0.82796246,0.7864369,0.08304709,0.7864369,0.8071997,-0.34377107,-0.54465127,0.6208865,0.032794066,1.5290332,-10.677745,14.245559,-0.056467727,24.923304,-0.34345993,0.23363356,1.7279849,24.626286,2.3390174
S3,2,1,-0.00877129,0.8528733,-5.4841933,5.8599644,0.04532549,11.344158,-0.30753133,0.30193365,-0.051622123,14.136545,0.7274698,1.0323396,0.27593175,0.61130744,1.8585776,0.98056555,1.2472701,0.8144207,1.1555269,1.0917556,0.9076104,1.1418633,0.76186955,0.021936381,0.72415257,0.8071997,0.75529474,0.08304715,0.74491537,0.7864369,0.4127575,-0.58820295,0.58092654,0.19837458,2.1347826,-6.4327164,22.9493,-0.008967564,29.382017,-0.33357924,0.4510798,3.45604,25.60725,4.596649
S3,2,1,-0.006493144,0.8109082,-5.4841933,5.8599644,0.025877986,11.344158,-0.26080787,0.26608762,-0.010307737,17.572098,0.6576143,1.3149455,0.2636325,0.7374678,1.8834975,1.3271172,1.1460297,1.1017915,1.4351714,0.29155037,-0.27644014,1.7985837,0.7385128,0.017380012,0.7033898,0.7864369,0.74491537,0.08304709,0.72415257,0.75529474,0.29896954,0.1696577,0.54570323,0.17167462,2.0902069,-6.4327164,22.9493,-0.043852482,29.382017,-0.23903908,0.17965934,3.7456725,28.252644,4.3984375
S3,2,1,0.003910446,0.49709052,-3.7065594,4.075409,0.019285612,7.781968,-0.17065716,0.13391052,1.8010331,25.985716,0.24711427,1.4075196,0.17888446,1.1437173,1.8834975,1.355542,0.7397802,1.3140727,1.511442,0.91086066,0.3057418,2.013111,0.7300352,0.014480059,0.7033898,0.75529474,0.72415257,0.051904917,0.72415257,0.74491537,-0.08212808,-0.6963396,0.5331611,0.06499085,2.0034084,-12.092882,14.031375,-0.043852482,26.124256,-0.20569053,0.114464164,1.419958,16.494999,4.0178695
S3,2,1,0.00040326852,0.7251837,-3.7065594,4.075409,0.0074193394,7.781968,-0.22537386,0.1477545,0.84198993,8.174703,0.5258916,1.462398,0.16119994,1.1437173,1.7775854,1.4458549,0.6338681,1.3607624,1.5791945,0.06450374,-0.5076022,2.1645932,0.7148092,0.02678431,0.6618643,0.75529474,0.72415257,0.09343046,0.7033898,0.72415257,-0.50647485,-0.60453486,0.5116696,0.26873827,2.8155744,-12.092882,18.035397,0.018113066,30.128279,-0.3904741,0.51309127,1.3961233,8.605538,7.999679
S3,2,1,-0.0007557218,0.69800514,-3.1748843,3.1228106,-0.0018099844,6.297695,-0.2786073,0.2407894,0.2749516,3.6974726,0.48721173,1.6682895,0.21619856,1.3609449,2.3268743,1.6342924,0.9659294,1.518852,1.7644103,1.1063344,1.2587624,2.829932,0.68331915,0.02335747,0.6411015,0.72415257,0.682627,0.083051085,0.6618643,0.7033898,0.4964047,-0.7747719,0.46747062,0.26455364,2.74582,-11.493387,18.035397,0.03549717,29.528784,-0.5473737,0.7519433,1.3381509,8.220496,7.6095166
S3,2,1,0.0017047432,0.47511882,-2.1435075,2.0317726,0.00989148,4.17528,-0.21556771,0.21705684,0.09251547,3.1590939,0.22574082,1.754761,0.17341444,1.5509641,2.3268743,1.6909676,0.77591014,1.6339027,1.8314712,1.5650258,2.115377,3.109259,0.6646327,0.01391088,0.6411015,0.682627,0.6618643,0.041525543,0.6618643,0.682627,-0.16158281,-0.7946224,0.4419301,0.13510634,2.3798923,-11.493387,17.952759,-0.038034182,29.446146,-0.27639404,0.33252454,1.1149946,10.228587,5.682142
S3,2,1,0.0017935005,0.4470109,-1.8138889,2.9210842,0.001651012,4.734973,-0.24432695,0.2301592,0.8153875,5.209585,0.19982198,1.7375636,0.11896752,1.592239,2.0484219,1.7027366,0.45618284,1.6441782,1.8022677,1.0118018,0.041353226,3.0332804,0.64992577,0.02469967,0.58919656,0.682627,0.6618643,0.09343046,0.6411015,0.6618643,-0.5419029,-0.19347501,0.42301357,0.2104067,2.41247,-9.360871,17.952759,-0.012840053,27.31363,-0.22529882,0.5252784,1.0346155,8.846176,5.864282
S3,2,1,-0.007679266,0.59432673,-2.6900153,2.9210842,0.031316698,5.6110992,-0.31132194,0.28421664,-0.26465863,2.6481166,0.35328323,1.7763206,0.11314669,1.5852299,2.0484219,1.75578,0.463192,1.697631,1.8447106,0.5431437,-0.4319899,3.1681166,0.6232807,0.029183704,0.5788171,0.682627,0.62033874,0.10380989,0.6125532,0.6411015,0.560158,-0.1841619,0.38933054,0.33369794,2.9938617,-13.079447,25.635874,0.09812376,38.71532,-0.3840323,0.8386395,1.3990724,12.7228985,9.074563
S3,2,1,0.0025062968,0.53924173,-2.6900153,1.57591,0.062630475,4.2659254,-0.26039585,0.28190935,-0.8070093,2.760387,0.290788,1.8563647,0.25192115,1.5470706,2.5379205,1.7972693,0.99084985,1.6929142,1.9483503,1.0681176,0.46809936,3.5095534,0.6028647,0.017213374,0.5788171,0.62033874,0.58919656,0.04152161,0.58919656,0.62033874,-0.049827773,-1.826453,0.36374214,0.1664864,2.3132284,-13.079447,25.635874,-0.020588854,38.71532,-0.19393626,0.20451865,2.8090754,35.15253,5.3787427
S3,2,1,0.007697626,0.5666787,-2.9088821,2.1919675,0.03939236,5.1008496,-0.24160759,0.23971812,-0.7273286,6.6255884,0.32118404,2.047931,0.2860496,1.5470706,2.6000211,2.0632617,1.0529505,1.8675969,2.236098,-0.22230524,-0.67996025,4.2758455,0.59283024,0.018357795,0.5580544,0.62033874,0.58919656,0.06228435,0.5788171,0.62033874,0.3296225,-0.71150804,0.3517846,0.07597277,1.0398065,-7.1472526,7.7878337,-0.008967564,14.935086,-0.18023524,0.25222066,0.73196,18.140017,1.0869694
S3,2,1,-0.00054301374,0.5939661,-2.9088821,2.1919675,0.008737815,5.1008496,-0.25330904,0.23774043,-0.3993801,5.5352945,0.35279608,2.2333143,0.16630897,1.9569595,2.6280565,2.2204719,0.67109704,2.0859325,2.3419094,0.5023341,-0.53452635,5.015351,0.5608221,0.03061192,0.51652884,0.62033874,0.5580544,0.10380989,0.5372916,0.58141196,0.21018426,-0.91179085,0.31545857,0.15763769,2.1555064,-10.683389,15.27274,0.06635845,25.95613,-0.3840323,0.514498,0.94460154,8.975143,4.6710563
S3,2,1,0.00078112644,0.36988994,-1.2014574,1.9770559,0.0112099545,3.1785133,-0.16216949,0.15558295,0.7185902,4.424283,0.13681918,2.2204523,0.13655904,2.0184827,2.6280565,2.1894221,0.60957384,2.1278992,2.2996612,0.8802243,0.3730266,4.949057,0.5307167,0.014920163,0.51652884,0.5788171,0.5372916,0.062288284,0.51652884,0.5372916,0.8237049,0.31168056,0.28188285,0.055154834,1.9132605,-10.683389,15.27274,-0.04191241,25.95613,-0.19785276,0.13606419,1.4359564,14.766626,3.6636071
S3,2,1,-0.0024403816,0.25300384,-1.1114714,1.4186819,0.022252182,2.5301533,-0.10522786,0.11611111,-0.07718732,4.4070287,0.06401691,2.0784085,0.09470845,1.9098012,2.3183076,2.0745535,0.4085064,1.9997922,2.1458108,0.3347625,-0.46101117,4.328752,0.5276023,0.011663336,0.51652884,0.5580544,0.5269102,0.041525543,0.51652884,0.5372916,0.4329253,-0.82244873,0.27850023,-0.038941134,0.45659634,-2.823813,3.9932277,-0.04191241,6.8170404,-0.16067955,0.079843275,2.515687,29.38966,0.20999666
S3,2,1,-0.0008717733,0.2993608,-1.1114714,3.7896295,0.015989427,4.901101,-0.10217888,0.110837206,4.25806,52.599514,0.089617655,2.013846,0.101447016,1.863854,2.3292108,1.9908364,0.4653567,1.9478743,2.0572262,1.2512608,1.4317875,4.065867,0.52379584,0.016004393,0.4750033,0.5580544,0.51652884,0.083051085,0.51652884,0.5372916,-0.69160694,1.2726841,0.2746182,-0.032731853,0.47460696,-2.823813,3.9932277,-0.02834244,6.8170404,-0.16067955,0.095239475,2.2519233,24.878101,0.22632319
S3,2,1,-0.00074181356,0.34038806,-2.0001235,3.7896295,0.01252843,5.789753,-0.11346833,0.11742958,2.3806,34.34029,0.11586458,1.9029732,0.15247701,1.6785071,2.3292108,1.8802084,0.65070367,1.8034992,1.9672787,0.9270911,0.6513915,3.6445568,0.49576613,0.030970491,0.42309836,0.5580544,0.49576607,0.13495603,0.4750033,0.51652884,-0.24478444,-0.53193545,0.24674323,-0.0072523067,1.1352487,-6.0649133,13.380594,-0.018650698,19.445507,-0.16067955,0.095239475,4.126348,49.5989,1.288842
S3,2,1,0.00041597112,0.2450748,-2.0001235,0.93546075,0.01780233,2.9355843,-0.08742845,0.099547766,-1.7688391,15.088617,0.060061827,1.6950148,0.111431934,1.5143621,1.9004563,1.6785071,0.3860942,1.5910707,1.8011631,0.13824615,-1.2210283,2.8854928,0.44645533,0.035235908,0.39195618,0.51652884,0.45424053,0.124572664,0.40233558,0.4750033,0.030558713,-1.1340334,0.20056388,-0.026055308,1.1266656,-6.0649133,13.380594,-0.057438716,19.445507,-0.16067955,0.03549717,4.269411,51.494823,1.2700541
S3,2,1,0.0026293953,0.24050452,-1.160255,1.0771968,0.01697828,2.2374518,-0.076139,0.09163692,-0.20757522,6.7579374,0.05784934,1.5034589,0.11120226,1.3111525,1.6785071,1.5124152,0.36735463,1.4002725,1.5902921,-0.04833672,-1.2158781,2.2727547,0.41029492,0.02061991,0.39195618,0.45424053,0.40233558,0.06228435,0.39974073,0.42309836,1.2812473,0.2812035,0.16876704,-0.04172351,0.5891517,-3.889455,4.8406405,-0.057438716,8.730096,-0.1431022,0.027773239,1.0734782,28.28831,0.34884056
S3,2,1,-0.0008923738,0.24631995,-1.160255,1.0771968,0.015494998,2.2374518,-0.072595604,0.08949439,-0.22756112,6.0325727,0.060674313,1.3508761,0.08436645,1.192001,1.5104682,1.3531816,0.31846726,1.2837008,1.4142904,-0.09408675,-0.9285252,1.8319837,0.3931668,0.012296177,0.3711934,0.42309836,0.39195618,0.051904947,0.39195618,0.40233558,0.19487086,0.93740845,0.1547313,-0.035129614,0.5917643,-3.889455,4.8406405,-0.057438716,8.730096,-0.16067955,0.03549717,1.0248859,27.69557,0.35141906
S3,2,1,0.0010029332,0.19367419,-1.5904074,0.86228544,0.023405846,2.4526927,-0.05636188,0.08306683,-3.0347474,21.862366,0.037510704,1.2099969,0.10137418,1.067398,1.4287462,1.1912221,0.36134827,1.121133,1.2817538,0.47549438,-0.8482199,1.4743693,0.3781143,0.012947862,0.35043064,0.39195618,0.3711934,0.041525543,0.3711934,0.39195618,-0.38179713,-0.67347145,0.1431381,-0.051642146,0.16137189,-0.8210727,1.2616485,-0.04191241,2.0827212,-0.135296,0.04707828,0.6330405,7.293458,0.028707799
S3,2,1,0.00029871662,0.21462566,-1.5904074,0.86228544,0.024724321,2.4526927,-0.06699209,0.0913073,-2.38962,14.851118,0.046064258,1.0660539,0.06922994,0.9409709,1.1904432,1.0701237,0.24947226,1.0083339,1.1195755,0.0018293023,-1.0910392,1.1412638,0.3538911,0.0218311,0.3089051,0.39195618,0.35043064,0.083051085,0.35043064,0.3711934,-0.5081906,-0.265599,0.12571552,-0.055815775,0.15746707,-0.8210727,1.2616485,-0.04191241,2.0827212,-0.16067955,0.058649827,0.8465506,8.041208,0.027911277
S3,2,1,-0.0025030428,0.288632,-1.4081283,0.9862221,0.028350128,2.3943503,-0.096904986,0.124351576,-0.80561435,3.2662215,0.083314694,0.9531937,0.06274405,0.85452724,1.0728495,0.93980265,0.21832228,0.9010589,1.0059977,0.1941209,-1.1526695,0.9125153,0.33243623,0.01628992,0.3089051,0.35043064,0.32966787,0.041525543,0.32447717,0.35043064,-0.23865712,-1.3404188,0.11077923,-0.057138536,0.1303868,-0.5303625,0.33205053,-0.04191241,0.86241305,-0.16067955,0.02970422,0.14443049,0.07259607,0.02026553
S3,2,1,8.892665e-05,0.3285492,-1.4081283,1.2380508,0.01747271,2.6461792,-0.095256895,0.13415775,-0.49785292,2.8669724,0.10794459,0.8603552,0.0469071,0.77119917,0.93863446,0.85608506,0.16743529,0.829412,0.9006693,-0.052019615,-0.98569083,0.7424114,0.3140958,0.020281378,0.26737955,0.35043064,0.3089051,0.083051085,0.3089051,0.32966787,-0.19446631,-0.10446024,0.09906752,-0.04976264,0.12457659,-0.4963969,0.36236078,-0.04191241,0.8587577,-0.16067955,-0.00509699,0.10563577,0.22973514,0.017995648
S3,2,1,-0.0020913656,0.40226036,-1.297706,2.4045715,0.0019806307,3.7022777,-0.10053079,0.112485304,0.4932286,4.8075094,0.16181777,0.78660315,0.04088487,0.71955603,0.86075723,0.7762613,0.1412012,0.7517302,0.8290227,0.30904886,-1.3337548,0.6204162,0.28935355,0.020333448,0.23623739,0.32966787,0.28814232,0.093430474,0.28295162,0.3089051,-0.60247725,0.38682866,0.08413896,0.084234715,1.709482,-10.571567,23.98014,-0.018650698,34.55171,-0.16067955,0.095239475,4.5147457,65.85861,2.9294238
S3,2,1,-6.0948234e-05,0.3539147,-1.297706,2.4045715,0.01236362,3.7022777,-0.08454428,0.0982293,0.7127301,8.209839,0.12525561,0.71936417,0.03600811,0.6572549,0.78964525,0.72306067,0.13239038,0.6852904,0.7517302,-0.057658803,-1.3157939,0.51878136,0.2578642,0.025519246,0.225856,0.3089051,0.26737955,0.08304909,0.23623739,0.28814232,0.24720839,-1.4233814,0.06714521,0.078856274,1.7104576,-10.571567,23.98014,-0.018650698,34.55171,-0.1621456,0.095239475,4.516089,65.758484,2.931883
S3,2,1,0.0020870708,0.175106,-0.6107806,0.67077696,0.013517286,1.2815576,-0.08215455,0.100207,-0.27350318,1.6134067,0.030666469,0.6620571,0.029642181,0.6042988,0.7250075,0.658812,0.120708704,0.6391484,0.6852904,0.09623784,-0.80992985,0.43919823,0.23312284,0.011419125,0.20509323,0.26737955,0.23623739,0.062286317,0.225856,0.23623739,1.2139733,3.678032,0.05447666,-0.05784933,0.14498335,-0.64478743,0.37182197,-0.055496734,1.0166094,-0.16067955,0.058649827,-0.19707273,0.07282972,0.024366716
S3,2,1,-0.0014427674,0.18874322,-0.6107806,0.67077696,0.011869193,1.2815576,-0.0988827,0.110177964,-0.27063394,0.89624095,0.035626087,0.6055445,0.035146844,0.54355484,0.66192704,0.60351986,0.1183722,0.5747055,0.63875914,-0.09656841,-1.3987358,0.36791947,0.22153051,0.013965391,0.18433245,0.23623739,0.225856,0.051904947,0.20509323,0.22845136,-1.0194889,0.27631402,0.049270812,-0.05168066,0.17332587,-0.64478743,0.9975158,-0.054526698,1.6423032,-0.16067955,0.058649827,0.5667669,3.275879,0.032712746
S3,2,1,-0.0012606194,0.16672827,-0.8293178,0.7891101,0.008078577,1.618428,-0.0778695,0.075815216,-0.57441527,4.286896,0.027799904,0.5462998,0.031470302,0.4960496,0.60274094,0.5431652,0.10669133,0.5190235,0.5747055,0.13370603,-1.2656596,0.29943383,0.20734292,0.016961822,0.16356967,0.23623739,0.20509323,0.07266772,0.20509323,0.225856,-0.3962519,-0.15735316,0.0432788,-0.046786897,0.17033096,-0.6105731,0.9975158,-0.023495134,1.608089,-0.16067955,0.058649827,0.52831835,3.4539528,0.03120165
S3,2,1,-0.00078627776,0.19658935,-0.8293178,0.7891101,0.009397052,1.618428,-0.09426803,0.08941199,-0.13068461,2.5231876,0.038647994,0.49110463,0.031501558,0.44075716,0.5427755,0.49721786,0.10201836,0.4617839,0.51824456,-0.15372927,-1.3265958,0.24217609,0.19851907,0.014919341,0.16356967,0.225856,0.20509323,0.062286332,0.18433245,0.20509323,-0.25420073,-0.088128805,0.039632417,-0.045538936,0.11686273,-0.49839246,0.3869484,-0.018650698,0.88534087,-0.12359436,-0.018650698,-0.2835139,0.8781059,0.01573069
S3,2,1,0.006496923,0.18462618,-0.57386327,0.72813064,0.023076227,1.3019938,-0.09294956,0.09699322,0.066072956,1.1960163,0.034129035,0.44153064,0.026903389,0.3919902,0.49838609,0.44075716,0.10639587,0.4200258,0.46022633,0.29332182,-0.7733145,0.19567312,0.18917628,0.017106578,0.16356967,0.225856,0.18433245,0.062286332,0.18433245,0.20509323,-0.0976369,-0.91794777,0.036080297,-0.04432076,0.23759788,-1.1444006,1.9812214,-0.018650698,3.125622,-0.12944327,-0.018650698,1.4007719,15.390966,0.05841708
S3,2,1,-0.0008255889,0.360539,-1.6510572,2.7615485,0.011869192,4.412606,-0.13291582,0.11536947,1.9924033,17.809982,0.12998904,0.39505613,0.028392723,0.3444857,0.4415358,0.3919902,0.0970501,0.3731052,0.4200258,-0.20920211,-1.1175073,0.15687548,0.18121763,0.015079206,0.16356967,0.20509323,0.18433245,0.04152356,0.16356967,0.18433245,0.23678376,-1.0855381,0.033067215,0.004244536,0.8647343,-5.214482,8.306762,-0.055496734,13.521244,-0.16067955,0.079843275,2.4077644,30.036987,0.7477835
S3,2,1,-0.0045077046,0.35502705,-1.6510572,2.7615485,0.0028046775,4.412606,-0.1272299,0.1177592,2.1118448,19.167225,0.12606452,0.34479696,0.030070158,0.29464415,0.3943267,0.3444857,0.09968254,0.32384804,0.37271592,0.06801565,-1.2280575,0.11978916,0.1736049,0.015393924,0.1428069,0.20509323,0.17395106,0.062286332,0.16356967,0.18433245,-0.06553925,-0.320359,0.030375628,0.0034670234,0.83670074,-5.214482,8.306762,-0.055496734,13.521244,-0.12359436,0.027773239,2.6409001,34.589115,0.70008004
S3,2,1,-0.006115973,0.26162577,-1.4845998,2.0380354,0.0044527715,3.5226352,-0.10011877,0.082160376,1.109162,14.535143,0.068485424,0.296773,0.02542741,0.25414836,0.3444857,0.29464415,0.090337336,0.2773168,0.32306913,0.15414396,-1.239447,0.08872076,0.1601092,0.016595794,0.12204414,0.18433245,0.16356967,0.062288307,0.1428069,0.16356967,-0.4750487,-0.0657866,0.025910381,-0.04169597,0.29946077,-1.9506195,1.4438411,-0.055496734,3.3944607,-0.12944327,0.0219779,-0.32802656,8.765105,0.09141529
S3,2,1,0.00084533246,0.33342046,-1.5637082,2.0380354,0.011704383,3.6017437,-0.12673548,0.13028471,0.18070646,7.148342,0.11116991,0.2562187,0.020738129,0.22299777,0.29464415,0.25414836,0.07164638,0.2362366,0.27692717,0.16956706,-1.3570955,0.06607809,0.15145807,0.014330657,0.12204414,0.18433245,0.1428069,0.062288307,0.1428069,0.16356967,-0.15558642,-0.31706285,0.023144912,-0.027416388,0.55133337,-5.214482,4.5705633,-0.055496734,9.785046,-0.1514006,0.095239475,-1.2634717,30.579376,0.30472007
S3,2,1,0.008909148,0.35651553,-2.179436,0.98193705,0.026207607,3.1613731,-0.09954193,0.16547152,-1.5584539,7.6799755,0.12718269,0.2145027,0.02591728,0.1692625,0.25414836,0.22182953,0.084885865,0.19087376,0.2362366,-0.22734463,-1.365752,0.046683114,0.13588627,0.020646533,0.08052058,0.16356967,0.1428069,0.083049096,0.12204414,0.1428069,-0.8209991,0.22301912,0.01889136,-0.022783676,0.52404445,-5.214482,4.5705633,-0.055496734,9.785046,-0.12944327,0.095239475,-1.2806393,38.601833,0.2751417
S3,2,1,-0.002617204,0.3405369,-2.179436,0.98193705,0.010880336,3.1613731,-0.11618768,0.16093926,-1.4040737,7.098895,0.11597224,0.17157963,0.023240365,0.13577603,0.22066131,0.1696521,0.084885284,0.1532979,0.19048415,0.2271673,-0.96062946,0.029979683,0.11062583,0.019850861,0.08052058,0.1428069,0.10128335,0.062286325,0.10128335,0.12204414,0.37153172,-0.8695071,0.0126321325,-0.033913877,0.2563005,-2.027785,2.3685985,-0.018650698,4.3963833,-0.12359436,0.058649827,1.1063172,26.782536,0.0668401
S4,1,0,0.010612083,1.0623531,-4.715377,4.322729,0.11844313,9.038106,-0.5855266,0.5468432,-0.27935356,2.4934783,1.1287068,-0.387115,0.009774561,-0.410475,-0.36223954,-0.38635728,0.048235446,-0.39563367,-0.3826473,0.49479398,0.14112926,0.14995357,0.50004715,0.11805058,0.3088397,0.6983388,0.43277,0.3894991,0.3973604,0.62751955,0.27218062,-1.4614769,0.2639831,-0.04886986,1.6568365,-8.63176,21.520943,-0.16727218,30.152702,-0.38130915,0.1805136,2.7083728,34.921074,2.7474961
S4,1,0,0.023203176,1.0353773,-6.169904,2.8218772,0.11468176,8.991781,-0.49037057,0.5327215,-1.2769771,5.739504,1.0725443,-0.39974612,0.006925912,-0.41233146,-0.3826473,-0.40120006,0.029684156,-0.40491006,-0.39563367,0.4219863,-0.69606924,0.15984495,0.64551926,0.06395712,0.43277,0.71604025,0.6629292,0.28327024,0.62751955,0.6983388,-1.3753523,1.1724133,0.42078564,0.047795143,1.4088358,-5.8947244,21.520943,-0.04488656,27.415667,-0.3984043,0.36936736,4.134869,58.12515,1.9871025
S4,1,0,-0.014707936,0.8432661,-6.169904,2.1234503,0.10927067,8.293354,-0.47433528,0.4401061,-1.8400784,10.816372,0.711314,-0.40902233,0.0049036792,-0.42160636,-0.39934364,-0.40862003,0.022262722,-0.41233146,-0.40491006,-0.025258534,-0.67548394,0.16732334,0.69686234,0.027481988,0.6629292,0.76915133,0.6983388,0.10622215,0.6629292,0.71604025,0.7536646,0.9015286,0.48637226,0.17376682,0.8039307,-5.8947244,6.823573,0.2358728,12.718298,0.009829569,0.3229238,0.73406094,16.642565,0.6764995
S4,1,0,-0.008295803,0.61766046,-2.059323,2.8918252,0.12405218,4.951148,-0.44388142,0.39820313,0.12275337,2.0605588,0.3815733,-0.4178193,0.006013685,-0.43459415,-0.40862003,-0.41696888,0.025974125,-0.4234628,-0.41233146,-0.28689256,-0.92162347,0.17460915,0.74672765,0.046037357,0.6629292,0.80456096,0.76915133,0.14163178,0.6983388,0.77800375,-0.17272975,-1.3313333,0.5597217,0.18407527,0.36729875,-4.491919,2.4458747,0.22481239,6.9377937,0.039613087,0.28618515,-1.8238577,34.730553,0.16879208
S4,1,0,0.006501177,0.66507065,-2.059323,2.8918252,0.118509114,4.951148,-0.4303867,0.40681466,0.13454813,1.423336,0.44236127,-0.42493105,0.003934776,-0.43644914,-0.4160414,-0.4253178,0.020407736,-0.42717275,-0.4234628,0.36572325,0.48238397,0.1805819,0.80721676,0.030635638,0.71604025,0.87538016,0.80456096,0.1593399,0.79570854,0.8399706,-0.17381953,0.050883293,0.65253735,0.055243954,0.38898218,-4.491919,2.4458747,-0.0075644194,6.9377937,-0.109736905,0.22481239,-0.78755903,25.705734,0.15435903
S4,1,0,0.0034758572,0.56843066,-1.4259615,1.6613959,0.13579822,3.0873575,-0.398778,0.4012716,-0.29561478,-0.23244333,0.3231255,-0.42913607,0.0031252997,-0.4401591,-0.4234628,-0.42902774,0.016696304,-0.43088272,-0.42717275,-0.68232805,0.85183954,0.18416747,0.82403624,0.021851879,0.76915133,0.87538016,0.8399706,0.10622883,0.80456096,0.8399706,-0.19040994,-0.2484796,0.6795132,-0.006591351,0.20019597,-1.0215958,1.2707733,-0.0075644194,2.2923691,-0.11223544,0.06440198,0.25475958,4.900621,0.040121872
S4,1,0,0.00013826539,0.4930606,-1.4086725,1.3561312,0.10029617,2.7648036,-0.3833366,0.38929462,-0.36166146,-0.65142107,0.24310876,-0.43360394,0.0039351783,-0.4457255,-0.42717275,-0.4327377,0.01855275,-0.4350579,-0.43088272,-0.82963,0.20697689,0.18802786,0.8116428,0.021245778,0.76915133,0.8399706,0.80456096,0.07081926,0.80456096,0.8399706,-0.111102775,-0.4444449,0.65921557,-0.01748955,0.2231081,-1.4869256,1.2848237,-0.0075644194,2.7717493,-0.10224373,0.06440198,-0.021135371,7.482745,0.050083105
S4,1,0,-0.0006147643,0.51166433,-1.5151786,1.3713087,0.09508304,2.8864872,-0.37350425,0.38609415,-0.36401048,-0.28114367,0.26180077,-0.43960273,0.0045483354,-0.45129046,-0.43088272,-0.44201407,0.020407736,-0.44247818,-0.43459415,0.24529123,-0.92880034,0.19327122,0.812233,0.023391504,0.76915133,0.87538016,0.80456096,0.10622883,0.80456096,0.8399706,0.42613432,0.4224229,0.6602697,-0.03191302,0.2507892,-1.4869256,2.1909177,-0.04986768,3.6778433,-0.109736905,0.06440198,0.58530056,11.246948,0.06391366
S4,1,0,-0.0049635014,0.5351086,-1.5151786,1.3713087,0.090331845,2.8864872,-0.39250904,0.4193526,-0.41615725,-0.46759892,0.28636587,-0.445957,0.0037225136,-0.46056682,-0.4401591,-0.4457255,0.020407706,-0.44943547,-0.44201407,-0.6575028,0.3812232,0.1988915,0.8175444,0.023279559,0.76915133,0.87538016,0.80456096,0.10622883,0.80456096,0.8399706,0.85138637,0.45317817,0.6689209,-0.0328528,0.2266778,-1.3615746,2.1909177,-0.04986768,3.5524924,-0.15475245,0.1064743,0.8911853,15.040232,0.052462135
S4,1,0,-0.004323269,0.49594826,-1.4035252,0.9500354,0.11072242,2.3535607,-0.37937725,0.41648206,-0.5825578,-0.62880445,0.24598333,-0.45189375,0.004001761,-0.46427682,-0.44387054,-0.45129046,0.020406276,-0.4550019,-0.44897172,-0.065379694,-0.4250412,0.20422405,0.8210855,0.021891685,0.80456096,0.87538016,0.80456096,0.0708192,0.80456096,0.8399706,0.97299224,-0.098178625,0.6746605,-0.05137562,0.17515653,-1.0896474,1.5639652,-0.04986768,2.6536126,-0.15475245,0.06440198,0.44681394,10.540387,0.03331927
S4,1,0,-0.0028174864,0.49853364,-1.737429,0.9442284,0.13329063,2.6816573,-0.37241542,0.41486531,-0.69415224,-0.47834706,0.24854374,-0.45715037,0.0030390134,-0.46798825,-0.45129046,-0.45685688,0.016697794,-0.45871186,-0.4550019,-0.29085746,0.15209699,0.20899563,0.8187248,0.021635637,0.76915133,0.87538016,0.80456096,0.10622883,0.80456096,0.8399706,0.3857764,-0.06888199,0.6707784,-0.032519754,0.11532912,-0.7182034,0.6916739,-0.00010809823,1.4098773,-0.087264754,0.03713174,-0.8215811,6.7326555,0.01435834
S4,1,0,0.0029084943,0.51839167,-1.737429,1.1433829,0.15579286,2.880812,-0.38967153,0.42067236,-0.603594,-0.4940381,0.26873836,-0.46084514,0.00280983,-0.4735532,-0.4550019,-0.46056682,0.01855132,-0.46242186,-0.45871186,-0.968503,2.717743,0.21238616,0.8069216,0.02030701,0.76915133,0.8399706,0.80456096,0.07081926,0.80456096,0.80456096,0.0031418444,-0.0010955334,0.6515348,-0.02433747,0.18341245,-1.4735509,1.0352912,0.03713174,2.508842,-0.10224373,0.03713174,-1.0592921,11.234085,0.034232438
S4,1,0,0.0034909844,0.5015944,-1.5034325,1.1433829,0.14233112,2.6468153,-0.36047146,0.4041421,-0.64858043,-0.31303668,0.25160915,-0.46345785,0.0027076749,-0.4735532,-0.45685688,-0.46242186,0.016696334,-0.46427682,-0.46242186,-0.74542874,1.8016925,0.21480054,0.8057413,0.02236389,0.76915133,0.8399706,0.80456096,0.07081926,0.80456096,0.80456096,-0.026172481,-0.49724936,0.6497192,-0.027277587,0.21678308,-1.4735509,1.0352912,-0.0075644194,2.508842,-0.109736905,0.1064743,-0.6290061,6.156562,0.04773897
S4,1,0,-0.0022872393,0.47523633,-1.5034325,0.91756886,0.12906733,2.4210014,-0.33526367,0.3739522,-0.705179,-0.24308419,0.22585481,-0.46655017,0.0031272303,-0.47911963,-0.45871186,-0.46613324,0.020407766,-0.46798825,-0.46427682,-0.44787127,1.1367917,0.21767883,0.8069216,0.020307008,0.76915133,0.8399706,0.80456096,0.07081926,0.80456096,0.80456096,0.0031418735,-0.001095295,0.6515348,-0.020462194,0.18536396,-0.92515135,0.94276154,-0.02995058,1.8679129,-0.11223544,0.1064743,0.16197507,3.9065223,0.0347785
S4,1,0,-0.002078481,0.46669167,-1.5603149,0.91756886,0.120422795,2.4778838,-0.34417218,0.37200552,-0.61605746,-0.45215297,0.21780545,-0.47041517,0.0029893108,-0.48282963,-0.46427682,-0.46984324,0.01855281,-0.47169822,-0.46798825,-0.67579454,1.719666,0.2212994,0.80928224,0.01881122,0.76915133,0.8399706,0.80456096,0.07081926,0.80456096,0.80456096,0.120550625,0.26356268,0.6552916,-0.036156315,0.1681611,-0.6924846,0.94276154,-0.04986768,1.6352462,-0.11223544,0.01727852,0.6340114,3.8243413,0.029585432
S4,1,0,0.006614667,0.472359,-1.5603149,0.8162099,0.13698602,2.376525,-0.35242078,0.3934189,-0.62943524,-0.5879698,0.22316678,-0.47378522,0.0028896013,-0.48468462,-0.46798825,-0.4735532,0.016696364,-0.4754082,-0.47169822,-1.2211674,2.8634877,0.22448082,0.8181346,0.023391508,0.76915133,0.8399706,0.80456096,0.07081926,0.80456096,0.8399706,-0.6065025,-0.66281605,0.6698914,-0.05074642,0.120990284,-0.6924846,0.5976653,-0.064819634,1.2901499,-0.11223544,-0.0075644194,0.37998897,4.937188,0.01721385
S4,1,0,-0.0028745383,0.45326915,-1.2212639,0.84960026,0.13362058,2.0708642,-0.36581653,0.37035578,-0.5782299,-0.78039026,0.20546119,-0.47673836,0.0028861414,-0.49025103,-0.47169822,-0.47726464,0.01855281,-0.47911963,-0.4754082,-1.2074782,2.9729838,0.22728778,0.82108533,0.021891693,0.76915133,0.8399706,0.8399706,0.07081926,0.80456096,0.8399706,-0.7197049,-0.46323943,0.6746606,-0.049380414,0.120346904,-0.8809957,0.76850474,-0.04986768,1.6495004,-0.11223544,-0.0075644194,0.38235453,9.316354,0.016921801
S4,1,0,-0.006215847,0.43703642,-1.1614779,0.84960026,0.118509114,2.0110781,-0.33635247,0.3535946,-0.595712,-0.69285345,0.1910395,-0.47973788,0.0027759064,-0.49025103,-0.47169822,-0.47911963,0.01855281,-0.4809746,-0.47726464,-0.61406595,1.5297275,0.23015615,0.81813455,0.017216105,0.80456096,0.8399706,0.80456096,0.03540963,0.80456096,0.8399706,0.47993195,-1.7696712,0.6696407,-0.03276959,0.14683197,-0.8809957,0.76850474,-0.0075644194,1.6495004,-0.11223544,0.059446655,0.14238922,3.4151235,0.022633472
S4,1,0,0.007315868,0.4260995,-1.1614779,0.6742018,0.118509114,1.8356798,-0.29256883,0.35448545,-0.6140799,-0.6056998,0.18161432,-0.48276794,0.0026010012,-0.492106,-0.47726464,-0.48282963,0.014841348,-0.48468462,-0.4809746,-0.5676435,0.66595745,0.23307167,0.8169543,0.016889317,0.80456096,0.8399706,0.80456096,0.03540963,0.80456096,0.8399706,0.6289735,-1.6043934,0.6676996,-0.022694023,0.13799895,-0.4243863,0.50081664,-0.04986768,0.92520297,-0.15475245,0.116360374,-0.010452577,-0.42114615,0.019558728
S4,1,0,-0.0023111573,0.4079683,-1.0495607,0.6581005,0.107884906,1.7076612,-0.30576664,0.321458,-0.59148306,-0.70160794,0.16644345,-0.48473132,0.0022655793,-0.49396098,-0.4809746,-0.48468462,0.012986362,-0.486541,-0.48282963,-1.1880832,2.832286,0.23496963,0.8228559,0.02374616,0.76915133,0.87538016,0.80456096,0.10622883,0.80456096,0.8399706,0.2708215,-0.24941993,0.67765576,-0.02029064,0.12509297,-0.59504884,0.7036974,-0.04986768,1.2987462,-0.04986768,0.06440198,0.35775664,2.1960187,0.01605996
S4,1,0,-0.003724352,0.40656814,-1.0495607,0.6903031,0.083798945,1.7398638,-0.2958023,0.3270011,-0.56320596,-0.6854212,0.1653115,-0.48579827,0.002161136,-0.49581596,-0.4809746,-0.48468462,0.014841348,-0.486541,-0.48468462,-1.5446588,4.6001554,0.23600464,0.83465916,0.022231111,0.76915133,0.87538016,0.8399706,0.10622883,0.8399706,0.8399706,-0.6839308,1.2569962,0.69715005,-0.017886775,0.121722296,-0.59504884,0.7036974,-0.04986768,1.2987462,-0.092256926,0.06440198,0.1508502,3.7510982,0.015136253
S4,1,0,0.0049945028,0.4421085,-1.0974687,0.70561254,0.08861613,1.8030813,-0.339322,0.3916372,-0.51269984,-0.8126879,0.19548489,-0.48791656,0.0025962275,-0.4995274,-0.48282963,-0.488396,0.016697764,-0.49025103,-0.486541,-1.0492985,2.4259849,0.23806928,0.8423312,0.015658714,0.80456096,0.9107898,0.8399706,0.10622883,0.8399706,0.8399706,2.627955,10.968017,0.70976704,-0.012055543,0.11762684,-0.48789892,0.50081664,-0.04986768,0.9887155,-0.092256926,0.06440198,-0.60516286,2.4877558,0.01398141
S4,1,0,-0.0010010033,0.45664826,-1.2245632,0.70561254,0.11699137,1.9301758,-0.37017182,0.39266005,-0.5879788,-0.8065958,0.20852865,-0.49056017,0.0025041972,-0.50323737,-0.486541,-0.49025103,0.016696364,-0.492106,-0.488396,-1.62694,6.030299,0.2406556,0.85000336,0.02749791,0.76915133,0.9107898,0.8399706,0.14163846,0.8399706,0.84882295,0.31600022,2.0008674,0.7232617,-0.020493306,0.10034236,-0.48789892,0.34249204,-0.04986768,0.83039093,-0.04986768,0.06440198,-0.2819148,3.2964292,0.010488566
S4,1,0,-0.0023449098,0.4547644,-1.2245632,0.68449605,0.12002686,1.9090593,-0.35598418,0.37893432,-0.6341827,-0.755502,0.20681615,-0.4922915,0.002550396,-0.50323737,-0.488396,-0.492106,0.014841378,-0.49396098,-0.49025103,-2.1102464,6.7142544,0.24235748,0.8606262,0.026883066,0.76915133,0.9107898,0.87538016,0.14163846,0.8399706,0.87538016,-0.96857727,2.457325,0.7414001,-0.031177001,0.09717079,-0.4446891,0.50081664,-0.04986768,0.94550574,-0.04986768,-0.04986768,0.6247177,5.25148,0.010414168
S4,1,0,0.0043427926,0.5185964,-1.964299,1.7136593,0.13315865,3.6779583,-0.37825546,0.39467272,-0.49509066,0.47729754,0.26896107,-0.49677494,0.0061296388,-0.5143687,-0.49025103,-0.49396098,0.024117678,-0.50323737,-0.492106,-0.83342427,-0.5671761,0.24682291,0.8688885,0.0151499845,0.8399706,0.9107898,0.87538016,0.0708192,0.87538016,0.87538016,-0.97665644,0.65654635,0.7551967,-0.044409554,0.47548902,-3.5111005,2.9758878,-0.04986768,6.486988,-0.0741689,-0.0075644194,-0.67937815,16.875854,0.228062
S4,1,0,0.0027619465,0.66617393,-3.3656394,1.7639428,0.10220985,5.1295824,-0.37343827,0.42440075,-0.90152663,2.6774406,0.44379532,-0.50193864,0.0050159846,-0.51622367,-0.49025103,-0.50323737,0.025972635,-0.5050923,-0.50138235,0.3822722,0.5259516,0.2519676,0.87656045,0.01706369,0.8399706,0.9107898,0.87538016,0.0708192,0.87538016,0.87538016,0.09003245,1.2731843,0.7686495,-0.069602765,0.7900166,-6.835174,5.2548714,-0.04986768,12.090046,-0.2601691,0.1064743,-0.65676665,18.028305,0.62897074
S4,1,0,-0.009138535,0.63626546,-3.3656394,1.7639428,0.089408,5.1295824,-0.38251173,0.42430177,-0.9708831,2.948059,0.4049172,-0.5037166,0.0024831544,-0.51622367,-0.4995274,-0.50323737,0.016696274,-0.5050923,-0.50138235,-1.7528816,5.2551003,0.25373662,0.8883637,0.02583258,0.8399706,0.9461994,0.87538016,0.10622883,0.87538016,0.9107898,0.85487145,0.29180956,0.78985745,-0.07950266,0.6573982,-6.835174,5.2548714,-0.092256926,12.090046,-0.2601691,0.05696777,-0.9060186,35.513058,0.43849307
S4,1,0,0.00061840715,0.4631429,-1.2141371,0.99926317,0.11428583,2.2134004,-0.3396849,0.36382288,-0.5519978,-0.6136055,0.21450172,-0.5036084,0.0020961163,-0.51065874,-0.4995274,-0.50323737,0.011131346,-0.5050923,-0.50138235,-0.8849856,1.2273345,0.2536258,0.8995767,0.027800253,0.8399706,0.9461994,0.9107898,0.10622883,0.87538016,0.9107898,0.20800273,-0.7279043,0.8100112,-0.0766676,0.21272565,-1.8515704,1.2520281,-0.04986768,3.1035986,-0.16727218,0.0073457663,-0.4780101,8.754887,0.051130127
S4,1,0,0.003096359,0.44963354,-1.185102,1.0318617,0.106631115,2.2169638,-0.33595654,0.36408687,-0.5357511,-0.7031348,0.20217991,-0.50388664,0.002541975,-0.5180787,-0.4995274,-0.50323737,0.01855129,-0.5050923,-0.50323737,-2.2882118,8.764202,0.25390825,0.9172815,0.025445428,0.8399706,0.9461994,0.9107898,0.10622883,0.9107898,0.9461994,-0.55740356,-0.0133423805,0.8420528,-0.08672581,0.19343273,-0.92775184,0.6073253,-0.092256926,1.5350771,-0.2199455,0.019762322,-0.08793423,1.429307,0.044937592
S4,1,0,-0.0029278798,0.47331616,-1.5337874,1.0318617,0.1239862,2.565649,-0.34661376,0.3739852,-0.66529727,-0.3699932,0.22403678,-0.5051851,0.0026220193,-0.5180787,-0.50138235,-0.5050923,0.016696334,-0.5050923,-0.50323737,-2.2142577,6.5545425,0.25521898,0.93675685,0.015658727,0.9107898,0.9461994,0.9461994,0.03540963,0.9107898,0.9461994,-1.0552901,-0.88636327,0.87775856,-0.0998498,0.24808027,-1.2238206,2.5988436,-0.13473216,3.8226643,-0.2199455,0.01727852,1.6270697,17.3896,0.07151381
S4,1,0,0.0064956816,0.48652545,-1.5337874,0.7255412,0.14015348,2.2593286,-0.3230557,0.40509897,-0.7996059,-0.28188825,0.2367492,-0.5064685,0.002618283,-0.5180787,-0.50138235,-0.5050923,0.016696334,-0.50694734,-0.5050923,-1.584007,4.2485085,0.25651714,0.9438388,0.018132435,0.9107898,0.98160905,0.9461994,0.07081926,0.9461994,0.9461994,-0.103709854,0.72220683,0.8911604,-0.08881944,0.21893308,-1.2238206,2.5988436,-0.08976084,3.8226643,-0.15975936,0.01727852,2.0962994,28.985134,0.05582059
S4,1,0,0.0018266876,0.49244344,-1.2050307,1.4696321,0.11679341,2.6746628,-0.3517939,0.40879434,-0.5323077,-0.4365313,0.2425039,-0.50742704,0.0025063877,-0.5180787,-0.50323737,-0.50694734,0.014841318,-0.5088038,-0.50694734,-1.8560045,5.022518,0.25748846,0.9585928,0.024680944,0.9107898,0.9993105,0.9461994,0.088520706,0.9461994,0.98160905,-0.41494656,-0.76860213,0.91950905,-0.08985408,0.12885979,-0.68734384,0.4205832,-0.08976084,1.1079271,-0.14223762,0.0123133715,-0.22882494,2.0204024,0.0246786
S4,1,0,-0.0010981341,0.49144766,-1.2050307,1.4696321,0.08591059,2.6746628,-0.3730753,0.40348223,-0.41252542,-0.57497,0.241522,-0.5073033,0.0020507232,-0.51622367,-0.5050923,-0.50694734,0.011131346,-0.5088038,-0.50694734,-2.0600414,6.146282,0.25736085,0.97393674,0.017516444,0.9461994,0.9993105,0.98160905,0.053111076,0.9461994,0.98160905,-0.7016455,-0.85973096,0.9488594,-0.115313314,0.14910766,-0.68734384,0.6266356,-0.08976084,1.3139794,-0.2224588,0.0073457663,0.18911135,1.8101401,0.035530254
S4,1,0,0.0071513085,0.48760307,-1.2105737,0.9802583,0.10399155,2.190832,-0.35750192,0.42440075,-0.50612354,-0.807744,0.23780788,-0.50734967,0.0022747316,-0.51993513,-0.50323737,-0.50694734,0.016697764,-0.5088038,-0.50694734,-2.484752,9.592387,0.2574089,0.9727561,0.019793833,0.9461994,0.9993105,0.98160905,0.053111076,0.9461994,0.98160905,-0.3578812,-1.3600641,0.94664615,-0.123624004,0.1757884,-0.8033111,0.67242503,-0.08976084,1.4757361,-0.19233869,-0.029951194,0.10913601,1.7495232,0.046184454
S4,1,0,-0.003123922,0.4684152,-1.4315045,0.9802583,0.12194054,2.4117627,-0.35621515,0.39731228,-0.583514,-0.64627385,0.21942258,-0.5077208,0.0025415295,-0.51993513,-0.50323737,-0.50694734,0.016697764,-0.5088038,-0.50694734,-2.3138561,7.349704,0.25778687,0.9768868,0.02066295,0.9461994,0.9993105,0.98160905,0.053111076,0.9461994,0.9993105,-0.53972745,-1.2044023,0.9547346,-0.11013331,0.17220342,-0.8033111,0.67242503,-0.08976084,1.4757361,-0.19233869,0.0123133715,-0.266177,0.95800424,0.041783355
S4,1,0,-0.012935237,0.4800839,-1.4315045,0.7343837,0.13203685,2.1658883,-0.38049906,0.37837344,-0.65235734,-0.6554675,0.23064788,-0.50781363,0.0022075302,-0.5180787,-0.5050923,-0.50694734,0.012986362,-0.5088038,-0.50694734,-1.9485751,5.882066,0.25787956,0.98839414,0.014122493,0.9461994,0.9993105,0.9993105,0.053111076,0.98160905,0.9993105,-1.5856582,2.519112,0.9771223,-0.09581704,0.14703415,-0.64627266,0.41083714,-0.08976084,1.0571098,-0.19233869,0.0123133715,-0.5442492,0.5727112,0.030799944
S4,1,0,0.0013967295,0.47613552,-1.3292217,0.7343837,0.1507777,2.0636053,-0.35865676,0.38616014,-0.6634354,-0.69864535,0.22670698,-0.5077827,0.0018061884,-0.51622367,-0.5050923,-0.50694734,0.011131346,-0.5088038,-0.50694734,-1.6035521,4.4515247,0.2578465,0.99636036,0.01030536,0.98160905,1.0524216,0.9993105,0.07081252,0.9993105,0.9993105,2.0656772,12.511181,0.99284005,-0.11014979,0.14508975,-0.64627266,0.46681485,-0.13473216,1.1130875,-0.19233869,-0.032439295,-0.0313386,1.4445705,0.03318401
S4,1,0,0.0027640045,0.43564066,-1.3905914,1.0799016,0.09132168,2.4704928,-0.31355333,0.35059214,-0.5065561,-0.4550283,0.18979043,-0.5118488,0.0059773237,-0.53292143,-0.5050923,-0.5088038,0.02782911,-0.5166874,-0.50694734,-1.0449419,0.2687614,0.26202497,1.0119983,0.023551285,0.98160905,1.0524216,0.9993105,0.07081252,0.9993105,1.0125883,1.0804577,-0.67748785,1.024695,-0.14004117,0.30923694,-2.2372599,2.829729,-0.13473216,5.066989,-0.1998638,-0.08976084,1.8063494,21.831436,0.115239
S4,1,0,0.0034115205,0.4479756,-1.3905914,1.9909446,0.06624589,3.381536,-0.30098242,0.2776414,0.30576587,1.7900186,0.20069379,-0.5182494,0.00544588,-0.53292143,-0.5050923,-0.5190069,0.02782911,-0.5217901,-0.51622367,0.40435,-0.04714918,0.2686121,1.0356033,0.030394578,0.9993105,1.0878311,1.0524216,0.088520646,0.9993105,1.0524216,-0.057709,-1.3005067,1.073398,-0.15951343,0.459161,-3.2560267,3.6005654,-0.18983032,6.856592,-0.32065007,-0.012536938,1.3357191,16.85664,0.23627335
S4,1,0,0.0069030216,0.4761431,-1.4000938,1.9909446,0.08505273,3.3910384,-0.3171167,0.33056447,0.10192624,1.2736754,0.22675991,-0.5180327,0.0037981316,-0.5273551,-0.51065874,-0.51622367,0.016696334,-0.51993513,-0.5143687,-0.7272534,-0.5236738,0.26837242,1.0600942,0.028977057,0.9993105,1.0878311,1.0524216,0.088520646,1.0524216,1.0878311,-0.8735883,-0.06650519,1.1246392,-0.12603824,0.4313048,-3.2560267,3.6005654,-0.104741044,6.856592,-0.31055763,0.029690161,0.7982727,17.215128,0.20190947
S4,1,0,-0.0080699995,0.5070788,-1.4080125,1.2358994,0.09277343,2.6439118,-0.3766717,0.39734527,-0.48109415,-0.5199449,0.25719407,-0.5152189,0.0023453266,-0.52550006,-0.51065874,-0.5143687,0.014841318,-0.51622367,-0.5143687,-1.8635908,5.3202324,0.2654561,1.0710118,0.019774549,0.9993105,1.0878311,1.0878311,0.088520646,1.0524216,1.0878311,-0.8161412,0.50724816,1.1474571,-0.112499975,0.28213215,-1.6805406,1.7137231,-0.06980443,3.3942637,-0.31055763,-0.0025943576,0.057589766,7.0336304,0.092254795
S4,1,0,-0.005373045,0.53129816,-1.4080125,1.2815638,0.103595614,2.6895761,-0.40679565,0.4269083,-0.47698668,-0.6645837,0.28230664,-0.51512617,0.0025289166,-0.52550006,-0.51065874,-0.5143687,0.014841318,-0.51622367,-0.5143687,-1.8613586,5.2083826,0.26536143,1.0813394,0.02374616,1.0524216,1.1232408,1.0878311,0.07081926,1.0524216,1.0878311,0.23269606,-0.80977535,1.1698588,-0.1408376,0.2121802,-1.3058267,1.2824824,-0.16727218,2.588309,-0.31055763,-0.0025943576,0.20170394,6.8108253,0.064855665
S4,1,0,0.0032857317,0.52365196,-1.3572011,1.2815638,0.13362059,2.6387649,-0.39026543,0.42416978,-0.54619503,-0.6232867,0.2742222,-0.5144924,0.0023310177,-0.52550006,-0.51065874,-0.5143687,0.014841318,-0.51622367,-0.51251376,-1.4625233,4.4101515,0.2647079,1.0972737,0.022270266,1.0524216,1.1232408,1.0878311,0.07081926,1.0878311,1.1232408,-0.27630627,-0.65977335,1.2045057,-0.15107651,0.19599792,-1.3058267,1.2824824,-0.2224588,2.588309,-0.2601691,0.014794717,0.32929346,5.92778,0.0612393
S4,1,0,0.0040029488,0.50729394,-1.2603292,1.0066539,0.15942225,2.266983,-0.37693566,0.4161851,-0.60617256,-0.7062237,0.25736317,-0.5132558,0.0022261606,-0.5236451,-0.51065874,-0.51251376,0.012986362,-0.5143687,-0.51251376,-1.9147953,5.8270645,0.26343644,1.1025851,0.021724017,1.0524216,1.1232408,1.0878311,0.07081926,1.0878311,1.1232408,-0.546315,-0.61381817,1.2161659,-0.14281546,0.16058388,-0.7027675,0.57591295,-0.12973017,1.2786804,-0.2601691,-0.0025943576,0.08888778,0.06809211,0.046183433
S4,1,0,-0.0055664056,0.50891924,-1.3267142,1.0098213,0.14827012,2.3365355,-0.40643272,0.41305062,-0.59272265,-0.7671809,0.25902975,-0.5126684,0.0021895776,-0.5236451,-0.5088038,-0.51251376,0.014841318,-0.5143687,-0.51065874,-1.8764147,5.975443,0.26283365,1.109077,0.019608987,1.0524216,1.1232408,1.1232408,0.07081926,1.0878311,1.1232408,-0.9892578,-0.045377016,1.2304362,-0.11851419,0.15395926,-0.7027675,0.6266356,-0.08477113,1.3294032,-0.2224588,-0.0025943576,-0.22538865,0.8949678,0.037749063
S4,1,0,-0.0011085793,0.5042171,-1.3267142,1.0098213,0.14846808,2.3365355,-0.39712828,0.42489567,-0.62508094,-0.77645564,0.2542361,-0.5129002,0.0022066906,-0.5217901,-0.5088038,-0.51251376,0.012986302,-0.5143687,-0.51065874,-1.5541993,4.0493817,0.2630715,1.1132082,0.018389937,1.0878311,1.1586504,1.1232408,0.07081926,1.0878311,1.1232408,-0.22363539,-0.5513637,1.2395704,-0.12419497,0.1689592,-0.9069577,0.6266356,-0.08477113,1.5335933,-0.2677188,-0.0025943576,-0.3463978,0.79457474,0.043971602
S4,1,0,0.0022325213,0.4748679,-1.2092539,0.7888905,0.12622982,1.9981444,-0.35733694,0.4059568,-0.6375019,-0.7116835,0.22550453,-0.51387405,0.0023063326,-0.5236451,-0.51065874,-0.5143687,0.012986362,-0.5143687,-0.51251376,-1.8162125,4.986804,0.26407194,1.1214702,0.023687432,1.0878311,1.1586504,1.1232408,0.07081926,1.1143885,1.1232408,0.057632912,-0.7692025,1.2582568,-0.12279795,0.16397643,-0.9069577,0.3913328,-0.039905444,1.2982905,-0.2601691,-0.039905444,-0.53651595,0.625154,0.041967608
S4,1,0,-0.004519588,0.47126576,-1.280126,0.7888905,0.118971035,2.0690165,-0.35047412,0.38612714,-0.63124126,-0.63856745,0.22211185,-0.5142451,0.0022433358,-0.5236451,-0.51065874,-0.5143687,0.012986362,-0.5143687,-0.51251376,-2.1643393,6.0977745,0.26445308,1.1244212,0.02501055,1.0878311,1.1586504,1.1232408,0.07081926,1.1232408,1.1586504,-0.04710565,-0.99555874,1.2649482,-0.11585854,0.17028782,-1.3058267,0.5396092,-0.06980443,1.8454359,-0.2601691,-0.039905444,-0.86062485,3.3932452,0.042421147
S4,1,0,0.0048414897,0.4818821,-1.280126,0.7845352,0.15229544,2.0646613,-0.35473043,0.41067502,-0.6727418,-0.6794107,0.2322338,-0.51361126,0.0019821483,-0.5236451,-0.51065874,-0.51251376,0.012986362,-0.5143687,-0.51251376,-2.0569406,7.235094,0.2638005,1.1161588,0.024015985,1.0524216,1.1586504,1.1232408,0.10622883,1.0878311,1.1232408,-0.051282965,-0.2816689,1.2463874,-0.14531912,0.16544601,-1.3058267,0.5396092,-0.1998638,1.8454359,-0.2224588,-0.06980443,-0.27087498,3.7416196,0.04849003
S4,1,0,0.0029741402,0.4887559,-1.2371012,0.7523326,0.15051374,1.9894338,-0.3654866,0.41176385,-0.698263,-0.7062807,0.23889118,-0.51314753,0.0020391948,-0.5217901,-0.5088038,-0.51251376,0.012986302,-0.5143687,-0.51251376,-1.742322,5.2245913,0.2633246,1.1214702,0.026200728,1.0524216,1.1586504,1.1232408,0.10622883,1.1232408,1.1232408,-0.41407192,0.029890299,1.2583822,-0.14436282,0.13532877,-0.7104842,0.35471207,-0.1998638,1.0651963,-0.1998638,-0.10224373,0.47197303,2.1302629,0.039154496
S4,1,0,0.0015825991,0.49042034,-1.2371012,0.7523326,0.15328528,1.9894338,-0.3851843,0.4143044,-0.6441457,-0.806576,0.24051459,-0.51347214,0.0021817007,-0.5236451,-0.5088038,-0.51251376,0.014841318,-0.5143687,-0.51251376,-1.8664881,5.937351,0.26365846,1.1320931,0.024723414,1.0524216,1.1586504,1.1232408,0.10622883,1.1232408,1.1586504,-0.6793777,0.3431852,1.2822462,-0.13014936,0.12586512,-0.7104842,0.38157448,-0.10224373,1.0920587,-0.1998638,-0.10224373,0.21935695,3.3985443,0.032780886
S4,1,0,-0.0035417834,0.4648175,-1.1478842,0.70244503,0.113691926,1.8503293,-0.37957522,0.39259407,-0.56061,-0.8841605,0.21606784,-0.51421416,0.0023414795,-0.5236451,-0.51065874,-0.5143687,0.012986362,-0.5143687,-0.51251376,-2.1467493,6.3694706,0.2644217,1.1362242,0.021409066,1.0878311,1.1940601,1.1232408,0.10622895,1.1232408,1.1586504,0.5215157,0.12802267,1.291464,-0.12376941,0.10544026,-0.533751,0.38157448,-0.10224373,0.9153255,-0.1998638,-0.10224373,0.22324137,3.523538,0.026436515
S4,1,0,-0.008217922,0.46005517,-1.1478842,0.70244503,0.113823906,1.8503293,-0.36212116,0.3905484,-0.6102708,-0.81178546,0.21171829,-0.51427597,0.0023201443,-0.5236451,-0.51065874,-0.5143687,0.012986362,-0.5143687,-0.51251376,-1.8585255,5.3281403,0.2644852,1.135044,0.021114208,1.0878311,1.1940601,1.1232408,0.10622895,1.1232408,1.1586504,0.6638381,0.3984549,1.2887708,-0.11567585,0.10453579,-0.50571793,0.3351561,-0.10224373,0.8408741,-0.1998638,-0.10224373,0.041937537,3.267768,0.024308631
S4,1,0,0.0056717824,0.47288653,-1.1415492,0.8497322,0.15500098,1.9912815,-0.36228615,0.40668267,-0.64784884,-0.81367946,0.22365387,-0.51426053,0.0020782219,-0.5236451,-0.51065874,-0.5143687,0.012986362,-0.5143687,-0.51251376,-1.680346,5.1195087,0.26446828,1.1309128,0.021530736,1.0878311,1.1586504,1.1232408,0.07081926,1.1232408,1.1586504,-0.15044633,-0.515342,1.2794274,-0.089768596,0.11286493,-0.50571793,0.3351561,-0.10224373,0.8408741,-0.12973017,-0.027461864,-0.41363817,1.8846941,0.020796891
S4,1,0,0.0014767438,0.4787524,-1.1943403,1.4898247,0.13098103,2.684165,-0.3697759,0.38206884,-0.40757447,-0.49817324,0.22920603,-0.51376593,0.0024560618,-0.5236451,-0.5088038,-0.5134412,0.014841318,-0.5143687,-0.51251376,-1.5166297,3.6778207,0.26396146,1.1238309,0.022849197,1.0878311,1.1586504,1.1232408,0.07081926,1.1232408,1.1232408,-0.0154709425,-0.59920144,1.263518,-0.083151266,0.14664255,-0.74137944,0.6049103,-0.027461864,1.3462898,-0.12973017,-0.027461864,-0.6055352,2.3782592,0.028418172
S4,1,0,-0.0067661675,0.5032804,-1.3656477,1.4898247,0.11989488,2.8554723,-0.39076036,0.39048243,-0.43975034,-0.44391727,0.2533369,-0.5130239,0.0025342274,-0.5217901,-0.5088038,-0.51251376,0.012986302,-0.5143687,-0.51251376,-1.7322849,3.788311,0.26319999,1.1191096,0.019493181,1.0878311,1.1586504,1.1232408,0.07081926,1.1232408,1.1232408,-0.05399892,0.13064742,1.2527865,-0.13167816,0.16967529,-0.74137944,0.6049103,-0.1998638,1.3462898,-0.2501049,-0.027461864,0.092471294,1.0671644,0.046128843
S4,1,0,0.0046415282,0.48033977,-1.3656477,1.0029585,0.112768084,2.368606,-0.3404768,0.41060904,-0.644858,-0.5424125,0.23074786,-0.5135031,0.0024416288,-0.5217901,-0.5088038,-0.51251376,0.012986302,-0.5143687,-0.51251376,-1.3207501,2.453023,0.26369143,1.1167489,0.018838987,1.0878311,1.1586504,1.1232408,0.07081926,1.1143885,1.1232408,-0.14269361,0.029106379,1.2474834,-0.16035122,0.15696241,-0.75942326,0.55897844,-0.2501049,1.3184017,-0.2501049,0.043951757,0.5687955,0.6709688,0.050349705
S4,1,0,-0.0001356557,0.44636065,-1.1193769,0.87757957,0.088220194,1.9969565,-0.31734768,0.3780765,-0.58250064,-0.691025,0.19923785,-0.5139977,0.0019690872,-0.5217901,-0.51065874,-0.5143687,0.011131346,-0.5143687,-0.51251376,-1.3250924,3.274498,0.2641976,1.1078967,0.02363592,1.0524216,1.1586504,1.1232408,0.10622883,1.0878311,1.1232408,-0.5808264,0.0055553913,1.2279935,-0.1563249,0.114450455,-0.75942326,0.3595986,-0.152249,1.1190219,-0.2501049,-0.152249,0.87611663,2.6350684,0.03753638
S4,1,0,0.006049017,0.47121087,-1.2708875,1.1573725,0.1262958,2.4282598,-0.3459209,0.39068037,-0.5092101,-0.626009,0.22207625,-0.5137813,0.0022078324,-0.5236451,-0.5088038,-0.5134412,0.014841318,-0.5143687,-0.51251376,-1.8755293,5.6047783,0.26397616,1.1014048,0.023391522,1.0524216,1.1232408,1.0878311,0.07081926,1.0878311,1.1232408,-0.6064948,-0.6628275,1.2136399,-0.121390775,0.16988608,-1.2238206,1.3666024,-0.152249,2.590423,-0.152249,-0.04986768,0.27363878,20.229149,0.043596998
S4,1,0,0.0039960067,0.5483497,-2.718552,1.3723644,0.10253979,4.0909166,-0.33430684,0.38338858,-0.72404087,1.6309671,0.30070335,-0.51702803,0.006062483,-0.5273551,-0.4976724,-0.5143687,0.029682666,-0.5236451,-0.51251376,-0.30002594,-0.60042167,0.2673547,1.1049458,0.019917393,1.0524216,1.1232408,1.1232408,0.07081926,1.0878311,1.1232408,-0.49639744,-0.77478504,1.221302,-0.014196583,0.4979452,-5.7808614,4.008302,-0.04986768,9.789164,-0.152249,0.059446655,-0.1423492,33.194405,0.24815097
S4,1,0,-0.010915081,0.49711105,-2.718552,1.3723644,0.048230916,4.0909166,-0.30527171,0.3009025,-0.77774423,2.967402,0.24723853,-0.5261651,0.0075618415,-0.54034287,-0.4976724,-0.5273551,0.04267046,-0.53292143,-0.5236451,0.90960157,0.791486,0.2769069,1.1108475,0.022231134,1.0524216,1.1586504,1.1232408,0.10622883,1.0878311,1.1232408,-0.37682176,0.0984416,1.2344762,0.110752866,0.51654464,-5.7808614,4.008302,0.06935484,9.789164,-0.010050679,0.28373328,-0.62780744,28.793505,0.27908456
S4,1,0,-0.025932303,1.0097798,-4.255434,5.335395,0.03575901,9.590829,-0.33651745,0.3191154,0.09990322,7.59379,1.0203277,-0.5330914,0.0037792863,-0.54590786,-0.52550006,-0.53292143,0.020407796,-0.53477645,-0.5310665,-0.05901233,0.27918315,0.2842007,1.1161588,0.024870912,1.0524216,1.1586504,1.1232408,0.10622883,1.0878311,1.1232408,-0.27704945,0.026288986,1.2464292,0.17349462,1.0455999,-7.4240637,8.499358,0.1509297,15.923422,-0.019998172,0.37608173,1.2220519,19.107342,1.1233796
S4,1,0,-0.0023029048,1.3716408,-6.356785,5.335395,0.04479949,11.69218,-0.5187129,0.45231405,-0.25730017,3.318914,1.8814038,-0.5350703,0.0046194056,-0.54590786,-0.51993513,-0.53477645,0.025972724,-0.5366314,-0.5343127,0.91912854,2.127098,0.28632152,1.1326833,0.024073908,1.0878311,1.1586504,1.1232408,0.07081926,1.1232408,1.1586504,-0.38845345,-0.84097624,1.283551,0.16215877,1.4615413,-7.4240637,16.935297,0.10894582,24.35936,-0.2350203,0.40474433,2.0298898,23.688622,2.1623983
S4,1,0,0.03212021,1.0636123,-6.356785,4.415245,0.068951435,10.77203,-0.47977936,0.5028286,-0.71775454,6.195157,1.132303,-0.53499305,0.0045454395,-0.54405284,-0.51993513,-0.53477645,0.024117708,-0.5384864,-0.53292143,0.7978235,1.9257736,0.28623816,1.1545193,0.019493163,1.1232408,1.1940601,1.1586504,0.07081926,1.1586504,1.1586504,-0.053999655,0.13065767,1.333295,0.08337373,1.2993963,-6.093464,16.935297,0.0123133715,23.02876,-0.19233869,0.2297284,3.1119912,38.602234,1.6953819
S4,1,0,-0.0019146085,0.60983557,-2.3409636,1.9834218,0.06433222,4.3243856,-0.41293263,0.41394147,-0.3067651,0.45552063,0.37190303,-0.5293964,0.009844465,-0.54405284,-0.50323737,-0.5310665,0.040815473,-0.53477645,-0.5292115,1.5822822,1.351954,0.2803575,1.1739947,0.021796044,1.1232408,1.2294697,1.1586504,0.10622883,1.1586504,1.1940601,0.25471726,-0.20285082,1.3787384,0.017852841,0.8775832,-6.093464,9.740879,-0.04986768,15.834343,-0.18983032,0.17558593,2.7446783,35.861935,0.77047104
S4,1,0,-0.009480371,0.5280557,-1.6893891,1.9834218,0.07159099,3.672811,-0.39274,0.3793963,-0.22342661,0.27890062,0.2789327,-0.52041394,0.010106473,-0.5384864,-0.50323737,-0.5171512,0.035249054,-0.5310665,-0.51205003,-0.096460536,-1.3861128,0.27093276,1.1887487,0.022231128,1.1586504,1.2294697,1.1940601,0.07081926,1.1586504,1.1940601,0.1242403,-0.54519296,1.4136175,-0.019938715,0.46317142,-3.2825477,3.5347803,-0.04986768,6.817328,-0.12973017,0.06440198,0.942779,17.824749,0.21492532
S4,1,0,0.0069411756,0.4519079,-1.1543511,1.1945902,0.09316937,2.3489413,-0.32836783,0.3607214,-0.38108176,-0.64876795,0.20426892,-0.52110946,0.0065764035,-0.5384864,-0.50694734,-0.5236451,0.031539083,-0.52550006,-0.51622367,0.36125174,-0.7661102,0.2715983,1.1958306,0.018764874,1.1586504,1.2294697,1.1940601,0.07081926,1.1940601,1.1940601,0.052063093,0.51938605,1.4303627,-0.039514296,0.22018051,-1.6238676,1.8145393,-0.087264754,3.438407,-0.119731076,0.06440198,0.66090685,15.08511,0.050040834
S4,1,0,0.0015992323,0.44901252,-1.5310159,1.0804296,0.10874276,2.6114454,-0.32836783,0.3554423,-0.49241173,-0.41512752,0.2016148,-0.52482,0.0023942175,-0.53292143,-0.51993513,-0.52550006,0.012986302,-0.52550006,-0.5236451,-0.4957323,0.4974091,0.2754418,1.1958307,0.013599319,1.1586504,1.2294697,1.1940601,0.07081926,1.1940601,1.1940601,0.48982152,3.5374742,1.4301956,-0.028976608,0.13208161,-1.0059241,0.6266356,-0.087264754,1.6325598,-0.119731076,0.047052212,-0.1489068,4.6839495,0.018285194
S4,1,0,0.000962096,0.44972152,-1.5310159,1.0804296,0.12814349,2.6114454,-0.3426874,0.36926696,-0.57849115,-0.5153942,0.20225035,-0.5229804,0.0027806503,-0.53292143,-0.51622367,-0.5217901,0.016697764,-0.5236451,-0.5217901,-1.426492,2.9672303,0.2735163,1.1916995,0.01813244,1.1586504,1.2294697,1.1940601,0.07081926,1.1940601,1.1940601,-0.103729226,0.7222042,1.4204763,-0.012768672,0.11488694,-0.5873763,0.32047686,0.047052212,0.9078531,-0.119731076,0.047052212,-0.43752888,0.97067285,0.013362046
S4,1,0,-0.0037312964,0.4258484,-1.023825,0.58076143,0.11824516,1.6045865,-0.32262677,0.36576957,-0.65886337,-0.77861714,0.18136078,-0.52196014,0.0024774496,-0.53292143,-0.51622367,-0.5217901,0.016697764,-0.5217901,-0.51993513,-2.1419983,6.507682,0.2724486,1.1893389,0.022826325,1.1232408,1.2294697,1.1940601,0.10622883,1.1940601,1.1940601,-0.6149956,1.0584035,1.4150478,-0.019312201,0.13438234,-0.8343488,0.4886777,0.047052212,1.3230265,-0.119731076,0.047052212,-0.37366965,1.2586617,0.018431574
S4,1,0,0.00047102768,0.41145152,-1.0512764,0.55766535,0.114549786,1.6089418,-0.30781227,0.35587123,-0.68402046,-0.7118089,0.16929258,-0.52140355,0.0021003024,-0.5310665,-0.5180787,-0.5217901,0.0129877925,-0.5217901,-0.51993513,-1.6207724,5.1890717,0.27186614,1.1893387,0.021891696,1.1232408,1.2294697,1.1940601,0.10622883,1.1940601,1.1940601,-0.7535643,1.5445976,1.415006,-0.03124899,0.14440414,-0.8343488,0.6916739,-0.05235885,1.5260227,-0.079781406,0.047052212,-0.10760064,1.5064654,0.021829052
S4,1,0,0.0035674896,0.44176412,-1.1939445,1.5605649,0.111778244,2.7545094,-0.33127135,0.3579169,-0.37745744,-0.22136045,0.19516824,-0.5199037,0.0022848344,-0.5310665,-0.51622367,-0.51993513,0.014842808,-0.5217901,-0.5180787,-1.3162651,4.076765,0.27030507,1.175175,0.029247204,1.1232408,1.2294697,1.1940601,0.10622883,1.1586504,1.1940601,-0.51477957,-0.63098025,1.3818914,-0.03617313,0.1824505,-1.1816292,1.2543719,-0.05235885,2.436001,-0.079781406,0.047052212,0.16904871,13.685642,0.034596685
S4,1,0,0.0009331589,0.44785723,-1.1939445,1.5605649,0.09138766,2.7545094,-0.35317966,0.36128232,-0.29264954,-0.3250513,0.20057698,-0.5181873,0.0022251136,-0.5273551,-0.51251376,-0.5180787,0.014841318,-0.51993513,-0.51622367,-1.3660009,4.424122,0.26852295,1.1492078,0.033509478,1.0878311,1.1940601,1.1586504,0.10622895,1.1232408,1.1940601,0.0811142,-1.1885335,1.3218015,-0.02943062,0.19764216,-1.1816292,1.2543719,-0.05235885,2.436001,-0.079781406,0.027208816,-0.00022509467,10.069869,0.03992859
S4,1,0,-0.0004314373,0.43711525,-1.2906842,0.89526457,0.112504125,2.1859488,-0.34017986,0.35827982,-0.56312567,-0.65124655,0.1910699,-0.5165948,0.0025750964,-0.5273551,-0.51065874,-0.51622367,0.016696334,-0.5180787,-0.5143687,-1.3412455,4.2023954,0.26687685,1.1344537,0.027800255,1.0878311,1.1940601,1.1232408,0.10622895,1.1232408,1.1586504,0.61858755,0.04418087,1.2877584,-0.020712687,0.16885625,-0.9381575,0.86654735,-0.00010809823,1.8047049,-0.119731076,0.027208816,-0.29554632,4.0367246,0.028941449
S4,1,0,-0.0056924033,0.46392342,-1.2906842,0.89526457,0.14893001,2.1859488,-0.37112865,0.3804191,-0.6391288,-0.72409725,0.21525733,-0.5146315,0.0022883571,-0.5236451,-0.51065874,-0.5143687,0.012986362,-0.51622367,-0.51251376,-1.2750154,3.0497937,0.26485088,1.1179293,0.025717733,1.0524216,1.1586504,1.1232408,0.10622883,1.0878311,1.1232408,-0.2851595,-0.0792048,1.2504274,-0.035826158,0.13420166,-0.9381575,0.86654735,-0.00507816,1.8047049,-0.12973017,0.027208816,0.024620026,7.6901646,0.019293603
S4,1,0,0.0006208802,0.46814376,-1.1887974,0.7409826,0.15110764,1.92978,-0.37931126,0.3958935,-0.639381,-0.84664536,0.21915896,-0.5135031,0.0025451563,-0.5273551,-0.51065874,-0.51251376,0.016696334,-0.5143687,-0.51251376,-2.7576272,10.15076,0.26369193,1.1008148,0.023279581,1.0524216,1.1586504,1.0878311,0.10622883,1.0878311,1.1232408,0.14752953,-0.11781502,1.212335,-0.037793998,0.09215505,-0.40917268,0.34249204,0.027208816,0.75166476,-0.12973017,0.027208816,0.002158074,0.5802784,0.009920937
S4,1,0,-0.0018251755,0.84196496,-5.763281,4.722754,0.1472143,10.486034,-0.40207744,0.42321295,-0.5631303,12.711832,0.70890826,-0.5092978,0.022643188,-0.53292143,-0.37893587,-0.51251376,0.15398556,-0.51622367,-0.51065874,4.284977,19.043545,0.25989693,1.0780939,0.03255323,0.9993105,1.1232408,1.0878311,0.123930335,1.0524216,1.0878311,-0.8372807,0.5697458,1.1633458,-0.03543106,0.74946916,-6.76513,6.378063,0.027208816,13.143193,-0.12973017,0.027208816,0.22009419,22.028725,0.5629594
S4,2,1,0.02518189,0.9189589,-3.904637,2.7469137,0.04922075,6.651551,-0.5693593,0.6752906,-0.4251837,0.86949086,0.8451196,1.2941917,0.49821204,0.03478111,1.9403565,1.3734365,1.9055754,1.2955165,1.6467648,-1.2901751,0.7067239,1.9231476,0.5313235,0.018389916,0.4858811,0.55670035,0.5212907,0.07081926,0.5212907,0.55670035,0.2236088,-0.5513637,0.28264278,0.26273787,1.9472245,-9.797826,27.016603,0.034652855,36.81443,-0.38130915,0.5444515,5.5742326,60.995766,3.8607147
S4,2,1,0.0020483017,1.2333871,-3.904637,8.561065,-0.03352935,12.465702,-0.76346564,0.6936025,1.3543454,7.9427357,1.5212481,1.8321961,0.35207796,1.2760365,2.640069,1.7251476,1.3640325,1.6203265,2.061163,0.6588376,-0.36827588,3.4809015,0.5192253,0.029817222,0.43277,0.55670035,0.5212907,0.123930335,0.5212907,0.5212907,-0.9884934,1.3768792,0.27048403,0.176847,1.7390676,-9.797826,27.016603,0.01727852,36.81443,-0.39397013,0.4820008,5.5886874,73.10941,3.0556307
S4,2,1,-0.020108214,1.9128639,-5.7102256,8.561065,-0.022047276,14.27129,-1.2240354,1.0572014,0.42523858,1.8464642,3.6594527,2.142446,0.29568312,1.6045576,2.7625158,2.1334448,1.1579581,2.0343337,2.3163304,-0.03967483,-0.49870276,4.6775036,0.5003405,0.03488719,0.43277,0.55670035,0.5212907,0.123930335,0.4858811,0.5212907,-0.6588036,-0.25202894,0.25155777,0.11686133,1.0911391,-5.4982066,10.5830965,0.06935484,16.081303,-0.36486316,0.5402148,0.94317174,12.651505,1.2042412
S4,2,1,-0.0010724087,1.7569392,-5.7102256,6.983402,0.15097566,12.693627,-0.86799216,0.9324163,-0.03362223,1.5336013,3.0868366,2.217786,0.15871158,1.9925907,2.7625158,2.168839,0.7699251,2.1224585,2.2467587,1.8173555,3.056086,4.9437647,0.4849964,0.02880663,0.43277,0.5212907,0.4858811,0.088520706,0.4858811,0.4947335,-0.592506,-0.3892634,0.23605138,0.14099295,0.966285,-2.4951222,13.877717,0.07926057,16.372839,-0.36296716,0.5299172,3.8597288,45.87693,0.95358574
S4,2,1,-0.028089799,0.95732015,-3.417507,2.8176537,0.006327956,6.235161,-0.5994172,0.5662109,-0.4380269,0.8684766,0.9172508,2.297165,0.17344567,2.0742216,2.8701196,2.2441492,0.79589796,2.1734765,2.3701322,1.5600499,2.298327,5.3070507,0.47466886,0.028904444,0.3973604,0.5212907,0.4858811,0.123930305,0.43277,0.4858811,-0.62375027,-0.35210037,0.22614606,0.065172344,0.9308049,-4.2280374,13.877717,-0.0013512279,18.105755,-0.38130915,0.39377117,4.297737,55.230873,0.87064517
S4,2,1,-0.008561408,0.8385186,-3.3835886,2.3141584,-0.0498946,5.697747,-0.48420063,0.51803905,-0.14698207,0.5938809,0.7031867,2.4784775,0.230229,2.1706939,3.012218,2.4361668,0.8415241,2.2793984,2.6314301,0.64490813,-0.70432067,6.1958566,0.45666993,0.03493649,0.3973604,0.5212907,0.43277,0.123930305,0.43277,0.4858811,0.18456216,-1.0510237,0.20976806,0.15251628,2.1196668,-4.2280374,33.385616,-0.039905444,37.613655,-0.3433765,0.30640012,11.766629,167.19681,4.516248
S4,2,1,-0.015440066,0.8926741,-5.865036,3.6760378,-0.024026943,9.541074,-0.44708183,0.4383574,-0.599797,5.753559,0.79710543,2.8288426,0.36644283,2.207044,3.6564286,2.8628721,1.4493847,2.5164058,3.119933,0.13038026,-0.7365463,8.136631,0.42568785,0.02983542,0.37965897,0.4858811,0.43277,0.10622212,0.3973604,0.43277,0.60004836,-0.16793203,0.18210033,0.16223846,2.176904,-6.2451787,33.385616,-0.044887792,39.630795,-0.29038748,0.24447152,10.901564,150.34583,4.765233
S4,2,1,-0.022963634,1.2037339,-5.865036,3.6760378,-0.00079884636,9.541074,-0.73245096,0.56119573,-0.013594484,1.6580896,1.4495027,2.8536255,0.32809234,2.381437,3.6564286,2.855672,1.2749915,2.5293925,3.119933,0.46147522,-0.6663964,8.250823,0.40355772,0.018798847,0.37965897,0.43277,0.3973604,0.053111047,0.3973604,0.43277,0.60424113,-0.95971894,0.16321224,0.024664488,1.0298972,-6.2451787,17.143213,-0.04986768,23.388391,-0.28282797,0.20267436,5.5903234,90.06528,1.0612967
S4,2,1,0.021084724,1.1509005,-3.2989907,3.5527704,0.0073177903,6.851761,-0.7986378,0.6657222,0.2979189,0.21390343,1.3250164,2.798201,0.29522833,2.381437,3.5446713,2.7200184,1.1632342,2.5637145,2.9537773,0.87238914,0.11909938,7.917088,0.37995237,0.027138023,0.3088397,0.43277,0.37965897,0.123930305,0.34424934,0.3973604,-0.30564657,-0.3882022,0.14510033,0.0043382226,0.8355739,-2.2483978,17.143213,-0.048622094,19.391611,-0.25450778,0.16572687,9.653499,185.49248,0.6982025
S4,2,1,0.027581405,0.867093,-2.446018,3.274033,0.08657048,5.720051,-0.4950558,0.49151146,0.119104706,0.41294503,0.75261116,3.0081058,0.22478683,2.6819854,3.5446713,2.9834619,0.8626859,2.859625,3.1161113,0.591598,-0.2828703,9.099229,0.34601948,0.029395092,0.3088397,0.3973604,0.34424934,0.088520706,0.3088397,0.37965897,0.2341611,-1.029823,0.12059356,0.14566496,1.838031,-8.606355,34.56925,-0.047376506,43.175602,-0.27023697,0.19898367,9.751014,154.5803,3.3995767
S4,2,1,-0.016369212,0.9405973,-5.314952,3.274033,0.027048474,8.588985,-0.577443,0.50276256,-0.41725183,2.8898172,0.8849912,3.0835469,0.18009461,2.841536,3.6508625,3.0205665,0.8093264,2.9709387,3.154607,1.396377,1.4199214,9.540696,0.31415117,0.029502116,0.2734301,0.37965897,0.3088397,0.10622886,0.3088397,0.34424934,0.40502682,-0.33972907,0.099561326,0.39016095,2.6124268,-12.891373,34.56925,-0.0013512279,47.46062,-0.39207044,0.64833635,5.452685,56.554214,6.976999
S4,2,1,0.0006465127,1.0632724,-5.314952,5.0947995,0.02724644,10.409752,-0.5200326,0.56931245,-0.5023617,4.0999203,1.1305484,3.1157403,0.1706628,2.9328854,3.6508625,3.0430503,0.71797705,3.0023456,3.1796324,1.4400991,1.2676854,9.736963,0.2763809,0.03186319,0.23802048,0.34424934,0.2734301,0.10622886,0.23802048,0.3088397,0.38473067,-0.7283015,0.07740166,0.36618042,2.40768,-12.891373,29.023275,0.03713297,41.91465,-0.38130915,0.6073253,4.5863824,43.18489,5.9310126
S4,2,1,0.016398761,0.9592936,-5.122,5.0947995,0.07884978,10.2168,-0.39142022,0.46201444,-0.39832252,4.814411,0.9205131,3.0816443,0.14337789,2.9106228,3.4486413,3.0358503,0.53801847,2.9769475,3.150876,1.0884045,0.15362215,9.51709,0.23802046,0.029625818,0.16720124,0.3088397,0.23802048,0.14163847,0.22916807,0.24687289,1.3058278e-06,0.06122327,0.05753143,0.16087131,1.596307,-9.173573,23.150759,0.027208816,32.324333,-0.35601294,0.432759,6.39854,79.72307,2.5740764
S4,2,1,-0.004796124,0.7546844,-4.5965967,2.8503842,0.075682305,7.446981,-0.339091,0.37372124,-1.0351624,5.2385454,0.56957155,3.0093415,0.14549944,2.8081417,3.413392,2.972773,0.60525036,2.9106228,3.076666,1.0768081,0.65422416,9.077305,0.20379141,0.035092883,0.11409017,0.2734301,0.20261085,0.15933993,0.20261085,0.23802048,-0.65730464,0.9900725,0.042762443,0.10529791,1.3148857,-4.5394893,25.588713,-0.00010809823,30.128202,-0.32506675,0.38401404,9.595752,161.19298,1.7400119
S4,2,1,0.0012910079,0.7328396,-4.5965967,2.6953104,0.061956607,7.2919073,-0.30665746,0.375041,-1.3635336,6.992894,0.5370554,3.128207,0.26720172,2.806287,3.8234007,3.0646071,1.0171137,2.8999763,3.326328,0.77845365,-0.29974818,9.857076,0.17546406,0.03427913,0.11409017,0.23802048,0.16720124,0.12393031,0.16720124,0.20261085,-0.38339025,-0.40889955,0.031962685,0.06647781,1.2582057,-3.7457328,25.588713,-0.027461864,29.334446,-0.30299073,0.2818944,11.010879,193.60999,1.5875007
S4,2,1,-0.005021174,1.1705666,-5.369855,4.345561,0.03516511,9.715416,-0.44708183,0.5274754,-0.42040437,3.242231,1.3702512,3.1190298,0.2682164,2.772893,3.8234007,3.0534756,1.0505078,2.904261,3.326328,0.84914577,-0.2089994,9.800284,0.13828574,0.03851231,0.060979113,0.23802048,0.11409017,0.17704137,0.11409017,0.16720124,0.4480823,-0.22821426,0.02060614,-0.020843085,0.7054288,-3.3505046,7.0845003,-0.054850027,10.435005,-0.3433765,0.23894377,2.0531034,16.333931,0.49806425
S4,2,1,-0.010562596,1.2247726,-5.369855,4.345561,0.03899247,9.715416,-0.6347874,0.6524584,-0.3409638,2.2214184,1.5001794,2.8886597,0.095582694,2.6986833,3.1332517,2.8758583,0.4345684,2.8262305,2.936617,0.5290459,-0.02174592,8.353489,0.10582939,0.019784074,0.060979113,0.16720124,0.11409017,0.10622212,0.096388735,0.11409017,0.7045468,3.4266028,0.011591268,0.06084353,1.3032541,-3.937618,23.18255,-0.034928013,27.120169,-0.3737177,0.33270916,8.481724,131.39026,1.7021734
S4,2,1,0.017911825,0.86421454,-4.7477117,2.583393,0.10940265,7.3311048,-0.297584,0.47128588,-1.2600071,4.2800684,0.7471875,2.848153,0.09774241,2.6615777,3.1031253,2.8452458,0.44154763,2.7840242,2.9124992,0.28425062,-0.087584734,8.121531,0.08871598,0.020021155,0.060979113,0.11409017,0.096388735,0.053111054,0.060979113,0.096388735,-0.40765053,-1.3071089,0.00827137,0.06271978,1.2774726,-3.937618,23.18255,-0.032439295,27.120169,-0.2733835,0.30578777,8.916006,142.4847,1.6358701
S4,2,1,0.005633558,0.639163,-4.7477117,2.1159277,0.05951502,6.8636394,-0.1849409,0.25698683,-2.3725276,13.6696205,0.40856114,2.8077092,0.125509,2.6244736,3.1031253,2.7840242,0.47865176,2.698219,2.9050782,0.54709667,-0.7233405,7.898982,0.07278221,0.019838287,0.02556949,0.11409017,0.060979113,0.088520676,0.060979113,0.096388735,0.2553122,-0.59191036,0.005690806,-0.024119653,0.53385115,-3.806415,6.8366776,-0.05235885,10.643093,-0.172284,0.06935484,3.372491,51.110794,0.28557873
S4,2,1,-0.005888929,0.5106378,-2.463439,1.9253516,0.0435457,4.3887906,-0.22486421,0.22102287,-0.9346234,4.3813224,0.2607857,2.6965647,0.12894024,2.5205798,3.025204,2.6717815,0.5046241,2.596181,2.7682538,0.7781979,-0.037651062,7.2880874,0.066880725,0.020613417,0.02556949,0.096388735,0.060979113,0.070819244,0.060979113,0.096388735,-0.037548594,-0.26283312,0.004897943,0.00022232732,0.8818172,-6.387737,13.1797495,-0.05235885,19.567486,-0.19484706,0.07678414,4.785891,68.6283,0.77760166
S4,2,1,0.0062433425,0.75414157,-3.5418298,2.7285688,0.0334494,6.2703986,-0.32216486,0.39074638,-0.5892442,3.0935307,0.56876856,2.7249343,0.16635637,2.5205798,3.0827177,2.6643608,0.56213784,2.5646415,2.8823514,0.40389007,-1.2427418,7.4529424,0.041503828,0.03259801,-0.009840134,0.096388735,0.02556949,0.106228866,0.02556949,0.060979113,0.018904459,-0.83819246,0.002785198,-0.006650122,0.91633224,-6.387737,13.1797495,-0.08227504,19.567486,-0.2350203,0.11141734,4.3439226,58.820755,0.83970904
S4,2,1,0.014125513,0.9597261,-3.5418298,4.3774996,-0.012346907,7.9193296,-0.5063069,0.601251,-0.04802928,2.1264334,0.92127377,2.858465,0.23263781,2.5428426,3.5112772,2.8387537,0.9684346,2.672246,2.9491396,0.9905157,0.6836369,8.224944,0.020258045,0.019205164,-0.009840134,0.060979113,0.02556949,0.070819244,0.02556949,0.02556949,-0.08931503,0.095867634,0.0007792268,-0.09019039,0.37776145,-2.3209512,2.8341048,-0.087264754,5.155056,-0.24507588,0.06935484,0.43126875,12.391647,0.15083799
S4,2,1,-0.011609065,1.033649,-3.1051154,4.3774996,0.030413909,7.482615,-0.63762486,0.6711333,0.044971667,0.8626163,1.0685649,3.0029418,0.23625998,2.5929346,3.5112772,3.020566,0.9183426,2.7919092,3.1810448,-0.014946012,-0.8220005,9.07348,0.020848207,0.01511548,-0.009840134,0.060979113,0.02556949,0.070819244,0.02556949,0.02556949,-0.74658734,1.4955406,0.00066312554,-0.10592504,0.39359367,-2.3209512,1.955841,-0.087264754,4.276792,-0.2929069,0.08421098,-0.6055143,6.6239386,0.16613609
S4,2,1,-0.0067930478,1.005707,-3.196444,3.4624972,0.06479414,6.6589413,-0.6215896,0.5842919,-0.11691648,0.37790895,1.011493,3.1788185,0.14588211,2.9454296,3.5242636,3.1866105,0.57883406,3.0544245,3.2812269,0.28466496,-0.66395545,10.126168,0.014946601,0.016226728,-0.009840134,0.02556949,0.02556949,0.035409622,-0.009840134,0.02556949,-0.87287134,-1.2380955,0.00048670758,-0.100651994,0.35094514,-2.2038884,2.0827188,-0.10224373,4.2866073,-0.2677188,0.05696777,0.3814506,8.522014,0.13329333
S4,2,1,0.008657634,1.1152483,-5.613486,3.4624972,0.0709311,9.075983,-0.6163764,0.69884866,-0.7467991,2.5341978,1.243854,3.389529,0.21653177,2.9862452,3.8345306,3.3454547,0.84828544,3.255718,3.5159152,0.33886987,-0.497406,11.535793,0.003143395,0.022363886,-0.045249756,0.02556949,-0.009840134,0.070819244,-0.009840134,0.02556949,-0.48191145,-0.6648457,0.0005100243,-0.1024328,0.39354283,-4.7472506,3.5347803,-0.13223116,8.282031,-0.26834834,0.047052212,0.41030797,36.516113,0.1653684
S4,2,1,-0.013042406,1.0614787,-5.613486,2.7709336,0.006459934,8.384419,-0.5865165,0.6288014,-0.8394361,3.095778,1.1269071,3.4096787,0.20915057,3.0608969,3.8345306,3.3735042,0.7736337,3.2710025,3.5502167,0.38169387,-0.76958966,11.669652,-0.021053182,0.027038105,-0.045249756,0.02556949,-0.027544945,0.070819244,-0.045249756,-0.009840134,0.60418856,-1.0491635,0.0011742957,-0.12147049,0.42152965,-4.7472506,3.5347803,-0.13473216,8.282031,-0.3256975,0.08668496,0.13907488,26.402676,0.19244233
S4,2,1,-0.003238652,0.960892,-3.2172966,3.0586452,-0.032671496,6.275942,-0.6082598,0.60280174,-0.045974758,0.40339208,0.923324,3.1967773,0.15680796,2.9625683,3.7139404,3.1610794,0.7513721,3.0720286,3.2881632,0.96616423,0.39687037,10.243976,-0.04879072,0.027956415,-0.116069004,0.02556949,-0.045249756,0.14163849,-0.08065938,-0.045249756,0.17881437,0.6830609,0.0031620956,-0.12858772,0.30373552,-1.4281496,1.037657,-0.13473216,2.4658065,-0.3256975,0.047052212,0.20016073,1.1393032,0.10879008
S4,2,1,0.011332735,1.1978989,-4.3771176,3.512913,-0.045275375,7.890031,-0.81249547,0.85098606,-0.10925443,0.37929702,1.43509,3.0769699,0.091160044,2.8976367,3.3243399,3.0662408,0.4267032,3.0098777,3.1411362,0.34376308,-0.47093415,9.476054,-0.06413489,0.029247196,-0.116069004,-0.009840134,-0.08065938,0.10622887,-0.08065938,-0.045249756,0.5500079,-0.45909357,0.004968683,-0.11388919,0.34590593,-1.8624822,1.777931,-0.12222962,3.6404133,-0.3256975,0.06935484,0.24950345,3.518743,0.13262166
S4,2,1,-0.00088510814,1.3247449,-4.3771176,3.512913,-0.0213214,7.890031,-0.85113204,0.88325465,-0.2787697,0.21151733,1.7549498,2.996525,0.11350371,2.7691815,3.2478328,2.9853177,0.4786513,2.9167838,3.0733092,0.12515698,-0.6577232,8.992046,-0.080069214,0.02780025,-0.116069004,-0.009840134,-0.08065938,0.10622887,-0.08065938,-0.08065938,0.79731095,0.65829754,0.0071839336,-0.10801943,0.42600712,-1.9499962,1.777931,-0.12222962,3.7279272,-0.32885325,0.1064743,0.10907992,2.834577,0.19315027
S4,2,1,0.014134659,1.2974238,-3.9334083,4.287227,0.041566037,8.220635,-0.78154665,0.8071364,-0.07284816,0.50635695,1.6835084,2.817356,0.14985071,2.5929346,3.156927,2.7858791,0.5639925,2.694508,2.9236305,0.45713878,-0.75192785,7.959951,-0.110756874,0.03440576,-0.16918007,-0.045249756,-0.116069004,0.123930305,-0.116069004,-0.08065938,-0.4939828,-0.6744456,0.013450845,-0.12257204,0.38413218,-1.9499962,1.5246297,-0.13223116,3.474626,-0.32885325,0.06935484,0.093728825,3.150216,0.16258144
S4,2,1,0.004469001,1.2248267,-3.9334083,4.287227,-0.11330994,8.220635,-0.7526765,0.7234955,0.31921545,0.7500727,1.5002204,2.6252773,0.11348918,2.412976,2.7988658,2.647664,0.38588977,2.5215075,2.728831,-0.38449076,-1.0626638,6.90496,-0.1473449,0.0351657,-0.1868815,-0.08065938,-0.16918007,0.106222115,-0.16918007,-0.116069004,0.65829355,-1.0154362,0.02294715,-0.1350854,0.34145978,-1.7102921,1.3432679,-0.13473216,3.05356,-0.32822186,0.041472867,0.09433792,2.8614917,0.13484286
S4,2,1,-0.01764389,1.2021462,-3.451689,4.168843,-0.1343604,7.620532,-0.767689,0.6442758,0.33787623,0.5440419,1.4454668,2.4714005,0.12003697,2.3202138,2.7933006,2.4315283,0.47308683,2.3865385,2.5196524,1.0530578,0.16648364,6.122229,-0.17390013,0.020913426,-0.22229111,-0.116069004,-0.16918007,0.10622211,-0.1868815,-0.16918007,1.2548567,2.8912187,0.030678613,-0.11923838,0.41163328,-2.018651,3.211773,-0.13223116,5.230424,-0.30299073,0.05696777,1.0116435,10.873777,0.18365978
S4,2,1,-0.010620673,1.2889774,-4.06499,4.168843,-0.037752643,8.233833,-0.833315,0.79496145,0.10109839,0.26179028,1.6615756,2.5299485,0.22449127,2.3090827,3.186611,2.4259624,0.8775282,2.3605657,2.6564758,1.2912354,0.8080232,6.4510374,-0.19986579,0.02437484,-0.25770074,-0.16918007,-0.1868815,0.088520676,-0.22229111,-0.1868815,-0.25633466,-1.0333934,0.040540464,0.13080038,3.2887604,-15.834052,44.11751,-0.08976084,59.951565,-0.3256975,0.12686126,6.8254285,75.60496,10.833055
S4,2,1,0.0014381856,1.2832574,-4.06499,3.7356915,-0.025742656,7.8006816,-0.7884425,0.8602905,-0.059981275,0.11774564,1.6467516,2.5704858,0.20265506,2.3090827,3.186611,2.5094485,0.8775282,2.4380214,2.6564758,1.3179389,1.2843299,6.648466,-0.23527476,0.027968606,-0.29311037,-0.16918007,-0.22229111,0.123930305,-0.25770074,-0.22229111,-0.139252,0.16027808,0.056136444,0.12253197,3.283989,-15.834052,44.11751,-0.09100889,59.951565,-0.33579856,0.11141734,6.861876,76.12982,10.799601
S4,2,1,0.007580517,1.3483107,-3.8267703,5.6832886,-0.07576226,9.510059,-0.8171807,0.84936935,0.30005154,0.98022246,1.8179992,2.4543633,0.060619224,2.2571356,2.5743818,2.4621391,0.3172462,2.412976,2.4946074,-0.39398274,0.015987396,6.0275736,-0.2612417,0.022113306,-0.29311037,-0.22229111,-0.25770074,0.07081926,-0.26655316,-0.25770074,0.07390526,-0.4773171,0.06873622,-0.1208135,0.35224462,-1.691354,2.4169414,-0.12973017,4.1082954,-0.30299073,0.039613087,0.71375513,5.9305334,0.13867216
S4,2,1,-0.017393809,1.6040742,-5.0991683,5.6832886,-0.11759922,10.782457,-0.9866402,1.0650871,0.05698823,0.55219626,2.5733566,2.3772628,0.09242504,2.1736495,2.5521193,2.3777258,0.3784697,2.3220687,2.4579656,-0.21838026,-0.6541028,5.65992,-0.27068427,0.021409085,-0.29311037,-0.22229111,-0.25770074,0.07081926,-0.29311037,-0.25770074,0.3834088,-0.67022705,0.073728316,-0.110874444,0.37115178,-1.691354,2.4169414,-0.119731076,4.1082954,-0.30299073,0.041472867,1.1670419,8.303796,0.15004678
S4,2,1,-0.0015733104,1.5859622,-5.0991683,3.9948962,0.011541081,9.094065,-0.9741024,1.1201547,-0.21877609,0.038014174,2.5152783,2.2641206,0.07750267,2.1550982,2.4259624,2.2621517,0.27086425,2.1892467,2.3294904,0.37084442,-1.0581038,5.1322474,-0.29783165,0.034492843,-0.3639296,-0.22229111,-0.29311037,0.14163849,-0.32852,-0.29311037,0.3771341,-0.27778888,0.08989345,-0.11253258,0.36352715,-1.6886504,2.3589664,-0.12973017,4.047617,-0.30299073,0.05200999,1.3308717,8.658151,0.14481558
S4,2,1,0.0054575284,1.486127,-4.344915,4.1754417,-0.04085412,8.520357,-0.9781937,1.0349301,0.000976908,-0.0883379,2.2086036,2.345757,0.16030481,2.1550982,2.7755017,2.3385935,0.6204035,2.1957402,2.4438782,0.83428615,0.028130054,5.5282736,-0.33501178,0.023746159,-0.39933923,-0.29311037,-0.32852,0.10622886,-0.3639296,-0.32852,-0.4304623,0.44279408,0.11279677,-0.12060059,0.3045892,-1.2502359,2.3589664,-0.12973017,3.6092024,-0.30299073,0.047052212,0.8933555,6.21478,0.107319094
S4,2,1,0.01075211,1.4960091,-4.9207344,4.1754417,-0.04204192,9.096176,-0.8607664,1.1063302,-0.2497669,0.4314146,2.2381592,2.4264696,0.11887147,2.2690213,2.7755017,2.396105,0.50648046,2.339521,2.4693873,1.1920469,0.91546226,5.9018855,-0.3533067,0.02610083,-0.39933923,-0.29311037,-0.3639296,0.10622886,-0.3639296,-0.32852,-0.0399521,-0.45594215,0.1255069,-0.10316952,0.41598305,-3.3564255,2.9932792,-0.109736905,6.3497047,-0.34843007,0.08668496,0.5105245,8.946837,0.18368585
S4,2,1,0.0020605426,1.3795687,-4.9207344,3.4887612,0.052784152,8.409495,-0.8607664,1.0381305,-0.4633863,0.32587814,1.9032141,2.3933382,0.090628475,2.2690213,2.6957273,2.3719873,0.42670608,2.3283894,2.4373848,1.3627919,1.8679252,5.7362814,-0.3760277,0.03125442,-0.4524503,-0.29311037,-0.3639296,0.15933993,-0.39933923,-0.3639296,0.05903563,1.0074344,0.1423737,-0.09132968,0.45508587,-3.3564255,2.9932792,-0.119731076,6.3497047,-0.33579856,0.08668496,0.641807,7.821168,0.21544425
S4,2,1,-0.013178215,1.742559,-5.941187,11.90657,0.032261603,17.847757,-0.98215306,0.93729955,0.9282068,6.744564,3.0366852,2.4511907,0.09320317,2.315403,2.742108,2.4359932,0.42670512,2.3761623,2.508348,0.7763064,0.18524742,6.017023,-0.41114143,0.035653282,-0.4878599,-0.3639296,-0.39933923,0.123930305,-0.4524503,-0.39933923,-0.58270204,-0.58035326,0.17030843,0.09375019,1.1616864,-7.270634,6.202404,-0.072298065,13.473038,-0.3339044,0.31313354,0.6986485,8.645709,1.3583044
S4,2,1,-0.0018901895,1.85045,-5.941187,11.90657,-0.019671675,17.847757,-1.0197008,1.0082377,0.7701291,5.088482,3.4241688,2.4842603,0.07701366,2.3580735,2.742108,2.4786634,0.38403463,2.422543,2.5292196,0.70276564,0.18833566,6.1774817,-0.4294358,0.037037753,-0.4878599,-0.3639296,-0.39933923,0.123930305,-0.4524503,-0.39933923,-0.3348741,-1.2785064,0.18578695,0.08084688,1.1663575,-7.270634,6.202404,-0.08102822,13.473038,-0.3433765,0.26472458,0.7299956,8.503101,1.3669262
S4,2,1,-0.021667222,2.1612906,-12.495602,14.4641695,0.061164744,26.95977,-0.8793423,0.8783715,-0.06505914,10.892308,4.671647,2.4634817,0.069127664,2.3562188,2.6437807,2.4471245,0.2875619,2.4090924,2.5088117,0.5928826,-0.509948,6.073521,-0.44389412,0.0384485,-0.4878599,-0.3639296,-0.4524503,0.123930305,-0.4878599,-0.39933923,0.3154852,-1.2630471,0.19852032,0.015494124,1.1583881,-5.003425,20.756874,-0.12348012,25.7603,-0.3111884,0.11388886,7.9733887,122.04049,1.3421032
S5,1,0,-0.030712323,1.6686602,-8.071024,4.8510985,-0.010490021,12.922123,-0.7247327,0.8292201,-0.5251087,1.8607726,2.7853699,-0.31473547,0.10205442,-0.86430806,-0.21769091,-0.28143582,0.6466172,-0.3423362,-0.25878242,-3.1717293,12.0927,0.10947354,0.45568025,0.053404953,0.333724,0.5684097,0.4721283,0.23468569,0.43000534,0.49018034,-0.28163245,0.01418376,0.21049656,0.1363019,1.2754728,-6.9264097,6.8144617,0.13359398,13.740871,-0.11413697,0.2664202,-0.0050362954,7.6930065,1.6454089
S5,1,0,0.009106732,1.5906612,-6.1219835,4.7963157,0.061864514,10.918299,-0.71463484,0.8919539,-0.4269733,1.263443,2.5302858,-0.41162822,0.1565399,-0.9670379,-0.254779,-0.3423362,0.71225893,-0.54413474,-0.29998103,-1.3679831,1.3489718,0.19394252,0.34941965,0.07854174,0.2133717,0.4721283,0.333724,0.2587566,0.28558215,0.43000534,0.064741306,-1.3010118,0.12826294,0.15144819,1.4318757,-6.9264097,8.481892,0.059004225,15.408301,-0.30236447,0.5294058,0.34054643,6.109558,2.0732048
S5,1,0,-0.020674704,1.7949417,-8.68707,5.909781,0.07196235,14.596851,-0.60127276,0.8736863,-0.8542711,2.9457965,3.2222428,-0.44310564,0.12557054,-0.9670379,-0.254779,-0.41983205,0.71225893,-0.54002565,-0.38079423,-1.2953235,2.9636106,0.21211058,0.23964849,0.05057382,0.1531967,0.34575945,0.2133717,0.19256274,0.20133623,0.28558215,0.6358043,-0.77293134,0.059989113,0.13469341,1.2771887,-4.932744,8.481892,0.040915575,13.414636,-0.23247921,0.4066439,1.1441584,7.195053,1.6493533
S5,1,0,-0.029572802,1.7250681,-8.68707,5.909781,0.022467073,14.596851,-0.67635053,0.6670387,-0.7139819,3.6315393,2.9767346,-0.4513012,0.051090173,-0.63830376,-0.37942442,-0.44037786,0.25887933,-0.49208525,-0.41195577,-0.934471,0.82182956,0.206283,0.16743755,0.03305023,0.11709034,0.2133717,0.16523217,0.09628136,0.14116125,0.20133623,-0.066791914,-1.4832305,0.029127657,0.15130015,1.4745413,-6.750328,7.542265,0.09152208,14.292593,-0.19946446,0.42557898,0.29323593,4.6911736,2.1971638
S5,1,0,0.036344074,1.1556817,-5.1134725,4.9577227,0.041788116,10.071196,-0.4314384,0.43490782,-0.024120837,4.433637,1.3369213,-0.562215,0.11499574,-0.9588202,-0.40133995,-0.5492707,0.5574803,-0.6204964,-0.49003056,-1.212449,2.1235871,0.32930967,0.1250138,0.023614816,0.07496738,0.16523217,0.12912579,0.09026479,0.11709034,0.14116125,-0.51202327,-0.203444,0.016186109,0.13657115,1.1693755,-6.750328,7.542265,0.06262056,14.292593,-0.09225723,0.27595967,0.015524796,8.930788,1.3860909
S5,1,0,0.033112522,1.0614475,-4.4547286,4.809276,0.03093494,9.264005,-0.33843097,0.36849672,-0.24963516,4.2940216,1.1277673,-0.61323726,0.091823846,-0.9588202,-0.47393548,-0.6163882,0.48488474,-0.6273453,-0.55201024,-1.5841843,3.7381392,0.38449153,0.14166237,0.03556313,0.07496738,0.20133623,0.1531967,0.12636885,0.11709034,0.17124875,-0.33090898,-0.9063778,0.021332968,0.19837643,1.8768362,-8.390277,14.171905,0.06262056,22.562181,-0.17382655,0.40841943,0.9406714,10.124766,3.5618675
S5,1,0,0.0039139986,1.1798067,-6.5390954,4.809276,0.047830917,11.3483715,-0.3132063,0.4409904,-0.8867515,4.649209,1.3919593,-0.55981785,0.054485913,-0.79034275,-0.47393548,-0.5403681,0.31640726,-0.5770078,-0.5287249,-1.4728127,2.783805,0.3163647,0.15088943,0.024234978,0.11709034,0.20133623,0.1531967,0.0842459,0.12912579,0.17124875,0.23839515,-0.93439865,0.023354959,0.16010147,1.8497868,-8.390277,14.171905,0.0022695276,22.562181,-0.038877893,0.24016683,1.0443019,10.972439,3.4473443
S5,1,0,-0.010142376,1.0845345,-6.5390954,3.6277506,0.08194091,10.166846,-0.3153531,0.43838638,-1.6569245,7.448513,1.1763179,-0.56215775,0.026391957,-0.6081694,-0.5246156,-0.5574894,0.08355379,-0.5883086,-0.5369437,-0.1693587,-1.4302322,0.31671792,0.13770097,0.017828606,0.11709034,0.18930079,0.12912579,0.07221045,0.12912579,0.1531967,0.9653611,0.460356,0.019279419,0.004009189,0.13945128,-2.3870282,1.0382903,0.0022695276,3.4253185,-0.038877893,0.0022695276,-3.9432359,98.35566,0.019462736
S5,1,0,-0.005408352,0.83503443,-5.782633,3.1341493,0.062262066,8.916782,-0.2701315,0.31818643,-2.028535,11.859403,0.69731176,-0.60412854,0.024090553,-0.6547401,-0.55338,-0.6033751,0.10136008,-0.6235784,-0.5872812,0.10195944,-0.72939134,0.36555165,0.18789752,0.052739576,0.11709034,0.2976176,0.18930079,0.18052727,0.12912579,0.22540715,0.48580799,-0.9023838,0.038086943,0.022175612,0.068304606,-0.43548834,0.34734958,0.0481529,0.7828379,0.0022695276,0.0481529,-0.22691102,11.593292,0.005157278
S5,1,0,0.002286151,0.6274404,-3.803776,2.6681385,0.036222383,6.4719143,-0.2518242,0.29717577,-1.101913,8.096503,0.39368674,-0.65189797,0.036588714,-0.77390635,-0.5985809,-0.64994586,0.17532545,-0.67117643,-0.62426335,-0.96476394,0.7886696,0.4263096,0.28793982,0.06611284,0.17124875,0.40593442,0.2976176,0.23468567,0.22540715,0.34575945,-0.06078189,-1.1299125,0.08728024,0.050126076,0.592225,-5.188449,4.201842,0.0481529,9.390291,0.0481529,0.0481529,-1.2559204,26.564821,0.35324308
S5,1,0,-0.0001254222,0.97692174,-4.338961,5.494259,0.008831026,9.83322,-0.21926466,0.31816655,-0.51084,5.4359627,0.9543761,-0.67239803,0.034161802,-0.7917125,-0.6410433,-0.66227394,0.15066922,-0.6766556,-0.6489185,-1.6674042,2.1839075,0.45328617,0.38687903,0.058012456,0.2976176,0.5022158,0.37584692,0.20459819,0.34575945,0.40593442,0.46977228,-0.60961604,0.15304086,0.05835371,1.022494,-5.8420415,9.96557,0.0481529,15.807611,-0.11900341,0.089115076,1.5473626,22.95059,1.0488992
S5,1,0,0.004884819,0.784771,-4.338961,5.494259,0.010103194,9.83322,-0.11502643,0.113069266,-0.45253384,12.7722225,0.61588943,-0.66379166,0.026729818,-0.7917125,-0.6410433,-0.65747964,0.15066922,-0.67117643,-0.64789116,-2.8934274,9.613454,0.44133377,0.4969007,0.0783104,0.37584692,0.6225681,0.5022158,0.24672115,0.40593442,0.5684097,-0.18919776,-1.3229743,0.25304282,0.034710847,0.8543494,-5.8420415,9.96557,0.0046870173,15.807611,-0.11900341,0.13239339,3.1443305,43.844063,0.73111767
S5,1,0,-1.5341242e-05,0.2745325,-2.0610654,0.82603973,0.025090918,2.8871052,-0.13921747,0.13243008,-1.1379836,7.874259,0.07536809,-0.67963487,0.018511316,-0.70542014,-0.64789116,-0.67939526,0.057528973,-0.6985712,-0.66432863,0.20612839,-1.3883959,0.46224612,0.5933828,0.037825152,0.49018034,0.646639,0.61053264,0.15645865,0.5684097,0.6225681,-0.8150931,-0.23803711,0.35353386,-0.012459588,0.20698193,-1.8866602,1.7708281,0.0046870173,3.6574883,-0.099548146,0.05056573,-0.92167985,25.807747,0.04299676
S5,1,0,-0.0022464783,0.29780138,-2.0610654,0.82603973,0.053237624,2.8871052,-0.20157358,0.20051092,-0.994368,5.0156193,0.08869071,-0.7095863,0.015836466,-0.738294,-0.6780254,-0.70542014,0.06026858,-0.7249385,-0.6985712,-0.16813004,-1.0635529,0.5037635,0.583905,0.04732945,0.4721283,0.646639,0.59849715,0.17451069,0.53832215,0.6225681,-0.7669796,-0.5374663,0.3431851,-0.044300497,0.13345924,-0.95475113,0.65141267,-0.08496981,1.6061637,-0.123869844,0.014354646,0.23941582,4.419951,0.019773902
S5,1,0,-0.0021460548,0.22476225,-0.57199305,0.36702573,0.057292663,0.9390188,-0.18084122,0.19440849,-0.5747992,-0.8818934,0.050522674,-0.7363645,0.015777139,-0.7643189,-0.7040503,-0.7376091,0.06026858,-0.7492512,-0.7256234,0.29094726,-0.96765804,0.5424816,0.4959982,0.05829045,0.40593442,0.59849715,0.4721283,0.19256273,0.45407626,0.53832215,0.2826851,-1.1709058,0.24941197,-0.06509146,0.11539582,-0.6770101,0.54822373,-0.123869844,1.2252338,-0.123869844,-0.06797515,1.2101563,2.2771006,0.017553095
S5,1,0,-0.0018607281,0.25161546,-0.6029226,0.36702573,0.06432934,0.96994835,-0.20835185,0.22585489,-0.55051327,-0.97862315,0.0633138,-0.7578805,0.0100383805,-0.7752761,-0.7369242,-0.7588397,0.038351953,-0.7656876,-0.7492512,0.24891591,-0.9781549,0.57448375,0.40779045,0.044382203,0.333724,0.4721283,0.40593442,0.13840431,0.36381146,0.45407626,0.04802153,-1.362321,0.1682628,-0.08153572,0.08344694,-0.123869844,0.28549212,-0.123869844,0.40936196,-0.123869844,-0.123869844,1.7935982,1.9441218,0.013611466
S5,1,0,0.0037624016,0.88178295,-6.7563977,4.1207952,0.08003266,10.877193,-0.23111172,0.25714228,-1.8158327,17.652094,0.77755535,-0.7763378,0.01941724,-0.8793757,-0.75746995,-0.7725366,0.121905744,-0.78212506,-0.7656876,-2.969113,10.485761,0.6030773,0.34405395,0.03071513,0.2976176,0.40593442,0.333724,0.10831681,0.32168853,0.36381146,0.32733664,-0.7559147,0.11931655,-0.035120912,0.6000308,-4.384379,7.338103,-0.123869844,11.722482,-0.123869844,0.024017615,2.9041917,40.792274,0.36127043
S5,1,0,0.019964064,1.2820071,-6.7563977,4.1207952,0.08114581,10.877193,-0.21578607,0.2848119,-1.3336751,6.248254,1.643941,-0.7893388,0.017574655,-0.8793757,-0.75746995,-0.7848646,0.121905744,-0.7944521,-0.78212506,-2.3567297,7.8195124,0.6233646,0.33372387,0.0203477,0.2976176,0.36381146,0.333724,0.06619385,0.32168853,0.34575945,-0.17333263,-1.0123184,0.11178566,0.025564432,0.74315655,-4.806585,7.338103,0.024017615,12.144688,-0.123869844,0.07225906,1.2430639,19.124857,0.5529352
S5,1,0,-0.00083095033,1.0755873,-6.513096,3.3093905,0.0643691,9.822487,-0.15649113,0.15960278,-1.7526346,9.452371,1.1568886,-0.80768174,0.01820198,-0.8382831,-0.7780157,-0.8095197,0.06026745,-0.82492876,-0.79000056,-0.071648605,-1.411502,0.6526811,0.36080304,0.018135907,0.32168853,0.39389896,0.36381146,0.07221043,0.34575945,0.37584692,-0.12973088,-0.06267285,0.13050774,0.022074452,0.44894028,-4.806585,3.6432188,0.06262056,8.449803,0.0022695276,0.07225906,-0.56753844,26.932245,0.20203465
S5,1,0,-0.018438168,1.3201883,-6.4006677,6.7464695,0.019127633,13.147137,-0.17879382,0.15443459,-0.3588856,9.463305,1.7432369,-0.83245087,0.011916689,-0.8560904,-0.80404055,-0.83622956,0.052049875,-0.84102273,-0.82458633,0.5288812,-0.60457325,0.6931165,0.40593478,0.04218042,0.35779488,0.5022158,0.39389896,0.14442092,0.37584692,0.4420408,0.81359,-0.47338367,0.16656224,0.008438229,0.34447274,-2.2441306,2.957714,0.0022695276,5.2018447,-0.05584576,0.06262056,1.211829,20.598337,0.118732676
S5,1,0,-0.0008523968,1.3296664,-6.4006677,6.7464695,0.02115515,13.147137,-0.17408283,0.16143152,-0.26468045,8.67707,1.7680134,-0.85127324,0.0116480775,-0.8752664,-0.8218468,-0.85061127,0.05341959,-0.86019975,-0.84102273,-0.2612406,-0.6897528,0.72480184,0.46651167,0.03823043,0.39389896,0.51425123,0.49018034,0.12035227,0.4420408,0.5022158,-0.7476303,-0.91881394,0.21909466,0.011450978,0.41511476,-2.5033345,2.957714,0.0022695276,5.4610486,-0.11900341,0.1203805,0.5701958,14.096668,0.17245142
S5,1,0,-0.0007871764,0.72868645,-5.358444,2.7882788,0.050613783,8.146723,-0.13247897,0.14370067,-2.6117654,19.067434,0.5309847,-0.8689315,0.009727401,-0.8875934,-0.84787166,-0.8738966,0.039721727,-0.87663615,-0.86019975,0.4503916,-1.1108079,0.7551364,0.5086348,0.02174896,0.4721283,0.56239307,0.5022158,0.09026477,0.49018034,0.51425123,0.77644694,0.14229226,0.2591824,0.015301584,0.2631551,-2.5033345,2.4765837,0.01677097,4.9799185,-0.080112696,0.1203805,-0.46963015,34.095978,0.06948475
S5,1,0,0.00319058,0.87476367,-5.7198195,3.6301358,0.05411224,9.349956,-0.15529849,0.193514,-1.9232053,12.2136545,0.7652217,-0.8815329,0.0065035513,-0.8985517,-0.871157,-0.88074553,0.027394712,-0.8862246,-0.87663615,-0.6225514,-0.32840657,0.7771426,0.55657506,0.040081646,0.49018034,0.6586744,0.56239307,0.16849408,0.51425123,0.5864617,0.12383122,-1.0185753,0.31138232,0.0139899375,0.22583152,-1.5390147,1.4831597,-0.0025666167,3.0221744,-0.080112696,0.11857874,0.054568116,8.961585,0.051195588
S5,1,0,-0.00017705932,0.8418446,-5.7198195,3.6301358,0.028708646,9.349956,-0.1454988,0.16520828,-1.764859,12.438423,0.7087023,-0.88831306,0.009728837,-0.90540063,-0.8629382,-0.8875934,0.04246241,-0.8958121,-0.88074553,0.05994582,-0.87487006,0.7891947,0.64734036,0.063547656,0.55035764,0.7549558,0.6586744,0.20459819,0.5864617,0.706814,0.17979665,-1.3977592,0.42308795,0.032861702,0.2489068,-1.5390147,1.4831597,0.011938321,3.0221744,-0.086791664,0.17557383,0.0541172,6.909251,0.06303448
S5,1,0,-0.0013192353,0.90082425,-6.3831754,4.865649,0.02540896,11.248825,-0.12874198,0.14240864,-1.6656679,16.03359,0.81148607,-0.88451207,0.010686583,-0.90540063,-0.8629382,-0.8793757,0.04246241,-0.8944423,-0.87663615,-0.6698426,-0.9927542,0.7824758,0.74984014,0.05278483,0.6586744,0.83920175,0.7549558,0.18052733,0.706814,0.80309534,-0.33170444,-1.1532912,0.5650465,0.06276767,0.17917734,-0.94966334,1.2028334,0.11076646,2.1524968,-0.05342128,0.13959692,0.15949146,5.9398575,0.0360443
S5,1,0,0.009061934,0.8674037,-6.3831754,4.865649,0.052720807,11.248825,-0.21276468,0.27431655,-1.3240513,15.623457,0.7524714,-0.8804144,0.0037719763,-0.89307255,-0.8738966,-0.8800606,0.019175947,-0.8834851,-0.87663615,-0.46056274,-0.058395863,0.7751438,0.8289713,0.040311724,0.7549558,0.8993767,0.81513083,0.14442086,0.80309534,0.8632726,0.105389066,-1.0367407,0.6888185,0.057761114,0.16413186,-0.6920521,1.1230131,0.113169976,1.8150653,-0.05342128,0.14679697,0.03756089,4.1537356,0.030275615
S5,1,0,-0.0012625818,0.4104769,-1.7867541,1.5359093,0.026204066,3.3226633,-0.16237491,0.18043453,-0.32212386,1.9962931,0.16849288,-0.882081,0.004242024,-0.89307255,-0.8697872,-0.8834851,0.02328533,-0.88485485,-0.88074553,0.77468127,0.82716346,0.7780849,0.8930588,0.03786664,0.81513083,0.959554,0.8993767,0.14442319,0.8632726,0.9234476,-0.12723057,-0.8020549,0.7989878,0.03742565,0.14930478,-0.6920521,1.1230131,0.06262056,1.8150653,-0.017083205,0.13959692,0.09359987,5.936715,0.023692591
S5,1,0,-0.012241115,0.20850976,-1.7867541,0.6400647,0.010023683,2.4268188,-0.101052456,0.10116257,-2.4446452,15.93446,0.043626163,-0.8844551,0.0045750276,-0.8917028,-0.8697872,-0.88485485,0.021915555,-0.8865668,-0.8834851,1.3179687,1.853477,0.7822817,0.95132905,0.03446296,0.88734126,1.019729,0.959554,0.13238776,0.9234476,0.97760606,-0.002363542,-1.0203745,0.9062148,0.032592304,0.10468798,-0.28272164,0.37583286,0.06262056,0.6585545,0.0101254955,0.07466839,-1.3812014,1.9543481,0.012021831
S5,1,0,-0.0010646741,0.13239016,-0.5610206,0.51706195,0.01614599,1.0780826,-0.09013965,0.083670266,-0.20474005,1.3510022,0.017528286,-0.8896826,0.0034239395,-0.8985517,-0.8821153,-0.890333,0.016436398,-0.8917028,-0.8862246,-0.06341285,-0.6713009,0.7915469,1.024443,0.055811204,0.9475185,1.1280458,1.0076935,0.18052727,0.97760606,1.0678709,0.49122968,-1.0587642,1.0525982,0.054366898,0.086910166,-0.28272164,0.3283382,0.07466839,0.61105984,0.060210057,0.09392909,-2.5442827,6.0697126,0.010509136
S5,1,0,0.002124026,0.62028253,-5.532652,2.3886592,0.027158193,7.9213114,-0.09731547,0.11300963,-2.7825449,25.839819,0.38475493,-0.8900935,0.004412355,-0.8985517,-0.8780059,-0.890333,0.02054578,-0.89307255,-0.88862073,0.7393752,0.09380984,0.7922858,1.1210253,0.061624344,0.9956581,1.2122917,1.1280458,0.21663362,1.0678709,1.1641521,-0.4243545,-0.9060035,1.2604951,0.064726345,0.6090954,-3.8796842,10.103951,0.09392909,13.983636,0.024017615,0.09392909,5.747361,110.15582,0.37518665
S5,1,0,0.00048110026,0.6236227,-5.532652,2.3886592,0.039402805,7.9213114,-0.13196215,0.14676185,-2.733625,25.198135,0.3889055,-0.8850942,0.004921474,-0.8985517,-0.8780059,-0.8834851,0.02054578,-0.8889632,-0.88074553,-0.720863,-0.43668365,0.783416,1.2038676,0.036342107,1.1280458,1.2483981,1.2122917,0.12035227,1.1641521,1.2363627,-0.4837797,-1.1134573,1.450618,0.017984653,0.6145267,-3.8796842,10.103951,-0.017083205,13.983636,-0.121436045,0.13959692,5.8195066,107.94566,0.37796643
S5,1,0,0.0026685519,0.14969744,-0.47141227,0.3135947,0.028271338,0.785007,-0.11882305,0.12443926,-0.40632066,-0.65359616,0.022416444,-0.8825034,0.0025757817,-0.89307255,-0.8780059,-0.8821153,0.015066624,-0.8834851,-0.88074553,-0.9627553,2.1765256,0.77881885,1.2459407,0.014293031,1.2122917,1.2784855,1.2483981,0.06619382,1.2363627,1.2604336,-0.065675914,-0.6121123,1.5525724,0.0072009237,0.11180017,-0.29745144,0.4137461,-0.017083205,0.7111975,-0.121436045,0.09152208,0.25844845,-0.71179485,0.012551133
S5,1,0,-0.0011135379,0.13880555,-0.47141227,0.3135947,0.018133752,0.785007,-0.11609982,0.1105448,-0.3832882,-0.5076916,0.019268222,-0.8825262,0.0021772487,-0.890333,-0.8780059,-0.8821153,0.012327075,-0.8834851,-0.88074553,-0.31068364,0.7658169,0.7788573,1.265598,0.012819158,1.2363627,1.2965376,1.2664502,0.060174942,1.2604336,1.2784855,-0.12519145,-0.07095575,1.6019024,0.021783376,0.07115018,-0.25084457,0.4137461,0.009521997,0.66459066,0.009521997,0.009521997,1.0101019,4.0188217,0.0055368645
S5,1,0,-0.0022005127,0.1622027,-0.67750347,0.70931834,0.012408997,1.3868217,-0.12419001,0.11688577,-0.028026603,1.2447953,0.026314558,-0.8840329,0.0027755986,-0.890333,-0.8780059,-0.8834851,0.012327075,-0.8862246,-0.8821153,-0.28302592,-0.377805,0.78152174,1.2660993,0.012092363,1.2363627,1.2965376,1.2664502,0.060174942,1.2604336,1.2784855,-0.14804164,0.6167135,1.6031545,0.01582268,0.09396554,-0.72719955,0.56467664,0.009521997,1.2918762,0.009521997,0.009521997,0.0702771,8.881419,0.009079879
S5,1,0,0.0012046484,0.20603064,-0.90458536,0.70931834,0.017378403,1.6139038,-0.1454193,0.15391779,-0.3359668,0.66526294,0.04245007,-0.88693184,0.0025252618,-0.8958121,-0.88074553,-0.8862246,0.015066564,-0.8889632,-0.88485485,-0.46428558,1.2698565,0.78665453,1.2482474,0.01251372,1.2243272,1.2664502,1.2483981,0.04212296,1.2363627,1.2604336,0.055530585,-1.4300604,1.5582787,0.009787899,0.12478486,-0.72719955,0.56467664,0.009521997,1.2918762,-0.11413697,0.05538789,0.29504675,1.7943377,0.015667062
S5,1,0,0.00108356,0.17542472,-0.90458536,0.41465253,0.01690134,1.319238,-0.11665639,0.12239187,-0.57038975,1.3117833,0.030775009,-0.88870084,0.0021677115,-0.8958121,-0.8834851,-0.8889632,0.012327015,-0.890333,-0.8875934,-0.884764,2.1288543,0.7897939,1.2440853,0.010045054,1.2243272,1.2604336,1.2363627,0.036106348,1.2363627,1.2483981,0.40684533,-0.916801,1.5478497,-0.004968841,0.10266333,-0.23370309,0.30454546,0.009521997,0.53824854,-0.11413697,0.043328404,0.76804346,0.47558618,0.010564448
S5,1,0,-0.00039467253,0.15302148,-0.89345396,0.45957592,0.02047931,1.3530298,-0.10753256,0.114540204,-0.6758095,2.258213,0.023415728,-0.88928294,0.0020827525,-0.8985517,-0.8834851,-0.8889632,0.015066624,-0.890333,-0.8875934,-0.91110474,3.4758887,0.7908284,1.2475955,0.008752733,1.2363627,1.2604336,1.2483981,0.024070859,1.2363627,1.2483981,0.102528185,-1.1062654,1.556572,0.0072205323,0.07503825,-0.34909716,0.30454546,0.03126193,0.65364265,0.009521997,0.043328404,-0.03606363,2.9435344,0.005682875
S5,1,0,0.006397428,0.2922692,-3.3611412,1.8807461,0.039840113,5.241887,-0.14830156,0.15340097,-1.7419392,33.442425,0.085462205,-0.9118379,0.027900083,-0.95745045,-0.88485485,-0.8917028,0.0725956,-0.944095,-0.8889632,-0.52137595,-1.6011639,0.83222675,1.2472947,0.010651492,1.2122917,1.2664502,1.2483981,0.05415845,1.2363627,1.2483981,-0.21712613,0.071573496,1.5558579,0.065222286,0.57024354,-4.8291473,5.086615,0.03126193,9.915762,0.021601873,0.14679697,-1.346867,34.292717,0.3294316
S5,1,0,-0.0005929932,0.50709826,-5.8673115,1.9089724,0.04981868,7.7762837,-0.19767757,0.20939621,-4.976208,51.606575,0.25714895,-0.9168147,0.02452954,-0.95745045,-0.8875934,-0.9040308,0.06985706,-0.944095,-0.8958121,-0.4376158,-1.5566046,0.84115094,1.2286397,0.022930294,1.1882209,1.2664502,1.2243272,0.07822931,1.2122917,1.2483981,0.14244224,-1.35915,1.5100815,0.060543023,0.59187007,-4.8291473,5.086615,-0.017083205,9.915762,-0.017083205,0.14919698,-1.0238324,29.604313,0.3539756
S5,1,0,-0.009062598,0.46396965,-5.8673115,1.9089724,0.04552511,7.7762837,-0.21817139,0.2249604,-6.06813,68.87614,0.21534994,-0.89527565,0.0066432054,-0.92594635,-0.8875934,-0.8944423,0.038352966,-0.8971819,-0.890333,-2.0055985,5.43894,0.8015625,1.1968464,0.016123215,1.1641521,1.2243272,1.2002562,0.06017506,1.1882209,1.2122917,-0.21727535,-0.6155133,1.4327013,-0.00059480616,0.16613254,-0.707107,2.2936652,-0.017083205,3.0007722,-0.017083205,-0.017083205,8.185752,90.35652,0.027600378
S5,1,0,0.0026679733,0.28086,-0.9156374,0.9169202,0.050415,1.8325576,-0.21642216,0.22670962,-0.40668735,-0.31969237,0.07888947,-0.88724,0.00551143,-0.8999215,-0.8752664,-0.8889632,0.024655104,-0.8906754,-0.8834851,0.39818898,-0.51643157,0.78722507,1.1768883,0.01343691,1.1521168,1.2002562,1.1701688,0.048139453,1.1701688,1.1882209,0.37902865,-0.98404026,1.3852469,-0.008130741,0.07455768,-0.59948385,0.5388171,-0.017083205,1.1383009,-0.017083205,0.0022695276,0.03932008,10.132395,0.0056249574
S5,1,0,0.005161372,0.28338763,-0.9156374,0.9169202,0.050931826,1.8325576,-0.20527081,0.23048636,-0.39880863,-0.31584907,0.08033518,-0.8792614,0.005491962,-0.8958121,-0.871157,-0.8780059,0.024655104,-0.8834851,-0.8752664,-0.6885485,-0.31911325,0.77313083,1.1597389,0.0130856335,1.1400813,1.1882209,1.1641521,0.048139572,1.1521168,1.1701688,0.0839579,-0.3771503,1.3451654,0.0011673348,0.0856649,-0.59948385,0.5388171,0.0022695276,1.1383009,-0.07768472,0.060210057,-0.35640863,4.683233,0.007339837
S5,1,0,-0.0033922158,0.22257385,-0.5091798,0.4728542,0.023063403,0.98203397,-0.18553233,0.17622048,-0.22031765,-0.97126985,0.04955063,-0.87325734,0.0031679966,-0.8834851,-0.86567783,-0.8725268,0.017807245,-0.8752664,-0.871157,-0.5677423,0.28690648,0.7625885,1.1564293,0.010456943,1.1400813,1.1701688,1.1521168,0.030087471,1.1521168,1.1641521,-0.2847505,-1.2074202,1.337438,0.020124108,0.076617196,-0.33924896,0.20191573,0.060210057,0.5411647,-0.014663385,0.060210057,-0.8681324,1.6813359,0.006275176
S5,1,0,0.00038465162,0.8377078,-6.0969377,4.1840854,0.021512948,10.281023,-0.19268829,0.1714896,-0.8497947,17.83491,0.70175457,-0.87426174,0.011989068,-0.9519713,-0.86567783,-0.871157,0.08629346,-0.8738966,-0.8697872,-4.280402,20.881447,0.7644773,1.1696174,0.011230414,1.1521168,1.1882209,1.1701688,0.036104083,1.1641521,1.1701688,0.25638506,-0.50042677,1.368131,0.02317195,0.6409425,-5.9395204,7.2222404,-0.014663385,13.16176,-0.014663385,0.060210057,-0.5415118,43.1722,0.41134432
S5,1,0,0.0023842559,0.83608824,-6.0969377,4.1840854,0.021751478,10.281023,-0.13454624,0.13451722,-0.86357236,18.010977,0.6990492,-0.8900252,0.017313767,-0.9519713,-0.86567783,-0.89923656,0.08629346,-0.902661,-0.871157,-0.25816584,-0.16711807,0.7924445,1.1724254,0.008260023,1.1641521,1.1882209,1.1701688,0.024068713,1.1701688,1.1701688,1.1607618,-0.09589863,1.3746495,0.041358728,0.6430425,-5.9395204,7.2222404,0.01677097,13.16176,-0.014663385,0.13239339,-0.6190585,42.637623,0.4152142
S5,1,0,-0.0026051893,0.1557084,-0.87731326,0.6930982,0.022268297,1.5704114,-0.09713657,0.09076657,-0.6261657,5.4076777,0.024251895,-0.9007776,0.0056865346,-0.9108787,-0.8875934,-0.902661,0.02328533,-0.9040308,-0.89546967,0.66858995,-0.637033,0.81143254,1.1820537,0.018489517,1.1641521,1.2243272,1.1701688,0.06017506,1.1701688,1.2002562,0.85953015,-0.50029206,1.3975924,0.02899703,0.1151394,-0.35895005,0.3425985,0.014354646,0.7015486,-0.04614784,0.13239339,-0.05179939,-0.7557132,0.014097909
S5,1,0,-0.002186645,1.0530404,-6.44583,4.1809845,0.038130637,10.626814,-0.11435059,0.13378175,-1.4319125,9.855697,1.1088986,-0.892388,0.009919906,-0.9108787,-0.871157,-0.8917028,0.039721727,-0.902661,-0.8834851,0.13463378,-0.796082,0.7964546,1.2108376,0.019806508,1.1701688,1.2363627,1.2122917,0.06619394,1.2002562,1.2243272,-0.5264783,-0.65731525,1.46652,0.006231055,0.48749146,-4.160732,4.466414,-0.04614784,8.627146,-0.07768472,0.117978156,0.22946413,28.56573,0.23768672
S5,1,0,-0.0018139402,1.1099045,-6.44583,4.1809845,0.03316123,10.626814,-0.16458133,0.20150481,-1.2508783,7.9203463,1.2318913,-0.8926048,0.011194181,-0.91361827,-0.871157,-0.8917028,0.042461276,-0.9016337,-0.8834851,-0.09592694,-1.0610518,0.7968686,1.218209,0.012134943,1.1882209,1.2363627,1.2183094,0.048141837,1.2122917,1.2243272,-0.3674407,-0.12990427,1.4841807,0.014713818,0.49769235,-4.160732,4.466414,-0.035243504,8.627146,-0.09225723,0.15159583,0.1999424,26.161186,0.24791418
S5,1,0,0.00016939495,0.3715827,-3.3120832,3.168021,0.020201024,6.4801044,-0.12727103,0.12851419,-0.74921656,36.99355,0.1380737,-0.90873325,0.0119954,-0.92594635,-0.8821153,-0.9122485,0.04383105,-0.9180701,-0.90129125,0.7892177,-0.4150989,0.82594,1.1968967,0.017193194,1.1701688,1.2243272,1.1882209,0.05415845,1.1882209,1.2122917,-0.08404225,-1.1207957,1.4328572,0.0039915876,0.13233127,-0.9090157,1.2664664,0.009521997,2.175482,-0.08496981,0.009521997,1.9631568,21.969843,0.017527495
S5,1,0,0.023338417,0.6211578,-3.8114884,3.0568652,0.044570982,6.868354,-0.12725115,0.15242696,-1.1109394,13.807064,0.3863817,-0.92062706,0.00666409,-0.9341651,-0.8944423,-0.9211521,0.0397228,-0.92594635,-0.9163579,1.066854,2.249536,0.8475987,1.177841,0.010763027,1.1641521,1.2002562,1.1701688,0.036104083,1.1701688,1.1882209,0.20360328,-1.4723768,1.3874255,0.010897837,0.46791852,-2.9968753,3.2948067,0.009521997,6.2916822,0.009521997,0.009521997,-0.009434411,15.873528,0.21906652
S5,1,0,-0.015694443,0.9689508,-5.025375,3.0568652,0.09104486,8.08224,-0.1837831,0.33931634,-1.4682957,5.4127235,0.93911195,-0.9192231,0.007514937,-0.9341651,-0.8944423,-0.9204672,0.0397228,-0.92594635,-0.91361827,0.60449046,0.31074405,0.84502757,1.1669097,0.01095575,1.1400813,1.1882209,1.1641521,0.048139572,1.1641521,1.1701688,0.16623878,0.55484796,1.3617982,0.029151868,0.64719015,-2.9968753,3.2948067,0.009521997,6.2916822,-0.14517696,0.1851564,-0.2412199,5.4629574,0.41970494
S5,1,0,-0.025562529,0.96728504,-5.025375,2.3939862,0.09410602,7.419361,-0.34862822,0.4979,-1.2031659,3.6130443,0.9362937,-0.9156046,0.003666245,-0.9245766,-0.902661,-0.9149881,0.021915555,-0.91772765,-0.91361827,0.17524728,0.8101597,0.83834517,1.1811513,0.02818904,1.1400813,1.2363627,1.1701688,0.09628141,1.1641521,1.2002562,0.6868107,-0.8592653,1.3959129,0.004644986,0.46030992,-2.868548,2.2958252,-0.08254067,5.1643734,-0.08254067,0.112569384,-0.36608198,9.889822,0.2119068
S5,1,0,0.012355233,1.0497552,-6.003433,3.3807116,0.042622976,9.384145,-0.49222416,0.5688034,-0.66614205,3.477713,1.1021388,-0.9140294,0.00556544,-0.9245766,-0.8958121,-0.9149881,0.028764486,-0.91772765,-0.9122485,1.1743777,1.0913963,0.83548075,1.2278374,0.032864347,1.1521168,1.2664502,1.2363627,0.11433339,1.2002562,1.2483981,-0.76281756,-0.537657,1.5086652,0.020438714,1.0731375,-8.523775,13.732733,-0.08254067,22.256508,-0.08254067,0.13959692,2.6606915,69.544945,1.1520417
S5,1,0,0.0023769578,1.255044,-6.003433,5.913915,0.037295777,11.917349,-0.4657869,0.5976459,-0.57261217,3.7287602,1.5751408,-0.8998072,0.020609451,-0.9779962,-0.86019975,-0.90540063,0.11779642,-0.9149881,-0.87903327,0.25109145,0.43511343,0.8100778,1.2340556,0.023782933,1.1882209,1.2664502,1.2423804,0.07822931,1.2122917,1.2483981,-0.33557022,-1.0542758,1.5234588,0.09226554,1.4731905,-8.523775,13.732733,-0.0074039265,22.256508,-0.08254067,0.22583082,1.3209865,22.89345,2.178803
S5,1,0,0.00608795,0.92671746,-5.0704575,5.913915,0.029384486,10.984373,-0.15939328,0.22829983,-0.5350799,10.215841,0.8588423,-0.8834049,0.016441867,-0.9779962,-0.86019975,-0.8793757,0.11779642,-0.8862246,-0.87355417,-2.005321,7.6057253,0.7806745,1.185313,0.035139564,1.1160103,1.2483981,1.1882209,0.13238776,1.1521168,1.2122917,-0.2966561,-1.0813454,1.406202,0.07089827,1.0168823,-7.2436495,8.7875595,0.033675924,16.031208,-0.0074039265,0.11737524,1.1870627,22.033106,1.0390761
S5,1,0,0.00011129454,0.23882458,-2.0537503,1.0026325,0.019127633,3.0563827,-0.09015952,0.09925432,-3.1428106,26.300997,0.05703719,-0.884124,0.0063410457,-0.8999215,-0.8697872,-0.88485485,0.03013426,-0.8875934,-0.8793757,-0.025726754,-0.07254982,0.7817154,1.1212258,0.041741196,1.0437999,1.2002562,1.1160103,0.15645635,1.0919394,1.1521168,0.18310942,-0.94087005,1.2588896,0.06796901,0.09886452,-0.28272164,0.18994711,0.033675924,0.47266877,0.033675924,0.18994711,-0.3100684,-0.050203085,0.014393982
S5,1,0,-0.0010501383,0.25131378,-2.0537503,1.0026325,0.025727004,3.0563827,-0.094731376,0.11032615,-3.0543826,22.426643,0.06315972,-0.8935179,0.0058652423,-0.90540063,-0.8821153,-0.8958121,0.02328533,-0.8985517,-0.8875934,0.17168957,-1.2085053,0.79840857,1.0587431,0.03227476,0.9956581,1.1160103,1.0558354,0.12035221,1.0317645,1.0919394,0.067441285,-1.03648,1.1219788,0.100645415,0.12240574,-0.47511303,0.44449654,0.18994711,0.91960955,0.033675924,0.18994711,-1.0028046,0.09680486,0.025112668
S5,1,0,0.0013434552,0.9050945,-6.9873757,4.4339867,0.024136793,11.421362,-0.13257836,0.12507534,-2.0304027,20.495071,0.81919795,-0.9040763,0.007800452,-0.9245766,-0.8917028,-0.90129125,0.03287381,-0.9081402,-0.8985517,-0.89080954,-0.21084571,0.8174147,1.0099003,0.027333746,0.959554,1.0558354,1.0076935,0.09628135,0.9956581,1.0317645,-0.080833845,-1.0529984,1.0206457,0.061563652,0.15079245,-0.80526173,0.900145,0.033675924,1.7054067,-0.0631227,0.18994711,-0.71312225,3.3333335,0.026528448
S5,1,0,0.0028226397,0.95688117,-6.9873757,4.4339867,0.017616935,11.421362,-0.16378622,0.13795605,-1.6823921,16.139515,0.91562945,-0.92118645,0.012927898,-0.94238275,-0.8999215,-0.9225219,0.042461276,-0.9331378,-0.9081402,0.11242914,-1.369422,0.8487516,0.9766028,0.016667778,0.959554,1.0076935,0.96557057,0.048139513,0.96557057,0.9956581,0.925824,-0.7041831,0.954031,0.007972575,0.13630617,-0.80526173,0.900145,-0.0631227,1.7054067,-0.06797515,0.098740764,0.022994783,5.062213,0.018642932
S5,1,0,0.0046838904,0.9881023,-6.087238,5.919004,0.031809554,12.006242,-0.18674487,0.18588099,-0.61945623,14.783737,0.97636807,-0.9336281,0.006262503,-0.9588202,-0.921837,-0.9341651,0.03698325,-0.9382734,-0.92868596,-0.38593063,0.8920591,0.87170064,0.9616595,0.0062461314,0.9475185,0.97760606,0.9625623,0.03008753,0.959554,0.96557057,-0.6028359,1.3389158,0.92482823,0.024140421,0.10391984,-0.48503232,0.43976876,0.052977394,0.9248011,-0.06797515,0.098740764,-0.15077409,0.37613988,0.011382095
S5,1,0,0.0007190081,0.9784889,-6.087238,5.919004,0.035745323,12.006242,-0.24202454,0.24855512,-0.6579059,15.272196,0.95744115,-0.93898135,0.007193721,-0.9588202,-0.921837,-0.9396432,0.03698325,-0.9437525,-0.9355338,0.08565427,-0.1170249,0.8817378,0.95564234,0.0065298337,0.9475185,0.96557057,0.959554,0.018052042,0.9475185,0.959554,-0.25776595,-1.4995914,0.91329485,0.06093772,0.122414626,-0.48503232,0.43976876,0.098740764,0.9248011,-0.024344996,0.098740764,-0.5882915,0.81838346,0.018698748
S5,1,0,-0.0033742478,0.4291752,-1.8746928,2.152831,0.04317955,4.027524,-0.24339607,0.22416529,0.06397938,3.6825056,0.18420273,-0.95058995,0.008624134,-0.96566814,-0.9355338,-0.95128644,0.03013432,-0.9588202,-0.9434101,0.075687915,-1.2507559,0.9036955,0.9500258,0.007906828,0.9354831,0.959554,0.9475185,0.024070919,0.9475185,0.959554,-0.24843301,-0.74833846,0.9026118,0.046945207,0.1382888,-0.44538665,0.8932129,0.052977394,1.3385996,-0.09225723,0.15159583,-0.005532338,0.4209578,0.021327643
S5,1,0,-0.0027883567,0.6419712,-3.6745715,4.2709107,0.041430317,7.9454823,-0.2564557,0.22038853,0.7355343,11.335613,0.41213474,-0.99438363,0.06320778,-1.1711278,-0.94649214,-0.9615587,0.22463566,-1.0043635,-0.957108,-1.5428429,0.9472575,0.992794,0.9475184,0.008221784,0.9354831,0.959554,0.9475185,0.024070919,0.9475185,0.9475185,5.4330063e-05,-0.85714245,0.8978589,0.07842496,1.2035629,-10.632574,6.988985,0.1011466,17.62156,-0.09225723,0.15159583,-1.9132038,26.372898,1.454714
S5,1,0,-0.0036314144,1.4583366,-9.738518,11.174806,0.052720807,20.913322,-0.29380575,0.2638808,0.1418173,17.424318,2.126759,-1.0393476,0.09221064,-1.1835287,-0.90958387,-1.0142934,0.2739448,-1.1359308,-0.9564416,-0.14913632,-1.6214899,1.0887462,0.9428046,0.009615297,0.9234476,0.959554,0.9475185,0.036106408,0.9354831,0.9475185,-0.061992005,-0.4688933,0.8889731,0.0877324,1.2742268,-10.632574,6.988985,0.07225906,17.62156,-0.10258632,0.22403868,-1.6100389,21.108448,1.6313506
S5,1,0,-0.00050445425,1.3452492,-9.738518,11.174806,0.032644413,20.913322,-0.13391016,0.16590399,0.095101304,24.506556,1.8096958,-0.9693948,0.10942692,-1.1835287,-0.8753402,-0.90958387,0.30818844,-1.0944965,-0.8914342,-0.9815054,-0.84345174,0.95170057,0.9366866,0.008424819,0.9234476,0.9475185,0.9354831,0.024070919,0.9354831,0.9475185,-0.13992791,-0.9604342,0.87745285,0.034916285,0.4309718,-4.825922,4.450702,0.009521997,9.276625,0.009521997,0.05478556,0.9152384,49.46851,0.18695582
S5,1,0,0.0019905998,0.11984623,-0.50790757,0.35939273,0.01781571,0.8673003,-0.09339957,0.09502038,-0.3218673,-0.0077955723,0.014367082,-0.8828394,0.010683218,-0.9123224,-0.8684913,-0.87807983,0.04383111,-0.8907493,-0.87397045,-0.8045623,-0.2842257,0.7795197,0.94240344,0.010499458,0.9234476,0.959554,0.9475185,0.036106408,0.9354831,0.9475185,-0.19264418,-0.6400881,0.8882345,0.018593429,0.035421558,-0.29008478,0.3212034,0.009521997,0.6112882,0.009521997,0.021602456,6.7279015,65.48229,0.0016004023
S5,1,0,-4.6318335e-05,0.11661378,-0.50790757,0.35939273,0.022188786,0.8673003,-0.1034974,0.09496075,-0.36674884,-0.10755968,0.013598778,-0.872361,0.004108049,-0.88766724,-0.86438197,-0.8712309,0.02328527,-0.87397045,-0.86986107,-0.6932274,1.1500506,0.76103055,0.95288414,0.0085384045,0.9354831,0.96557057,0.959554,0.030087471,0.9475185,0.959554,-0.4910653,-0.68702555,0.9080613,0.021527393,0.03096379,0.009521997,0.3212034,0.021602456,0.31168142,0.009521997,0.021602456,9.211877,85.66655,0.001422185
S5,1,0,0.00039413472,0.56876546,-5.76681,2.7184687,0.032366127,8.485279,-0.111050904,0.11245306,-4.446145,45.83812,0.32349434,-0.8681717,0.003076831,-0.87671006,-0.86027366,-0.8684913,0.016436398,-0.8712309,-0.86575174,-0.15988544,-0.31567478,0.75373155,0.96592206,0.012748275,0.9354831,0.9956581,0.96557057,0.060175,0.959554,0.97760606,0.34940663,0.411633,0.9331679,0.02154508,0.029265273,-0.29008478,0.3212034,0.021602456,0.6112882,0.021602456,0.021602456,3.090949,100.19835,0.0013206471
S5,1,0,-0.00045302417,0.5718316,-5.76681,2.7184687,0.024852388,8.485279,-0.10870534,0.124876566,-4.374245,44.77906,0.32699156,-0.8660257,0.0024540739,-0.87397045,-0.8589039,-0.86575174,0.015066564,-0.8671215,-0.86438197,-0.07261942,0.6530726,0.75000656,0.9884874,0.018552164,0.959554,1.0317645,0.9956581,0.07221049,0.97760606,0.9956581,0.51128656,-0.4946897,0.97745186,0.022268374,0.030104771,-0.29008478,0.33784506,0.021602456,0.6279298,0.021602456,0.021602456,1.0123365,93.12589,0.0014021777
S5,1,0,0.00081674365,0.16243854,-0.75892216,0.5204014,0.016464032,1.2793236,-0.11598055,0.120841414,-0.6388571,1.9815187,0.026386946,-0.86570615,0.002494126,-0.87397045,-0.8589039,-0.86575174,0.015066564,-0.8671215,-0.86438197,-0.6210188,1.1747193,0.7494533,1.0234902,0.027686406,0.97760606,1.0738873,1.019729,0.09628129,0.9956581,1.0437999,0.2473722,-1.0450636,1.0482986,0.034484472,0.04959602,-0.27781326,0.65842867,0.021602456,0.9362419,0.021602456,0.038502745,6.017031,66.627785,0.0036489442
S5,1,0,-0.0007933454,0.29780442,-0.98950255,1.354705,0.01030197,2.3442075,-0.16313025,0.16210735,0.23916236,1.9328475,0.08868811,-0.867932,0.0033575818,-0.88081944,-0.86164236,-0.8671215,0.01917708,-0.86986107,-0.86575174,-0.67355037,0.9430039,0.75331724,1.0693744,0.029584512,1.0076935,1.1160103,1.0678709,0.10831678,1.0437999,1.0919394,-0.35469913,-0.98666906,1.1444365,0.055597022,0.064578936,-0.26800233,0.6841321,0.060210057,0.95213443,0.03126193,0.08670808,1.5994058,31.182697,0.007261468
S5,1,0,-0.0004635078,0.52127784,-1.6301186,1.6405451,-0.01382946,3.2706637,-0.3710303,0.33186224,0.1550441,-0.14661956,0.27173084,-0.87111664,0.0026677733,-0.88081944,-0.86438197,-0.8712309,0.01643747,-0.8726007,-0.86986107,-0.7670386,1.6521697,0.75885147,1.1153085,0.025662605,1.0678709,1.1521168,1.1160103,0.08424592,1.0919394,1.1400813,-0.028324995,-1.0850271,1.2445717,0.05540716,0.10776029,-0.53470796,0.6841321,0.08670808,1.2188401,0.06262056,0.098740764,-1.1985581,3.9907346,0.014682234
S5,1,0,0.0123382155,1.0954258,-6.3683867,5.4824915,0.0006812017,11.850878,-0.51319504,0.531672,-0.02188042,7.799347,1.2001101,-0.87561405,0.009615151,-0.9205411,-0.8630122,-0.8726007,0.057528913,-0.8753402,-0.8712309,-2.7600188,7.5865498,0.7667924,1.1559273,0.023943624,1.1039749,1.2002562,1.1521168,0.09628129,1.1400813,1.1701688,-0.06199552,-0.66590905,1.3367413,0.037224445,0.60558724,-4.306345,4.638572,0.098740764,8.944918,-0.1117055,0.13959692,0.1080278,14.208265,0.36812156
S5,1,0,-0.000154532,1.1517576,-6.3683867,5.4824915,0.029304974,11.850878,-0.20483351,0.23050624,-0.20655283,8.708651,1.3265455,-0.87776005,0.009199885,-0.9205411,-0.8630122,-0.8753402,0.057528913,-0.87807983,-0.8726007,-2.5173056,6.950242,0.77054733,1.1760861,0.012621679,1.1521168,1.2002562,1.1701688,0.048139453,1.1701688,1.1882209,0.17916943,-0.9024093,1.3833376,0.008791778,0.6042514,-4.306345,4.638572,0.038502745,8.944918,-0.1117055,0.093924716,0.24839394,14.395834,0.3651969
S5,1,0,-0.012510497,0.57724154,-5.386273,5.4566507,0.023182668,10.842924,-0.106399536,0.11132003,-1.5911502,43.958305,0.3333643,-0.87745196,0.0037674396,-0.88766724,-0.8671215,-0.8773949,0.020545721,-0.87944967,-0.8753402,-0.29015252,0.20558047,0.76993614,1.1578329,0.022779996,1.1160103,1.2002562,1.1641521,0.08424592,1.1400813,1.1701688,-0.167795,-0.9417684,1.341096,-0.020849003,0.113549024,-0.57703555,0.6069192,0.038502745,1.1839547,-0.15309642,0.038502745,-0.44843593,1.8322697,0.013328061
S5,1,0,-0.0011644753,0.1230836,-0.2690581,0.3345855,0.015271375,0.6036436,-0.10494847,0.11169771,-0.29433712,-1.0598006,0.015150929,-0.880922,0.0041514398,-0.89040685,-0.8671215,-0.88081944,0.02328533,-0.883559,-0.87807983,0.5422836,0.67624307,0.7760409,1.1215268,0.020252487,1.0919394,1.1641521,1.1160103,0.072212696,1.1039749,1.1400813,0.32917395,-1.0852127,1.258232,-0.041759435,0.112301804,-0.23859866,0.27118993,-0.0074039265,0.5097886,-0.19213626,0.038502745,-0.6589332,-0.8448241,0.014355543
S5,1,0,0.0013393592,0.44677082,-5.003589,1.8442509,0.03968109,6.8478403,-0.12132763,0.1357894,-5.041017,52.581936,0.19960594,-0.8808193,0.004169661,-0.89040685,-0.86986107,-0.8815043,0.02054578,-0.883559,-0.87944967,0.5939638,0.40701795,0.77586,1.0945475,0.013825714,1.0678709,1.1160103,1.0919394,0.048139453,1.0919394,1.1039749,-0.3635803,-0.619848,1.1982253,-0.046535905,0.1109706,-0.43301493,0.27118993,-0.0074039265,0.70420486,-0.15065913,0.036088753,-0.38534135,-0.41438508,0.0144800665
S5,1,0,0.00013953858,0.45759457,-5.003589,1.8442509,0.0439349,6.8478403,-0.14999115,0.1682893,-4.6941066,47.487404,0.20939282,-0.8741075,0.006706627,-0.88629746,-0.8547945,-0.87397045,0.031502962,-0.87944967,-0.8712309,0.905435,0.86742973,0.7641089,1.077799,0.010893508,1.0678709,1.1039749,1.0738873,0.036104083,1.0678709,1.0919394,0.70525026,-1.0511018,1.1617694,-0.03226047,0.09995645,-0.43301493,0.27357596,0.036088753,0.7065909,-0.15065913,0.036088753,-0.47336572,-0.18862653,0.011032031
S5,1,0,-0.001982235,0.60748845,-4.7249846,4.0582204,0.04059546,8.783205,-0.19920814,0.21343137,-0.81910926,17.395067,0.36904612,-0.87286323,0.005595541,-0.8821892,-0.8547945,-0.87397045,0.027394712,-0.87671006,-0.8712309,1.4763831,2.3451157,0.7619216,1.07113,0.005859334,1.0678709,1.0919394,1.0678709,0.024068594,1.0678709,1.0738873,2.5362072,6.3560686,1.1473539,-0.001440983,0.111978486,-0.88872516,0.9370749,0.036088753,1.8258001,-0.06797515,0.052977394,-0.0035874115,13.606018,0.012541261
S5,1,0,0.007366541,0.6686094,-4.7249846,4.0582204,0.06079112,8.783205,-0.26929665,0.31230265,-0.8177568,12.097457,0.44709274,-0.87650454,0.0030966525,-0.88629746,-0.86438197,-0.87671006,0.021915495,-0.87807983,-0.87397045,-0.16026579,2.6026516,0.7682698,1.091439,0.024014603,1.0678709,1.1400813,1.0919394,0.07221043,1.0678709,1.1039749,0.578222,-1.0018339,1.1918156,0.028116819,0.83596647,-4.9067745,9.64495,0.052977394,14.551724,-0.11413697,0.052977394,3.1545653,46.409294,0.69963056
S5,2,1,0.14509834,1.563752,-4.0896955,12.906624,0.009188823,16.996319,-0.7617647,0.8960884,2.3524911,15.093439,2.4663742,0.87080777,0.09615948,0.7092713,1.0886854,0.88870543,0.37941408,0.78255177,0.9479463,0.07135876,-0.89532566,0.7675527,0.3751446,0.010797565,0.36381146,0.39389896,0.37584692,0.0300875,0.36381146,0.37584692,0.633774,-0.7448263,0.14085007,-0.18735562,0.1615975,-0.7498284,0.5670254,-0.23125532,1.3168538,-0.2483956,-0.13360737,0.12619203,0.8866565,0.061215892
S5,2,1,0.0058909496,1.4808213,-8.34454,3.6897686,0.07446693,12.034308,-0.83773696,0.9540516,-0.8932339,3.138173,2.1928663,0.9476836,0.0649828,0.82295847,1.1229291,0.9476039,0.29997063,0.91815436,0.9767107,0.25632802,0.15483427,0.902327,0.39084026,0.013721968,0.36381146,0.41796988,0.39389896,0.05415842,0.37584692,0.40593442,-0.2737944,-0.77625537,0.15294443,-0.20108199,0.16533065,-0.7498284,0.5951941,-0.1896943,1.3450224,-0.30973577,-0.11656961,0.14558493,1.1979747,0.067768194
S5,2,1,-0.0325831,1.6789744,-8.34454,3.9722693,0.041311055,12.316809,-1.0464321,1.1309823,-0.6102431,1.3524389,2.8200166,1.0247879,0.072444655,0.9188393,1.1900456,1.015405,0.27120632,0.9650675,1.0753311,0.49565816,-0.67645645,1.0554386,0.4003681,0.010252357,0.37584692,0.41796988,0.40593442,0.04212296,0.39389896,0.40593442,-0.905499,0.6735649,0.16039975,-0.22348928,0.16559389,-0.7473131,0.5951941,-0.1896943,1.3425071,-0.30973577,-0.11656961,0.2023149,0.56516886,0.07736879
S5,2,1,-0.015123138,1.472149,-4.090411,3.9722693,0.023182668,8.06268,-0.9805577,1.0240605,-0.15032718,-0.35261488,2.1674514,1.1488968,0.10272326,0.98732543,1.3667408,1.1414202,0.3794154,1.0654002,1.2140157,0.3292422,-0.85827994,1.330516,0.3961558,0.012036622,0.37584692,0.41796988,0.39389896,0.04212296,0.39389896,0.40593442,-0.5720756,-0.7628114,0.15708433,-0.22434619,0.17030445,-0.8254603,0.2664202,-0.1896943,1.0918806,-0.3786721,-0.10197845,-0.02950405,-0.11521435,0.07933482
S5,2,1,0.036304247,1.4652799,-4.851565,4.028563,0.1349744,8.880128,-0.98999953,1.075166,-0.1451253,-0.28502393,2.1483629,1.2207505,0.07342144,1.0626607,1.3681104,1.2044277,0.30544972,1.1592265,1.2777088,0.24288705,-0.73476934,1.4956223,0.3757464,0.01940557,0.333724,0.40593442,0.37584692,0.07221043,0.36381146,0.39389896,-0.0684722,-0.84167814,0.14156194,-0.21429902,0.17882763,-0.8254603,0.47284,-0.1896943,1.2983003,-0.3786721,-0.06554834,0.036028784,-0.05900383,0.07790339
S5,2,1,0.02266141,1.4883997,-4.851565,4.028563,0.11664723,8.880128,-1.0897852,1.1111444,-0.14379686,-0.37337255,2.2158473,1.2256587,0.070047885,1.124299,1.3886564,1.2119612,0.26435733,1.1667602,1.2766815,0.5070627,-0.7864897,1.5071456,0.3485172,0.015437824,0.32168853,0.37584692,0.34575945,0.05415839,0.333724,0.36381146,-0.14144993,-1.0000935,0.121702574,-0.20722553,0.18030901,-0.8709883,0.47284,-0.1701668,1.3438283,-0.3786721,-0.04614784,-0.098136626,0.14196682,0.07545376
S5,2,1,-0.009526921,1.4858596,-4.7369113,4.7157717,0.045048047,9.4526825,-0.9393513,0.9987365,-0.10552411,0.12939525,2.2078695,1.2635543,0.07434365,1.124299,1.4324874,1.2578468,0.30818832,1.2133309,1.3009942,0.24232447,-0.35787106,1.6020967,0.3271045,0.014396505,0.2976176,0.35779488,0.32168853,0.060177267,0.32168853,0.333724,-0.013297281,-0.36489296,0.10720461,-0.19965038,0.19933583,-1.3872523,0.60457516,-0.1701668,1.9918275,-0.354023,-0.04614784,-0.38853005,2.9479413,0.07959505
S5,2,1,-0.016853238,1.5263623,-5.1798635,4.7518697,0.025289696,9.931733,-0.9000931,0.93041706,-0.04976309,0.64207006,2.330066,1.3987261,0.14814067,1.2119612,1.7615492,1.3667407,0.5495881,1.2585318,1.5307496,0.48466057,-0.9675586,1.9783803,0.3065439,0.014533853,0.28558215,0.333724,0.30965307,0.048141837,0.2976176,0.32168853,-0.091386095,-1.274033,0.09418039,-0.19751784,0.1872933,-1.3872523,0.60457516,-0.1701668,1.9918275,-0.29008478,-0.07465063,-0.31661576,4.108001,0.07409208
S5,2,1,-0.0112333745,1.4247773,-5.1798635,4.7518697,0.02199001,9.931733,-0.88967717,0.93948126,-0.14751123,0.5374348,2.0301168,1.5324265,0.10577741,1.2283986,1.7615492,1.5423927,0.5331507,1.5078067,1.584854,-1.0885427,1.9224935,2.35952,0.28668582,0.015380655,0.26151353,0.32168853,0.28558215,0.060175,0.2675301,0.2976176,0.008102675,-0.7448733,0.08242532,-0.21126436,0.15385343,-0.7473131,0.34734958,-0.1701668,1.0946627,-0.29008478,-0.1701668,0.13851713,1.0468497,0.0683035
S5,2,1,-0.0380976,1.5065051,-5.9813294,4.6091485,0.015947213,10.590478,-0.9145242,0.9076175,-0.24108429,0.7034135,2.2710092,1.620193,0.09965592,1.4588389,1.8629081,1.5896484,0.4040692,1.5393108,1.6947742,0.6225921,-0.4902339,2.6349566,0.25399062,0.02770963,0.20133623,0.2976176,0.26151353,0.09628138,0.22540715,0.2675301,-0.16115405,-0.997875,0.06527905,-0.21903627,0.1680569,-0.8254603,0.60457516,-0.29008478,1.4300355,-0.29008478,-0.10197845,0.25386497,1.1835742,0.076220006
S5,2,1,-0.00092463096,1.5442016,-5.9813294,4.6091485,0.049262106,10.590478,-0.9123178,0.90352273,-0.1399817,0.63619065,2.3845592,1.7001965,0.08811531,1.4985605,1.895782,1.6903236,0.39722145,1.6506007,1.763604,-0.092881605,-0.18573666,2.8984323,0.21236889,0.02474246,0.17124875,0.26151353,0.2133717,0.09026478,0.20133623,0.22540715,0.020042265,-0.75003195,0.045712743,-0.21712187,0.18630925,-0.8254603,0.60457516,-0.29008478,1.4300355,-0.29008478,-0.07768472,0.18506646,0.5729711,0.08185305
S5,2,1,0.049169745,1.5207568,-5.7483635,5.453947,0.04051595,11.202311,-0.8854631,0.96957594,-0.015238513,1.1211624,2.315119,1.7372477,0.061816227,1.6314247,1.895782,1.7293603,0.26435733,1.6999109,1.7666857,0.5980705,-0.0015347004,3.021851,0.18157902,0.019173913,0.1531967,0.2133717,0.17124875,0.060174987,0.16523217,0.20133623,0.30201173,-1.1994058,0.03333858,-0.21586998,0.24261698,-2.600874,1.9823835,-0.21657562,4.5832577,-0.29008478,-0.07768472,-1.0442339,22.004688,0.10546286
S5,2,1,0.002220428,1.5725207,-7.8635015,6.0006614,0.0048157466,13.864162,-0.74135035,0.8184663,-0.30653846,3.11937,2.4728262,1.9292501,0.18348518,1.7040204,2.1830254,1.8800306,0.47900498,1.731415,2.1207032,0.0396407,-1.7978051,3.7556727,0.17084786,0.0129927825,0.1531967,0.20133623,0.17124875,0.048139527,0.16523217,0.17124875,0.8012662,0.14200592,0.029357811,-0.11925969,0.39506382,-3.3441315,4.3640966,-0.14091344,7.708228,-0.29008478,-0.02192401,2.177461,38.133984,0.17029828
S5,2,1,-0.025212383,1.3009688,-7.8635015,6.0006614,0.01849155,13.864162,-0.46972266,0.53091663,-0.89078265,6.7219944,1.6931552,2.1344411,0.064742446,1.8341448,2.2898645,2.1316605,0.4557197,2.0981028,2.168301,-0.5362287,2.8905115,4.5600295,0.18017466,0.014533089,0.1531967,0.2133717,0.17124875,0.060174987,0.17124875,0.18930079,0.20324966,-0.6074536,0.03267413,-0.023736058,0.3815863,-3.3441315,4.3640966,-0.02676598,7.708228,-0.18481039,0.011938321,2.5829527,39.02292,0.14617151
S5,2,1,-0.009838622,0.9821288,-6.3954997,3.733579,0.04051595,10.129079,-0.3693407,0.4669903,-1.172378,7.128522,0.9646739,2.2695577,0.11859793,2.0912538,2.507651,2.2871249,0.41639733,2.1566582,2.3682814,0.014776993,-1.2863616,5.1649594,0.19261068,0.010982396,0.17124875,0.2133717,0.18930079,0.042122945,0.18930079,0.20133623,-0.37205693,-0.100126505,0.03721949,-0.047304902,0.23969023,-1.4498938,1.5839579,-0.02192401,3.0338516,-0.18481039,0.0022695276,0.91095614,9.980086,0.059689157
S5,2,1,0.01160817,0.83562154,-5.6989083,3.733579,0.031650536,9.4324875,-0.35433307,0.47865844,-0.9441794,6.190461,0.69839805,2.3398707,0.066451855,2.2268565,2.507651,2.3302712,0.28079462,2.28644,2.3888273,0.32042205,-0.6903336,5.4794106,0.19085564,0.012917753,0.17124875,0.2133717,0.18930079,0.042122945,0.18930079,0.20133623,-0.30121475,-0.94666386,0.036592744,-0.07722151,0.2005602,-1.1928931,1.0337,-0.02676598,2.226593,-0.18481039,0.0022695276,0.023489298,3.454392,0.04618756
S5,2,1,0.009072452,0.6203828,-4.702642,1.7939208,0.013681166,6.496563,-0.28488067,0.3747184,-1.6049522,9.759934,0.38495713,2.299555,0.05085554,2.2090502,2.451492,2.2871249,0.2424419,2.2676058,2.3306136,0.8704772,0.45588493,5.2905397,0.17621332,0.014126244,0.1531967,0.2133717,0.17124875,0.060174987,0.17124875,0.18930079,0.8675809,0.17366242,0.03125068,-0.07546582,0.19385056,-1.0414534,1.0337,-0.14091344,2.0751534,-0.17992765,0.011938321,0.22969651,2.996306,0.043273132
S5,2,1,0.0008007948,0.6597914,-4.702642,3.4211822,0.013243858,8.123824,-0.2579664,0.2882905,-1.2961974,11.4401045,0.4353253,2.2507243,0.06780772,2.1117997,2.3706777,2.2638397,0.258878,2.2073379,2.302534,-0.40870562,-0.74766994,5.0703573,0.157158,0.014144307,0.11709034,0.18930079,0.1531967,0.07221045,0.14116125,0.17124875,-0.11471461,-0.40462208,0.0248987,-0.06756645,0.19795492,-0.90140325,1.0932856,-0.10684139,1.9946887,-0.15065913,0.011938321,0.3268676,2.4967637,0.043751378
S5,2,1,-0.0020973228,0.7772595,-4.072919,3.4211822,0.020956375,7.494101,-0.2537722,0.28328133,-0.6862575,5.945985,0.60413665,2.1493528,0.080481745,2.0077,2.337805,2.1391943,0.33010507,2.1066628,2.2039137,0.26598766,-0.5545113,4.6261954,0.13288686,0.016663402,0.09301942,0.17124875,0.12912579,0.07822933,0.11709034,0.14116125,-0.12465129,-0.29482508,0.017936584,-0.055851802,0.26253784,-2.1813073,1.4156866,-0.08011619,3.596994,-0.15065913,0.040915575,-0.107051276,9.764822,0.072045535
S5,2,1,0.0089167915,0.8124503,-4.497982,3.419592,0.0066047325,7.917574,-0.21596497,0.26588842,-0.43891364,6.7266827,0.660155,2.045539,0.06798004,1.9255159,2.1679587,2.0433133,0.24244285,1.9864694,2.1046083,0.05862324,-1.1970907,4.1888504,0.11528502,0.010382398,0.09301942,0.12912579,0.11709034,0.03610637,0.10505488,0.11709034,-0.40773898,-0.45632195,0.013398429,-0.061419047,0.5169927,-6.3981433,10.116641,-0.09225723,16.514784,-0.24900785,0.040915575,6.424569,181.23491,0.27105373
S5,2,1,0.0041900617,0.613268,-4.497982,3.3988397,-0.027385999,7.896822,-0.16259357,0.15133369,-0.09204317,15.197134,0.3761152,2.0390668,0.071932346,1.9255159,2.2569907,2.0357795,0.33147478,1.9864694,2.0778983,0.87955666,0.73162603,4.162968,0.080082245,0.034258187,0.032844428,0.12912579,0.09301942,0.096281365,0.044879884,0.11709034,-0.20058005,-1.6636742,0.0075867893,-0.13525955,0.54343265,-6.3981433,10.116641,-0.09225723,16.514784,-0.2949955,-0.017083205,5.8033085,151.32033,0.31361422
S5,2,1,-0.010916645,0.27947393,-1.6402164,1.5426677,-0.024483863,3.1828842,-0.1309484,0.119290955,0.19155672,5.5992603,0.07822483,2.009595,0.09672727,1.8090892,2.2569907,2.0118093,0.4479015,1.9361317,2.0628316,0.19028366,-0.020522356,4.047828,0.05119825,0.0140233105,0.032844428,0.09301942,0.044879884,0.06017499,0.044879884,0.056915343,1.2195003,2.1759229,0.0028179141,-0.1871293,0.4065246,-2.21952,3.1601613,-0.1896943,5.3796816,-0.36634347,-0.017083205,1.0763483,11.77728,0.20027965
S5,2,1,-0.004043461,0.45502368,-4.2008514,1.9024526,-0.0073493565,6.103304,-0.13746826,0.15155233,-1.6350051,17.846094,0.20706287,1.9745299,0.06872023,1.8090892,2.1131692,1.9741418,0.30408,1.934762,2.0210555,-0.25054374,-0.33185887,3.9034908,0.0563133,0.0068344995,0.044879884,0.07496738,0.056915343,0.030087493,0.056915343,0.056915343,-0.076554574,0.5922487,0.0032178983,-0.19035444,0.3841419,-2.21952,3.1601613,-0.20924044,5.3796816,-0.29560947,-0.017083205,1.172635,14.125559,0.1837998
S5,2,1,-0.004983348,0.79076636,-4.2008514,2.7536123,-0.0021414203,6.954464,-0.3416909,0.3362353,-0.2478123,2.8450494,0.6253362,2.040014,0.06158256,1.9337345,2.1816554,2.0330398,0.24792087,1.9977701,2.08235,0.29844835,-0.6295619,4.1654506,0.058168724,0.007199837,0.032844428,0.07496738,0.056915343,0.04212295,0.056915343,0.062931925,-0.7564899,4.5049996,0.0034354376,-0.19549602,0.3207017,-1.9430385,1.6798257,-0.22391431,3.6228642,-0.29008478,-0.07282877,0.38799798,6.7839003,0.14106825
S5,2,1,0.009023536,1.5492194,-10.631659,5.321085,-0.01208023,15.952744,-0.78289455,0.82218343,-0.8091078,5.4517727,2.400162,2.0125513,0.101459585,1.6871833,2.1816554,2.0220826,0.49447215,1.9895513,2.0686536,-1.058372,1.4359736,4.0606565,0.062380783,0.008823172,0.032844428,0.07496738,0.062931925,0.04212295,0.056915343,0.062931925,-0.66611344,2.2100463,0.0039692107,-0.19168493,0.31844574,-1.4629716,1.7242655,-0.22391431,3.187237,-0.3515601,-0.08254067,0.835597,7.7231903,0.13815083
S5,2,1,0.0055563776,1.9653918,-10.631659,6.2658286,0.07923755,16.897488,-1.0005147,1.144181,-0.6498286,2.538186,3.8627956,2.0602179,0.13508111,1.6871833,2.2597303,2.08235,0.5725471,1.9926333,2.1741216,-0.6775505,-0.023709059,4.2627444,0.06980211,0.00893545,0.056915343,0.09301942,0.062931925,0.036104076,0.062931925,0.07496738,1.0694721,0.7792523,0.0049521774,-0.18337443,0.26659063,-1.4629716,1.7242655,-0.14334957,3.187237,-0.3564871,-0.08254067,0.64160067,9.528274,0.10469675
S5,2,1,-0.005904187,1.679596,-8.592374,6.2658286,0.024733122,14.858202,-0.7100034,0.9254278,-0.47354347,2.1920114,2.8210776,2.1679926,0.060331423,2.063859,2.332326,2.1679587,0.26846695,2.1131692,2.2080228,0.47903103,-0.2586336,4.7038317,0.08905828,0.020634433,0.056915343,0.12912579,0.09301942,0.072210446,0.07496738,0.10505488,0.19223586,-0.9918523,0.008357157,-0.16466935,0.17919116,-1.1517003,1.0543448,-0.19946446,2.2060452,-0.25084457,-0.03403243,0.19448632,5.554137,0.059225474
S5,2,1,0.0061928807,1.4165092,-5.4126706,4.325932,0.033558786,9.738603,-0.6289027,0.7347021,-0.26801994,1.0628762,2.0065367,2.1905775,0.15224242,1.976197,2.5393116,2.1590552,0.56311464,2.0902264,2.299452,0.7285494,-0.5994148,4.821808,0.12029979,0.018235032,0.09301942,0.1531967,0.12912579,0.06017729,0.10505488,0.14116125,-0.08301834,-1.3129263,0.014804558,-0.14135307,0.7048532,-5.887212,11.99789,-0.15797217,17.885101,-0.25084457,0.01677097,5.0785456,108.46232,0.5167986
S5,2,1,0.008229588,1.8167989,-11.52957,6.1869545,0.08476353,17.716524,-0.68933064,0.742832,-0.7586052,4.691672,3.300826,2.353471,0.20559517,1.976197,2.6297133,2.4468553,0.6535163,2.116594,2.4913712,-0.7750211,-1.0321263,5.581095,0.1287246,0.016291145,0.09301942,0.1531967,0.12912579,0.06017729,0.11709034,0.14116125,-0.423401,-0.8310914,0.016835427,-0.15659715,0.7739219,-5.887212,11.99789,-0.15797217,17.885101,-0.34909716,-0.04130121,4.0738893,77.002846,0.6234778
S5,2,1,-0.008201415,1.5746677,-11.52957,6.1869545,0.007956411,17.716524,-0.52840143,0.5525634,-1.0511873,8.99868,2.479645,2.497421,0.069875024,2.4023392,2.7598379,2.4749346,0.35749865,2.4461703,2.542736,1.2160656,1.8689218,6.2419944,0.12631752,0.017213462,0.09301942,0.1531967,0.12310806,0.06017729,0.11709034,0.14116125,0.14057252,-1.0372657,0.01625242,-0.18453433,0.34815416,-3.2130313,4.911864,-0.14578569,8.124895,-0.34909716,-0.04614784,2.2958946,71.2559,0.15526423
S5,2,1,-0.003156226,1.0199704,-4.5769362,3.1515622,-0.014942607,7.7284985,-0.5063174,0.5217929,-0.26303414,1.9540315,1.0403496,2.5578604,0.10760238,2.4023392,2.8351731,2.5516396,0.4328339,2.4670584,2.6324542,0.6060234,-0.3339002,6.5542274,0.13825268,0.015143953,0.10505488,0.16523217,0.14116125,0.06017729,0.12912579,0.1531967,-0.41646883,-0.85320616,0.019343143,-0.18583493,0.24382582,-1.7691247,1.2483054,-0.14578569,3.0174303,-0.2483956,-0.04614784,-0.4471053,10.3292885,0.09398565
S5,2,1,0.008481657,1.2681857,-4.5769362,4.207223,-0.004685756,8.784159,-0.70000494,0.73030907,-0.059504483,0.64465475,1.6083672,2.616439,0.073448725,2.4530194,2.8351731,2.613277,0.38215375,2.5906765,2.641014,0.38379064,1.3024325,6.8511477,0.13985743,0.013347591,0.10505488,0.16523217,0.14116125,0.06017729,0.12912579,0.1531967,-0.51856977,-0.059345245,0.019738253,-0.18668713,0.28345755,-1.7691247,1.2483054,-0.14334957,3.0174303,-0.34171072,-0.04130121,-0.43627086,6.4648514,0.115200266
S5,2,1,-0.007514566,1.8258849,-6.2375917,5.4188833,-0.024921173,11.656475,-1.037348,0.9927533,-0.13221617,0.99976325,3.3339124,2.7706945,0.20879625,2.5790343,3.3624215,2.6899817,0.7833872,2.610195,2.8278854,1.3685684,1.0266418,7.720344,0.12651812,0.01273555,0.10505488,0.1531967,0.12912579,0.04814183,0.11709034,0.12912579,0.39778924,-0.1625309,0.016169025,-0.19582547,0.23717366,-1.6127464,0.91169304,-0.14334957,2.5244393,-0.34171072,-0.04130121,-0.36758137,3.620626,0.09459894
S5,2,1,0.019493515,2.6940129,-12.863676,14.224431,-0.053147394,27.088108,-1.3027937,1.5112412,0.0826741,4.4316216,7.2580853,2.7887268,0.20022407,2.5611308,3.3624215,2.754311,0.80129075,2.6405754,2.8278854,1.3415612,1.1883478,7.8170857,0.11648856,0.009039954,0.09301942,0.12912579,0.11709034,0.03610637,0.11709034,0.11709034,-0.38996974,-0.09332514,0.013651306,-0.19556041,0.2019584,-1.3508117,0.6677794,-0.23615088,2.0185912,-0.34171072,-0.04130121,-0.25432348,1.826086,0.07903106
S5,2,1,-0.030452374,2.7213945,-12.863676,14.224431,0.021592459,27.088108,-1.3730413,1.3742247,0.012639675,4.47517,7.4069147,2.662331,0.06549465,2.5611308,2.7967236,2.6522188,0.23559284,2.6077013,2.71865,0.39962408,-1.034086,7.092297,0.10380125,0.012762875,0.07496738,0.12912579,0.10505488,0.054158412,0.09301942,0.11709034,-0.4913051,-0.17020297,0.010937596,-0.19238456,0.17977993,-1.2341815,0.7982353,-0.23615088,2.0324168,-0.34171072,-0.12021944,0.20603979,2.6891632,0.06933263
S5,2,1,-0.015571808,2.0725665,-8.268209,6.367284,0.09060755,14.635493,-1.1294211,1.1947497,-0.3489993,1.0598807,4.2957745,2.672944,0.07108304,2.46388,2.8981812,2.6659155,0.43430114,2.6145506,2.7231019,0.34919834,0.011030912,7.149682,0.08825577,0.0126438,0.062931925,0.10505488,0.09301942,0.042122953,0.07496738,0.09301942,-0.43764868,-0.86107016,0.007948948,-0.18420592,0.38460273,-3.166675,3.62287,-0.14334957,6.789545,-0.34171072,-0.03403243,0.8682307,28.457123,0.18185107
S5,2,1,0.0396139,1.888891,-6.3669553,5.8416405,0.055344652,12.208595,-1.0066371,1.1685112,-0.04911101,0.33986163,3.5694783,2.8030167,0.16305988,2.46388,3.3090034,2.813846,0.8451233,2.6806636,2.883017,0.7027517,0.6238382,7.883491,0.07100575,0.013732678,0.056915343,0.09301942,0.062931925,0.036104076,0.056915343,0.07496738,0.61529785,-1.1210599,0.005230404,-0.19563045,0.39160654,-3.166675,3.62287,-0.1701668,6.789545,-0.34171072,-0.07768472,0.89337957,26.364834,0.19162695
S5,2,1,0.01812905,2.3338842,-7.856187,6.234104,0.11092248,14.090291,-1.3260108,1.5154552,-0.24798623,0.35231233,5.4473443,2.9094014,0.107223146,2.7926157,3.3090034,2.8672655,0.5163877,2.842953,2.9419158,1.6673647,2.6389432,8.476114,0.058971062,0.005628447,0.044879884,0.07496738,0.056915343,0.030087493,0.056915343,0.062931925,0.9224932,3.0533977,0.0035092658,-0.22255148,0.20517167,-0.99040186,0.7982353,-0.21657562,1.7886372,-0.33371523,-0.10197845,0.25474682,1.1349607,0.091624565
S5,2,1,-0.0055413307,2.3066607,-7.856187,6.234104,0.112512685,14.090291,-1.1163218,1.4218118,-0.34827203,0.7143812,5.3207135,2.8940892,0.06957548,2.7926157,3.106283,2.8823323,0.3136673,2.8511705,2.9148636,1.1559885,1.1051168,8.380592,0.053605516,0.0077628745,0.032844428,0.07496738,0.056915343,0.04212295,0.044879884,0.056915343,-0.22731443,1.1456885,0.0029338137,-0.23230347,0.2041913,-1.1722856,0.7726763,-0.21657562,1.9449618,-0.30973577,-0.10197845,0.28209466,2.7298975,0.09565898
S5,2,1,-0.017108941,1.9936879,-10.478124,10.368252,0.09863811,20.846375,-0.83578897,1.0085163,-0.28315008,3.8074274,3.975084,2.8927991,0.043678433,2.7802873,3.0186198,2.8891811,0.23833251,2.8665807,2.9138365,0.25567874,0.7806492,8.370194,0.051198464,0.007028497,0.032844428,0.062931925,0.056915343,0.030087497,0.044879884,0.056915343,-0.47374132,-0.69091415,0.0026706825,-0.23378153,0.23280293,-1.5600498,1.4472014,-0.30973577,3.0072513,-0.30973577,-0.11656961,0.52377427,10.07311,0.108850986
S5,2,1,-0.0010624935,2.036801,-10.478124,10.368252,0.16272357,20.846375,-1.0774808,1.2182052,-0.29646945,2.8998961,4.1485605,2.89127,0.085100465,2.672079,3.125459,2.885757,0.45337987,2.848431,2.9309576,0.29418546,0.61365867,8.366682,0.048991967,0.008221107,0.032844428,0.062931925,0.044879884,0.030087497,0.044879884,0.056915343,-0.35765234,-0.73825526,0.0024677988,-0.21921825,0.39132616,-3.2478876,4.6229744,-0.19213626,7.870862,-0.30973577,-0.10197845,1.2388806,33.1696,0.2011928
S5,2,1,-0.0059803855,1.9067513,-6.565016,4.8818693,-0.0058784126,11.446885,-1.1762726,1.2986897,-0.25708616,0.22483683,3.635736,2.8693883,0.08497923,2.672079,3.125459,2.8460338,0.45337987,2.8241181,2.8929482,0.99269533,1.2494283,8.240611,0.040667478,0.008316666,0.032844428,0.056915343,0.044879884,0.024070915,0.032844428,0.044879884,0.5887085,-0.7808454,0.0017230103,-0.21081732,0.36896366,-3.2478876,4.6229744,-0.1896943,7.870862,-0.3786721,-0.10197845,1.3427389,41.043785,0.18057814
S5,2,1,-0.00036801797,1.9098929,-7.942774,5.068083,0.051647417,13.010857,-1.0904212,1.2786133,-0.38887,0.63317037,3.6476908,2.869297,0.06128396,2.8076818,3.106283,2.849459,0.29860115,2.830625,2.8874688,2.0315874,4.044484,8.236621,0.034850337,0.005456663,0.020808969,0.044879884,0.032844428,0.024070915,0.032844428,0.032844428,0.63586134,0.7582195,0.0012443212,-0.22245838,0.26407582,-2.1567864,1.6352925,-0.21657562,3.792079,-0.30973577,-0.10197845,-0.12048117,12.9696455,0.11922376
S6,1,0,-0.0062199193,0.8764713,-3.2191932,2.8130326,0.04410203,6.0322256,-0.38263497,0.33732387,-0.35885516,1.6765461,0.76824063,-0.23139527,0.052656032,-0.31869823,-0.12635335,-0.2532613,0.19234487,-0.27061218,-0.18683293,0.62806165,-0.80813456,0.056316424,-0.7016044,0.032635104,-0.75042856,-0.63522524,-0.717514,0.11520332,-0.73397046,-0.68048334,0.59763014,-0.9092231,0.49331373,0.029202752,1.6713326,-6.3831515,22.287228,-0.006635172,28.67038,-0.29629678,0.24348542,3.830129,45.416893,2.7942057
S6,1,0,0.0050517144,0.8035894,-2.9826512,2.8130326,0.038884196,5.795684,-0.3789518,0.35522822,-0.22924298,1.3161411,0.64578146,-0.28434053,0.06507292,-0.3723557,-0.13527657,-0.30382624,0.23707913,-0.34521422,-0.23653021,0.49671635,-1.0157193,0.08508403,-0.64345384,0.039119624,-0.717514,-0.5858526,-0.63522524,0.13166136,-0.6722543,-0.6146527,-0.46910626,-0.9712548,0.41556326,0.15228991,0.9080149,-4.8740788,9.392791,0.061400287,14.26687,-0.048613716,0.32426953,2.0001247,28.732525,0.8476833
S6,1,0,0.011352757,1.1615559,-4.5858564,5.427066,0.094541095,10.012922,-0.6232692,0.65377015,-0.13641472,2.4284167,1.3493408,-0.35214588,0.03179199,-0.39962116,-0.27023467,-0.35203055,0.12938648,-0.3773129,-0.336415,0.6250037,-0.20750713,0.12501743,-0.5861262,0.02826564,-0.63522524,-0.53647846,-0.5858526,0.09874678,-0.6064236,-0.5652801,0.08505048,-1.1640795,0.3443429,0.18441969,1.2758789,-6.394468,11.407264,0.19162169,17.801731,-0.07226312,0.4265861,1.5995384,19.47285,1.6618779
S6,1,0,-0.0425039,1.077583,-4.5858564,5.427066,0.055356182,10.012922,-0.55021954,0.47140175,-0.067388594,3.8897562,1.1629916,-0.37126097,0.0310166,-0.41151854,-0.27023467,-0.37805653,0.14128387,-0.39144152,-0.362441,1.6229656,2.5378804,0.13879675,-0.53647906,0.030494899,-0.5858526,-0.47064778,-0.53647846,0.11520484,-0.557051,-0.51590747,0.1886187,-0.87629294,0.28873977,0.05703689,1.3857182,-6.394468,11.407264,-8.336594e-05,17.801731,-0.27039874,0.29328585,1.5580012,14.656357,1.9234684
S6,1,0,-0.00683793,0.66198075,-2.0663586,4.710892,0.049524486,6.777251,-0.3709716,0.32484198,1.2598689,9.2098465,0.43826523,-0.40782967,0.03735995,-0.47695565,-0.33864588,-0.40408278,0.13830978,-0.4380406,-0.37867627,-0.17424394,-0.9484215,0.1677208,-0.4920433,0.025013637,-0.5529365,-0.4541913,-0.48710585,0.0987452,-0.5076784,-0.47064778,-0.36856154,-0.8652389,0.24273224,-0.021809207,0.6615341,-3.6341605,5.3469987,-0.035486106,8.981159,-0.17769958,0.12661141,1.6413584,20.284983,0.438103
S6,1,0,0.03332469,0.5529384,-1.4590436,4.710892,0.07233972,6.1699357,-0.27981293,0.26657617,2.6101658,18.615206,0.30685145,-0.4649093,0.03436047,-0.5185972,-0.39020213,-0.47546834,0.12839505,-0.4908364,-0.4385362,0.5471697,-0.77237844,0.2173213,-0.45583636,0.02181274,-0.5035639,-0.42127517,-0.4541913,0.08228871,-0.47064778,-0.43773323,0.012030238,-0.77289724,0.20826261,-0.049509063,0.24704902,-2.0746248,1.811916,-0.015810478,3.886541,-0.17769958,0.056174755,-0.21127534,15.40539,0.06348436
S6,1,0,-0.0010573829,0.41286045,-1.5531693,1.2411346,0.055560805,2.794304,-0.26702413,0.24790451,-0.31802458,0.743582,0.17045484,-0.5254934,0.037753332,-0.5952347,-0.47497255,-0.5185972,0.120262146,-0.55966574,-0.4908364,-0.3422533,-1.3013686,0.27756864,-0.4179839,0.026503142,-0.47064778,-0.3554445,-0.42127517,0.11520329,-0.43773323,-0.40070298,0.17621848,-0.6179116,0.17541295,-0.059239365,0.26398247,-1.7030792,2.0422385,-0.011878385,3.7453177,-0.204143,0.05356136,0.8129877,12.436796,0.073196046
S6,1,0,-0.0011388113,1.0017726,-6.8747463,4.2024093,0.044613585,11.077156,-0.42299646,0.37001207,-0.83424056,10.258991,1.0035499,-0.58540946,0.037282467,-0.6596799,-0.5185972,-0.5818497,0.1410827,-0.60638845,-0.55991364,-0.16643018,-0.62069726,0.34409428,-0.37162787,0.03215122,-0.42127517,-0.30607188,-0.37190256,0.11520329,-0.39247474,-0.35132998,0.1376164,-1.0403649,0.13914098,0.004475689,0.9519286,-5.857249,8.511992,-0.06963457,14.369242,-0.25447837,0.13963039,1.5346205,25.29647,0.906188
S6,1,0,0.0077058217,1.0253893,-6.8747463,4.2024093,0.044613585,11.077156,-0.41409543,0.37343946,-0.7452129,9.290587,1.0514828,-0.61342394,0.02393963,-0.6596799,-0.56697774,-0.6106024,0.09270215,-0.6357608,-0.59647405,-0.11903486,-1.0452099,0.37686196,-0.30881417,0.042934075,-0.38836062,-0.22378317,-0.30607188,0.16457745,-0.34310097,-0.27315578,-0.008983894,-1.1606097,0.097209565,0.025565024,0.95537776,-5.857249,8.511992,-0.040735636,14.369242,-0.21340673,0.13963039,1.4558483,24.766144,0.9134003
S6,1,0,0.0032741865,0.46967047,-1.7506285,2.4287546,0.07039583,4.1793833,-0.28912318,0.27624452,0.3024389,3.3868527,0.22060108,-0.6498604,0.04070776,-0.715698,-0.5744138,-0.6505088,0.14128423,-0.68508625,-0.61295724,-0.011617164,-1.246671,0.42397556,-0.23832051,0.03964586,-0.30607188,-0.17441055,-0.24024121,0.13166133,-0.27315578,-0.20321059,-0.022612903,-1.1502773,0.058368467,-0.0358426,0.24402753,-1.592157,1.6982983,-0.059121616,3.2904553,-0.095940314,0.048333306,0.69457966,11.755428,0.060834125
S6,1,0,0.0015990664,0.3606752,-1.0080589,1.0682299,0.08420774,2.0762887,-0.25756043,0.27291942,-0.4448646,-0.3357556,0.13008913,-0.71061134,0.030015584,-0.7564252,-0.65125245,-0.7159459,0.10517275,-0.7333737,-0.6863256,0.36571956,-1.0401244,0.5058693,-0.177153,0.034149315,-0.24024121,-0.10857988,-0.17441055,0.13166133,-0.19498155,-0.14972346,-0.23612083,-0.661041,0.03254936,-0.029070731,0.22008614,-2.4477077,1.968116,-0.035486106,4.415824,-0.07226312,0.022176607,-1.1521147,43.49088,0.049283024
S6,1,0,0.00043730735,0.37066022,-1.6730771,0.8977807,0.08789091,2.5708578,-0.24144651,0.2785465,-0.7995405,0.7722328,0.1373892,-0.75233287,0.019248158,-0.7861694,-0.7161938,-0.7564252,0.069975615,-0.7673315,-0.73386943,0.21323185,-1.1648939,0.5663752,-0.12311716,0.031527188,-0.19086704,-0.059205696,-0.12503794,0.13166134,-0.14972346,-0.09212182,0.1324159,-0.97284317,0.016151799,-0.043578923,0.28123057,-2.4477077,2.0135732,-0.035486106,4.461281,-0.035486106,-0.009256147,-0.9919388,28.515184,0.080989756
S6,1,0,-0.024902863,0.64578384,-2.4330394,3.4060245,0.059960153,5.8390636,-0.3332702,0.3267859,0.120691955,4.352605,0.4176569,-0.7873426,0.02126258,-0.8263237,-0.7564252,-0.7851778,0.069898486,-0.8061228,-0.7673315,-0.2946569,-1.251912,0.6203605,-0.0863615,0.018480236,-0.12503794,-0.059205696,-0.07566376,0.06583224,-0.09212182,-0.07566376,-0.50626856,-0.45545554,0.007799827,-0.042612776,0.27209342,-2.3411913,2.0135732,-0.03023784,4.3547645,-0.17769958,0.048333306,-0.6208124,17.552107,0.07585068
S6,1,0,-0.003289032,0.6886081,-2.4330394,3.4060245,0.05146838,5.8390636,-0.40161356,0.43027294,0.16094592,2.860094,0.47419196,-0.82903385,0.026650336,-0.87292284,-0.7841864,-0.8268195,0.088736415,-0.85767907,-0.8063707,-0.017150937,-1.2885524,0.68800735,-0.056051575,0.02478201,-0.09212182,-0.018062117,-0.059205696,0.0740597,-0.07566376,-0.038633123,0.38792694,-1.152824,0.0037559269,-0.031387813,0.23652333,-1.6347444,1.4006793,-0.03023784,3.0354238,-0.16713232,0.064012416,0.11466123,6.5229597,0.05692848
S6,1,0,0.01546629,0.46017903,-1.2173862,1.4377753,0.074488245,2.6551614,-0.3263642,0.34356484,-0.13953806,-0.2663865,0.21200393,-0.87197685,0.023023296,-0.90812004,-0.8273153,-0.87292284,0.080804765,-0.89238054,-0.85792696,0.24733832,-1.0704292,0.76087373,-0.010381688,0.03175862,-0.07566376,0.039539523,-0.018062117,0.115203284,-0.030404093,0.023081465,-0.090236425,-0.92803,0.0011163895,-0.006296455,0.17847918,-1.0302882,1.1661482,0.048333306,2.1964364,-0.11173943,0.05748114,0.20187138,5.17544,0.031894464
S6,1,0,0.0013065222,0.391515,-1.0770162,0.8920513,0.1189933,1.9690676,-0.2987404,0.31220663,-0.6065229,-0.64399195,0.1532857,-0.9030093,0.01366133,-0.92303026,-0.87292284,-0.90665185,0.05010742,-0.9142214,-0.8926284,0.56133384,-0.8185034,0.8156124,0.03803121,0.026937952,-0.018062117,0.072455645,0.039539523,0.09051776,0.023081465,0.055997584,-0.30449492,-1.1160853,0.002172026,-0.014726452,0.13262029,-0.42493773,0.7654182,-0.006635172,1.1903559,-0.01449936,0.048333306,-0.50688523,1.5920463,0.01780501
S6,1,0,0.0005827819,0.38560075,-1.0770162,0.81470454,0.13106593,1.8917208,-0.29439217,0.30453336,-0.62123895,-0.5919504,0.14868829,-0.9243781,0.011446761,-0.94385123,-0.90617526,-0.9232781,0.037675977,-0.9345562,-0.91445005,-0.1929526,-1.300767,0.8546058,0.07849021,0.023985155,0.039539523,0.13005729,0.072455645,0.09051777,0.055997584,0.0889137,0.45021668,-0.5001373,0.0067360015,-0.059772458,0.12732325,-0.42493773,0.6106758,-0.061748907,1.0356135,-0.12755117,-0.006635172,0.056458,1.4136386,0.019783957
S6,1,0,-0.0040811906,0.40092456,-1.2959607,0.98065215,0.12646195,2.2766128,-0.30984104,0.29670662,-0.56745136,-0.40650344,0.16075715,-0.94255406,0.00988616,-0.95971465,-0.923526,-0.94335544,0.036188662,-0.9507914,-0.9348041,0.20075697,-0.95096517,0.8885059,0.13033174,0.04003064,0.072455645,0.22057505,0.13005729,0.1481194,0.0889137,0.17120087,0.18472396,-1.1339525,0.018588813,-0.0723562,0.097877145,-0.42226243,0.6106758,-0.06963457,1.0329382,-0.06963457,-0.061748907,0.8310102,5.7523737,0.014815355
S6,1,0,-0.0032675017,0.39225253,-1.2959607,1.042243,0.09812196,2.3382037,-0.29326677,0.29240957,-0.49100077,-0.21527958,0.15387273,-0.95901656,0.009666082,-0.97607386,-0.942364,-0.9594667,0.033709884,-0.9671506,-0.9507914,0.014650529,-1.1984692,0.9198062,0.1984939,0.042480424,0.12182982,0.28640416,0.18765892,0.16457434,0.17120087,0.23703311,0.0651863,-0.8709049,0.04120441,-0.07798763,0.12361697,-1.1491466,1.5084715,-0.06963457,2.657618,-0.14337428,-0.061748907,1.8506916,35.15815,0.021363225
S6,1,0,0.003910431,0.3464285,-1.1832144,1.042243,0.096996546,2.2254574,-0.2447716,0.27343097,-0.5337582,-0.21357846,0.12002801,-0.97512794,0.008922974,-0.9894589,-0.9592188,-0.97582597,0.030240119,-0.98264253,-0.9671506,0.10052905,-1.2400348,0.95095414,0.2630903,0.040540576,0.18765892,0.3522364,0.26171863,0.16457747,0.23703311,0.3028622,0.12731789,-0.79928064,0.070860066,-0.08533713,0.14811546,-1.1491466,1.5084715,-0.035486106,2.657618,-0.14337428,-0.035486106,0.8574492,16.607794,0.029220615
S6,1,0,0.003038233,0.33045617,-0.85397935,0.9094441,0.09740579,1.7634234,-0.24814785,0.26396725,-0.5058291,-0.55741,0.109210506,-0.99013627,0.008414824,-1.005818,-0.97557807,-0.9894589,0.03023994,-0.99701875,-0.9828905,-0.063873224,-1.1686783,0.9804407,0.33605272,0.04886704,0.25349116,0.40983802,0.3522364,0.15634686,0.3028622,0.37280896,-0.26115733,-1.2452685,0.115319386,-0.092415266,0.17376131,-0.96151006,2.8884156,-0.035486106,3.8499255,-0.2730538,-0.035486106,4.9180937,89.47356,0.03873358
S6,1,0,-0.0044467365,0.36197963,-0.95833606,0.9387049,0.07612521,1.897041,-0.28073373,0.26366034,-0.2739396,-0.4711783,0.13104902,-1.0053098,0.009203727,-1.0226729,-0.9894589,-1.0053223,0.033213973,-1.0128822,-0.99726665,-0.06259793,-1.1578281,1.0107327,0.42272994,0.05030963,0.3522364,0.5168139,0.40983802,0.16457748,0.381038,0.46743968,0.28025094,-1.2593135,0.18123169,-0.12697922,0.1952338,-1.1796674,2.8884156,-0.048613716,4.068083,-0.2730538,-0.035486106,3.8501904,59.882748,0.054239966
S6,1,0,-0.0016116699,0.391038,-1.092772,1.2937222,0.08154766,2.3864942,-0.27873868,0.27598876,-0.2834468,-0.17085886,0.15291332,-1.0209048,0.008966194,-1.0365534,-1.0048265,-1.0214336,0.031726837,-1.0286217,-1.0131301,0.06958177,-1.1475207,1.0423272,0.5004925,0.04237383,0.40983802,0.582643,0.5168139,0.17280495,0.46743968,0.5332719,-0.35456005,-0.61878824,0.2522883,-0.12704983,0.15016453,-1.1796674,0.6615341,-0.048613716,1.8412014,-0.2730538,-0.040735636,0.010769361,4.772659,0.038691044
S6,1,0,0.0034029277,0.42218405,-1.5177698,1.2937222,0.10016817,2.811492,-0.27618092,0.30852348,-0.42628017,0.36461115,0.17825095,-1.0332899,0.005768619,-1.0439897,-1.0211858,-1.0358099,0.022803903,-1.0375448,-1.0286217,0.5530693,-0.916626,1.0677212,0.5727693,0.04438474,0.5003558,0.64847517,0.5661849,0.14811939,0.5332719,0.6032155,0.17121895,-1.165853,0.33003458,-0.10667769,0.17166716,-1.6688815,0.8738368,-0.048613716,2.5427184,-0.20149803,-0.048613716,-1.700053,18.623285,0.04084974
S6,1,0,-0.00036689514,0.46975476,-2.356511,1.260369,0.10988767,3.61688,-0.30605555,0.33896083,-0.84297645,1.89993,0.22066967,-1.0427501,0.0056606275,-1.0543997,-1.034075,-1.041263,0.020324707,-1.0474596,-1.0375448,-0.49271306,-1.0921639,1.08736,0.64271426,0.038954712,0.5661849,0.71430427,0.64847517,0.14811939,0.6114446,0.66699016,-0.048088845,-0.9042616,0.4145991,-0.10871164,0.19454683,-1.9182101,1.2478974,-0.10383861,3.1661077,-0.16713232,-0.061748907,-1.8578471,25.12989,0.049666684
S6,1,0,-0.000827717,0.49379542,-2.356511,1.2196494,0.12216492,3.5761604,-0.32912657,0.35640478,-0.87719107,1.4158673,0.24383463,-1.0535448,0.0072380914,-1.0677848,-1.0395279,-1.0534086,0.028256893,-1.0593573,-1.0474596,0.00010392219,-1.0431867,1.110009,0.710465,0.043710135,0.64847517,0.7965946,0.71430427,0.14811945,0.67110384,0.7348769,0.27785373,-0.9472046,0.50667113,-0.06302129,0.32848355,-2.9531326,3.5380206,-0.10383861,6.4911532,-0.10383861,-0.017121598,0.084351584,41.54304,0.11187312
S6,1,0,0.0017029772,0.4484062,-1.8781073,1.0086852,0.12728044,2.8867927,-0.32871732,0.35553515,-0.6630329,-0.06861377,0.20107102,-1.0662935,0.007725737,-1.078691,-1.052913,-1.0662975,0.025778055,-1.072866,-1.0593573,0.057873257,-1.2187222,1.1370413,0.78095883,0.04245913,0.71430427,0.8624237,0.7965946,0.14811945,0.7431059,0.8048221,-0.057467435,-0.99523544,0.6116993,-0.014328702,0.31692672,-2.9531326,3.5380206,-0.017121598,6.4911532,-0.017121598,-0.015155235,-0.083638564,46.106552,0.100647874
S6,1,0,-0.005357725,0.393908,-0.9546529,0.8920513,0.08594701,1.8467042,-0.3211975,0.33118525,-0.4745936,-0.84898996,0.15519218,-1.0781537,0.006067971,-1.0876143,-1.0662975,-1.078691,0.021316767,-1.0836482,-1.0731137,0.24579905,-1.1066254,1.1624526,0.8451435,0.035511144,0.7801365,0.89533985,0.8459656,0.11520332,0.8048221,0.87888175,-0.20790714,-1.3379999,0.7155287,-0.02297757,0.15242377,-1.3357815,0.7755256,-0.017121598,2.1113071,-0.10383861,0.061400287,-0.4356477,8.311041,0.023760974
S6,1,0,0.0018665672,0.3909438,-1.0025342,0.8920513,0.108046085,1.8945854,-0.30544174,0.31972647,-0.5041494,-0.7702093,0.15284054,-1.087701,0.0051715537,-1.0965375,-1.078691,-1.0871185,0.017846465,-1.0925714,-1.0836482,-0.016384214,-1.1356272,1.18312,0.89671135,0.02607302,0.8459656,0.944714,0.89533985,0.098748386,0.87888175,0.9159124,-0.11184558,-0.9741423,0.804771,-0.057611313,0.1430888,-1.3357815,0.7755256,-0.10383861,2.1113071,-0.10383861,-0.035486106,-0.021512056,10.694184,0.023793468
S6,1,0,0.0027865048,0.5593406,-1.9634342,1.8232812,0.14385475,3.7867155,-0.364526,0.34581563,-0.37232783,1.4048262,0.31286964,-1.0955997,0.004209729,-1.1034777,-1.0871185,-1.0962896,0.01635921,-1.099016,-1.0925714,0.3732297,-0.8953881,1.2003561,0.94498736,0.03322092,0.89533985,1.0105431,0.944714,0.11520326,0.9241414,0.9591129,0.48025534,-0.7731049,0.89410454,-0.050141055,0.38684365,-4.057921,2.50545,-0.10383861,6.5633707,-0.10383861,-0.035486106,-0.80455714,20.81082,0.15216213
S6,1,0,-0.004645395,0.65421176,-1.9634342,2.2847016,0.07837604,4.2481356,-0.43358558,0.33522648,0.12917742,1.0456266,0.42801458,-1.0905915,0.010583488,-1.1044692,-1.0747519,-1.0970333,0.029717326,-1.1000074,-1.0795853,0.3205592,-1.7272124,1.1895021,1.0065662,0.04295572,0.9282559,1.0846028,1.0105431,0.15634692,0.9714556,1.0311157,0.04953004,-1.0480294,1.0150206,-0.034939267,0.44692782,-4.057921,2.50545,-0.07226312,6.5633707,-0.14337428,0.12661141,-0.38126537,13.194218,0.20096521
S6,1,0,-0.0016894726,0.6957626,-2.6419573,3.6407244,0.03755416,6.2826815,-0.4352737,0.353182,0.6433313,3.8454828,0.48408845,-1.0850279,0.0071364003,-1.1044692,-1.0747519,-1.0844185,0.029717326,-1.0896236,-1.0795853,-0.68844706,0.13333392,1.1773366,1.0755512,0.041409116,0.994085,1.1422044,1.0846028,0.14811939,1.0393447,1.1134028,-0.13658625,-1.0496917,1.158525,0.0033598503,0.7441936,-5.9888244,8.297024,-0.07226312,14.285849,-0.14337428,0.11619192,1.6767563,46.83925,0.55383545
S6,1,0,-0.006679669,0.91651595,-4.1633143,3.6407244,0.015352787,7.804039,-0.48325735,0.4474611,-0.31526878,3.1303482,0.8400462,-1.0911813,0.0042525865,-1.0990427,-1.0821877,-1.0916066,0.016855001,-1.0945812,-1.0881368,0.15128177,-0.7594478,1.1906946,1.1308212,0.02894143,1.0763754,1.1751206,1.1257464,0.09874523,1.1216319,1.1422044,-0.24822909,-0.6993625,1.2795944,0.09071264,1.1185147,-5.9888244,8.297024,0.014322523,14.285849,-0.14073688,0.30361816,0.78851813,14.9064045,1.2593037
S6,1,0,0.0023884485,1.1241401,-4.812781,4.1066465,0.041032717,8.919428,-0.52054954,0.5039876,-0.37832773,2.4489775,1.2636968,-1.0914787,0.0053631323,-1.0990427,-1.0692989,-1.0921024,0.02974379,-1.0950769,-1.0901194,1.6201553,3.3107185,1.1913544,1.1722404,0.0266152,1.1257464,1.2162641,1.1751206,0.09051776,1.1422044,1.1915786,-0.009577715,-1.0734063,1.3748555,0.058325693,0.99052507,-5.3350215,7.2734747,0.011704074,12.608496,-0.19091687,0.31136551,0.6024295,12.786491,0.9845418
S6,1,0,0.010040532,0.99293137,-4.812781,4.1066465,0.11745864,8.919428,-0.43455753,0.4785635,-0.33005852,3.4803853,0.98601353,-1.0922264,0.005540745,-1.1015215,-1.0692989,-1.0945812,0.03222263,-1.0955727,-1.0904913,1.8017699,3.4739065,1.1929893,1.2078985,0.022358926,1.1586626,1.2574078,1.2162641,0.09874523,1.1915786,1.2162641,-0.032303434,0.2164886,1.4595189,0.011095195,0.5920502,-5.0492496,5.1522,0.011704074,10.20145,-0.14073688,0.16044156,-0.37365827,21.845812,0.35064656
S6,1,0,0.009775699,0.67358685,-2.6800168,1.9738822,0.15654124,4.653899,-0.39168942,0.4835767,-0.7489605,0.98784065,0.45381477,-1.0970103,0.0018374823,-1.1015215,-1.0945812,-1.0965643,0.0069402456,-1.0985469,-1.0955727,-0.5541634,-0.9551797,1.2034351,1.2266876,0.011721004,1.2080367,1.2574078,1.2327222,0.049371123,1.2162641,1.2327222,0.8389164,0.65418506,1.5048996,0.05853843,0.38924074,-4.429334,3.4347074,0.0770693,7.8640413,-0.053867035,0.15263927,-1.4710482,41.912014,0.15493509
S6,1,0,0.0020871714,0.5861664,-1.988398,2.1541533,0.114082396,4.1425514,-0.40826374,0.4161541,-0.24674018,0.3471284,0.3435954,-1.102075,0.0049997796,-1.1129234,-1.0945812,-1.1005299,0.018342137,-1.1057353,-1.0985469,-0.65531015,-0.77258134,1.2145942,1.2350535,0.012844133,1.2162641,1.2738658,1.2327222,0.05760169,1.2327222,1.2327222,0.8649499,0.60654426,1.5255219,0.039185885,0.3247966,-2.719737,1.917768,0.06923669,4.637505,-0.07226312,0.1500385,-1.6949962,17.012928,0.10702836
S6,1,0,-0.0039474457,0.6837728,-2.605944,2.1541533,0.07632983,4.7600975,-0.46985465,0.40556496,-0.14862922,0.83098936,0.46756083,-1.1088791,0.00506686,-1.1213509,-1.1000341,-1.1094532,0.021316767,-1.1119319,-1.104372,-0.12446482,-0.47014427,1.2296383,1.2649516,0.029143477,1.2162641,1.3232399,1.2738658,0.106975794,1.2327222,1.2903239,0.03723027,-1.0411568,1.6009518,0.048968155,0.5317732,-4.34314,3.517841,0.06662455,7.860981,-0.07226312,0.1688912,-1.2119652,18.124786,0.28518063
S6,1,0,-0.007388701,0.94532657,-4.368958,2.65527,0.082980014,7.024228,-0.53753304,0.5594399,-0.86270547,2.6869793,0.8936969,-1.1154722,0.008170937,-1.1332482,-1.1005299,-1.1131713,0.0327183,-1.1198636,-1.1109403,-0.59632504,-0.3493135,1.2443451,1.3029417,0.023297688,1.2738658,1.3643836,1.3067819,0.09051776,1.2903239,1.3067819,0.98513883,0.6862829,1.6981999,0.19006905,0.974501,-4.9906445,12.053633,0.17084083,17.044277,-0.048613716,0.41631186,3.3522637,45.215923,0.98577857
S6,1,0,-0.008058832,0.85839134,-4.368958,2.65527,0.120630264,7.024228,-0.46606916,0.46398425,-1.1234438,4.4796286,0.7369006,-1.1206734,0.0072001177,-1.1332482,-1.1005299,-1.1213509,0.0327183,-1.1248207,-1.1163933,0.5998405,0.29962277,1.2559606,1.3482004,0.03906049,1.2903239,1.4219851,1.3561561,0.1316613,1.3067819,1.3890691,0.08766052,-1.242407,1.8191696,0.11596393,0.88422513,-4.9906445,12.053633,-0.035486106,17.044277,-0.048613716,0.32427144,5.0197997,67.21556,0.7953018
S6,1,0,0.003043454,0.5056051,-1.6131232,1.153557,0.14579865,2.7666802,-0.37051117,0.37517875,-0.55830055,-0.20927715,0.25564578,-1.1282084,0.0067555434,-1.1377101,-1.1154019,-1.1292826,0.02230823,-1.1342398,-1.1222184,0.17982128,-1.3821161,1.2729,1.3931842,0.021112954,1.3561561,1.4219851,1.4055271,0.06582904,1.3890691,1.4055271,-0.69258296,-0.695143,1.9414078,-0.058036957,0.15297021,-0.88475907,1.4031348,-0.048613716,2.2878938,-0.10713124,-0.035486106,0.57554984,10.336308,0.026768172
S6,1,0,0.005525549,0.5222008,-2.490333,2.383738,0.1385346,4.874071,-0.33040547,0.34602025,-0.4608113,3.228034,0.2727242,-1.1372597,0.0035936753,-1.1426672,-1.1287868,-1.1377101,0.013880372,-1.1401888,-1.1342398,0.44123638,-0.8080821,1.2933726,1.4126589,0.01215621,1.3890691,1.4384433,1.4055271,0.049374223,1.4055271,1.4219851,0.35424253,-0.19115186,1.9957529,-0.054352153,0.39677724,-3.6246505,4.08985,-0.061748907,7.7145004,-0.14337428,0.1025057,1.7363915,36.31591,0.16038634
S6,1,0,0.0019820875,0.61160815,-2.490333,2.383738,0.09894045,4.874071,-0.41977367,0.36709625,-0.11741999,1.5265613,0.37406844,-1.1421552,0.0024974956,-1.1486163,-1.1377101,-1.1416762,0.0109062195,-1.1436588,-1.1401888,-0.24440484,-0.5898242,1.3045247,1.4123845,0.014501686,1.3890691,1.4384433,1.4055271,0.049374223,1.4055271,1.4219851,0.25415277,-0.641938,1.9950403,-0.016876718,0.42159525,-3.6246505,4.08985,-0.009256147,7.7145004,-0.14337428,0.11619192,1.2188494,27.763044,0.17802738
S6,1,0,-0.0019696536,0.5971957,-1.6790112,1.8521327,0.12400651,3.531144,-0.46806422,0.4390716,-0.23393342,-0.30112386,0.35664654,-1.1470586,0.0034335293,-1.1525819,-1.1406845,-1.147129,0.011897445,-1.1501036,-1.1436588,0.09320014,-1.3179147,1.3157557,1.3956523,0.016306188,1.3643836,1.4384433,1.3890691,0.074059725,1.3890691,1.4055271,0.38105974,1.0077558,1.9481113,0.0024864003,0.21594816,-1.5836512,1.2726115,0.014322523,2.8562627,-0.11964403,0.113586105,-0.45460692,7.6504908,0.046639793
S6,1,0,-0.0076718656,0.7850044,-4.9036326,2.521857,0.13096362,7.4254894,-0.463716,0.46828127,-1.2920096,7.1644306,0.6162908,-1.1490582,0.0024710044,-1.1525819,-1.1396931,-1.1491121,0.012888789,-1.1505989,-1.1484923,1.4734594,3.0189219,1.3203411,1.3813891,0.014162215,1.3561561,1.4055271,1.3890691,0.049371004,1.3643836,1.3890691,-0.299237,-1.1202123,1.9084365,0.009388336,0.5962444,-11.521748,4.543803,-0.009256147,16.065552,-0.105813816,0.09924622,-7.3459306,165.1985,0.35559556
S6,1,0,0.004533558,0.8909065,-4.9036326,2.521857,0.10743222,7.4254894,-0.5158432,0.5356527,-0.8564179,4.037407,0.79373485,-1.1494838,0.0029280249,-1.1555566,-1.1396931,-1.1496079,0.015863419,-1.1515905,-1.1481205,0.80091506,1.3599081,1.3213214,1.3684982,0.014370354,1.3396981,1.4055271,1.3643836,0.06582904,1.3623267,1.3705549,0.78851706,0.038292646,1.8729932,0.023353191,0.6261836,-11.521748,4.543803,-0.009256147,16.065552,-0.07226312,0.20200454,-6.4975324,136.4529,0.39265138
S6,1,0,-0.029457824,1.073446,-8.017758,4.841645,0.08205922,12.859404,-0.4819273,0.45856178,-1.5516982,11.418609,1.153154,-1.1505702,0.006263793,-1.1570437,-1.1144108,-1.1520863,0.042632937,-1.1540692,-1.1494839,3.3160245,13.2745285,1.323851,1.3626009,0.011548402,1.3396981,1.4055271,1.3643836,0.06582904,1.3561561,1.3643836,1.546112,5.3421583,1.8568149,0.10411351,1.5457004,-10.040579,14.507507,0.045719907,24.548086,-0.08278239,0.24348542,2.0477471,21.078066,2.4000294
S6,1,0,0.0034916878,1.5835167,-8.017758,7.2481923,0.042874303,15.265951,-0.53814685,0.5822551,-0.45378944,5.4961224,2.5075374,-1.1476454,0.008406127,-1.1575396,-1.1144108,-1.1505989,0.043128848,-1.1540692,-1.1420476,1.4324505,1.9288673,1.3171605,1.3863271,0.027483886,1.3396981,1.4384433,1.3890691,0.09874523,1.3643836,1.4096416,0.2592711,-1.3422706,1.9226578,0.10101475,1.9941889,-10.040579,14.507507,0.05094733,24.548086,-0.45638657,0.5271374,1.1027805,8.659258,3.986994
S6,1,0,0.03897989,1.5936735,-7.6686754,7.2481923,0.027118493,14.916868,-0.5713978,0.69136924,-0.2819178,4.810531,2.5413146,-1.14672,0.006694737,-1.1575396,-1.1233339,-1.1488643,0.034205675,-1.1517144,-1.1425433,0.8505073,0.6574447,1.3150116,1.4298027,0.029457191,1.3643836,1.4878174,1.4219851,0.12343383,1.4178706,1.4549013,-0.20330048,-0.33531475,2.0452037,0.025610717,1.6971948,-9.615623,10.889329,-0.06043526,20.504951,-0.42694387,0.38674536,0.20498618,7.330389,2.8811257
S6,1,0,-0.0062002977,1.0045086,-7.154054,4.455116,0.045227446,11.60917,-0.36493525,0.3458668,-1.0862001,12.465566,1.0090762,-1.1528466,0.0059357425,-1.1605138,-1.130274,-1.1555566,0.030239701,-1.1570437,-1.1489881,1.1281985,0.6213834,1.3290904,1.462033,0.01805798,1.4219851,1.4960449,1.4713594,0.074059725,1.4549013,1.4713594,-0.36006445,-0.43463993,2.1378667,-0.03328184,1.1467198,-9.615623,6.5386896,-0.07226312,16.154312,-0.2332693,0.045719907,-0.16880083,19.211615,1.316074
S6,1,0,-0.009742594,1.1899803,-9.242211,3.4459255,0.07540904,12.688137,-0.44698825,0.47145292,-1.7629594,10.032266,1.4161478,-1.157238,0.0018430158,-1.1615052,-1.1501036,-1.1570437,0.011401653,-1.1585311,-1.156424,0.5570401,1.4182796,1.339203,1.4832909,0.017739404,1.4549013,1.5371885,1.4878174,0.08228719,1.4713594,1.4960449,0.81684774,1.2885213,2.2004664,-0.007566516,1.1925352,-5.618966,9.0051365,-0.051239744,14.624103,-0.2710625,0.1370271,1.1999168,11.438906,1.4221972
S6,1,0,-0.0025863051,1.385652,-9.242211,7.210951,0.08154766,16.453163,-0.46688765,0.5721264,-0.6840327,7.9816713,1.9200381,-1.1587209,0.003089337,-1.1634883,-1.1501036,-1.1585311,0.0133847,-1.1615052,-1.156548,0.2845875,-0.7090931,1.3426437,1.5072911,0.018881805,1.4713594,1.5371885,1.4960449,0.06582916,1.493988,1.5207304,0.035198398,-1.1565198,2.2722821,0.044108078,1.3724437,-5.9814844,9.0051365,-0.07094885,14.986621,-0.3481896,0.30297208,0.90207076,7.3287525,1.8855472
S6,1,0,0.007065208,0.8290364,-4.6808004,7.210951,0.048910625,11.891751,-0.22916923,0.24053816,1.9690921,27.590153,0.6873513,-1.163133,0.0037351653,-1.1704284,-1.1525819,-1.1634883,0.017846465,-1.165967,-1.1615052,0.7043057,0.17016745,1.3528923,1.5252566,0.011774701,1.4960449,1.5371885,1.5207304,0.041143656,1.5207304,1.5371885,-0.8855671,0.5898955,2.3265462,-0.010952127,0.74302506,-5.9814844,7.565546,-0.061748907,13.54703,-0.17769958,0.087508984,1.4757969,23.610415,0.5522062
S6,1,0,-0.00040398302,0.25057164,-0.77867883,0.9395233,0.051775314,1.7182021,-0.18297607,0.17101818,-0.32116303,0.56998706,0.06278631,-1.16909,0.0035774014,-1.1773686,-1.1624967,-1.1689411,0.014871955,-1.1724114,-1.165967,-0.06894336,-1.1550719,1.3667842,1.5264908,0.0134628,1.4960449,1.5536466,1.5207304,0.05760169,1.5207304,1.5371885,-0.6995626,0.35471487,2.330356,-0.036270555,0.16380098,-0.7974016,0.8738368,-0.048613716,1.6712384,-0.13546082,0.056174755,0.28958616,2.4616857,0.02814632
S6,1,0,-0.0028433418,0.25531375,-0.7794973,0.9229491,0.041441955,1.7024465,-0.15028788,0.1671304,-0.43670526,0.73238444,0.06519319,-1.174097,0.0023992662,-1.1778643,-1.1684455,-1.1743945,0.009418845,-1.1758817,-1.1724114,0.46693587,-0.74637604,1.3785094,1.5234736,0.0144623425,1.4960449,1.5536466,1.5207304,0.05760169,1.5207304,1.5371885,-0.10904813,0.17758131,2.321181,-0.0403117,0.1819495,-0.8656177,0.89646184,-0.06963457,1.7620795,-0.13809822,0.056174755,0.64275223,3.925942,0.03473065
S6,1,0,0.0015243577,0.26227874,-0.7794973,0.9229491,0.040418856,1.7024465,-0.18144141,0.19807932,-0.25686628,0.04481888,0.068792455,-1.1774267,0.0016751607,-1.1818304,-1.1738987,-1.1776165,0.007931709,-1.1788559,-1.1758817,0.0916368,-0.936738,1.3863362,1.5241592,0.012139675,1.4960449,1.5536466,1.5207304,0.05760169,1.5207304,1.5371885,-0.24158213,0.915329,2.323209,-0.03855793,0.1622381,-0.8656177,0.89646184,-0.06963457,1.7620795,-0.12755117,0.035258744,0.50786424,5.2027617,0.02780792
S6,1,0,0.00018515662,0.2692585,-0.79075146,0.7598661,0.06313178,1.5506176,-0.22630456,0.21639287,-0.39443007,-0.66481686,0.072500184,-1.1799219,0.0013281681,-1.1823262,-1.1773686,-1.1798474,0.0049575567,-1.1808388,-1.1788559,-0.102002874,-1.0831158,1.3922172,1.5168908,0.014831887,1.4878174,1.5371885,1.5207304,0.049371123,1.4960449,1.5207304,-0.344314,-1.0095472,2.3011773,-0.038467962,0.108710036,-0.52950895,0.48812532,-0.06963457,1.0176343,-0.06963457,0.035258744,0.0029533617,2.9263701,0.0132976575
S6,1,0,-0.005782316,0.39774856,-1.9272163,1.3647256,0.061494812,3.291942,-0.24906863,0.25450355,-0.8365973,2.9510832,0.15823735,-1.1816446,0.001080599,-1.1853007,-1.1788559,-1.1818304,0.006444812,-1.1823262,-1.1808388,-0.4075673,0.98690677,1.3962847,1.5064679,0.015457462,1.4878174,1.5371885,1.4960449,0.049371123,1.4960449,1.5207304,0.39597186,-1.2582095,2.2696843,-0.02953428,0.15510087,-0.62381476,1.2355313,-0.06963457,1.8593462,-0.06963457,0.11097903,1.326448,11.108767,0.024928551
S6,1,0,0.0004441296,0.56030554,-3.1416416,2.0518427,0.04062348,5.1934843,-0.2687634,0.2920515,-0.5810118,3.704997,0.31394246,-1.184842,0.0037624605,-1.1937281,-1.1803432,-1.1828219,0.013384938,-1.1862918,-1.1818304,-1.0132343,-0.36755538,1.4038646,1.5030392,0.014317209,1.4878174,1.5371885,1.4960449,0.049371123,1.4960449,1.5207304,0.70546603,-0.91927695,2.259332,0.015593002,0.7746399,-3.748694,11.544322,-0.03811087,15.293016,-0.16449113,0.11097903,4.8133464,66.30376,0.60031
S6,1,0,0.0057380586,0.5158237,-3.1416416,2.0518427,0.04543207,5.1934843,-0.2622667,0.30422643,-0.50107396,4.697169,0.266107,-1.1918442,0.005407626,-1.2001727,-1.1808388,-1.1932324,0.01933384,-1.1962066,-1.1862918,0.43694225,-1.0316472,1.4205219,1.5071536,0.014782745,1.4878174,1.5371885,1.4960449,0.049371123,1.4960449,1.5207304,0.45158952,-1.2050143,2.2717302,0.021320628,0.7640689,-3.748694,11.544322,-0.048613716,15.293016,-0.048613716,0.064012416,4.988057,70.04862,0.5842558
S6,1,0,0.0012716732,0.41273353,-1.2032673,0.66553587,0.09679192,1.8688033,-0.28661656,0.34596908,-0.6408791,-0.5085151,0.17035058,-1.1988093,0.0030102152,-1.2036425,-1.1927367,-1.1996768,0.010905743,-1.2011641,-1.1962066,0.35752484,-0.9973712,1.4371529,1.5061935,0.014824027,1.4878174,1.5371885,1.4960449,0.049371123,1.4960449,1.5207304,0.57279116,-1.0716696,2.2688384,-0.016549855,0.09998167,-0.71856016,0.6208565,-0.048613716,1.3394167,-0.048613716,0.05356136,0.59479684,7.2769203,0.010270232
S6,1,0,-0.0027917565,0.4298766,-1.1424949,0.64241374,0.14078543,1.7849087,-0.3273873,0.35267043,-0.6739366,-0.6727803,0.18480167,-1.2027421,0.0018009978,-1.2066171,-1.1991811,-1.2031472,0.007436037,-1.2041383,-1.2011641,0.20511027,-0.97910523,1.4465919,1.5012563,0.011536076,1.4878174,1.5207304,1.4960449,0.03291297,1.4960449,1.5022162,0.9597977,-0.72859025,2.2539036,-0.018797914,0.11876056,-0.71856016,0.6208565,-0.048613716,1.3394167,-0.048613716,0.05356136,0.10624931,3.904789,0.014457433
S6,1,0,-0.0013508836,0.404378,-1.1424949,0.64241374,0.13495374,1.7849087,-0.31101763,0.32852516,-0.6510969,-0.7438116,0.16352339,-1.2049977,0.0011335535,-1.2076085,-1.2016598,-1.2051297,0.0059486628,-1.2061213,-1.2041383,0.5279563,-0.25610566,1.4520208,1.5053706,0.012700142,1.4878174,1.5207304,1.4960449,0.03291297,1.4960449,1.5207304,0.3204176,-1.7458816,2.2663014,-0.014041285,0.12515679,-0.7974016,0.4291553,-0.03811087,1.2265569,-0.048613716,-0.017121598,-0.33784643,3.2250485,0.01586138
S6,1,0,0.00064044,0.3971448,-0.94298947,0.7434965,0.10814838,1.686486,-0.3087668,0.31629908,-0.5532542,-0.81706023,0.15772441,-1.2067906,0.0012355072,-1.2100873,-1.204634,-1.2066171,0.005453348,-1.2076085,-1.2056255,-0.46425024,-0.71619964,1.4563451,1.5020792,0.014785717,1.4713594,1.5207304,1.4960449,0.049371004,1.4960449,1.5207304,0.07505052,-1.0258279,2.2564607,-0.014743221,0.13984534,-0.7974016,0.4291553,-0.017121598,1.2265569,-0.03811087,0.014322523,-0.19213532,1.9526267,0.01977408
S6,1,0,0.0002609305,0.45353484,-2.06022,1.6084292,0.09382492,3.6686492,-0.30360013,0.30765384,-0.62372565,1.4314427,0.20569392,-1.208282,0.0010156033,-1.2105831,-1.2051297,-1.2086002,0.005453348,-1.2090958,-1.2076085,0.6338744,0.28097796,1.4599464,1.4895996,0.013939247,1.4713594,1.5207304,1.4878174,0.049371004,1.4837029,1.4960449,0.58436483,0.23529196,2.219101,0.018098222,0.6002302,-5.5796123,8.666171,0.00122649,14.245783,-0.08278239,0.14743647,2.5001261,70.1105,0.3606039
S6,1,0,-0.0008054445,0.40956655,-2.06022,1.6084292,0.07264665,3.6686492,-0.21929629,0.23317179,-0.76645154,3.0915432,0.1677454,-1.2090008,0.0007135309,-1.2115747,-1.2051297,-1.2090958,0.006444931,-1.2092198,-1.2086002,1.1381704,7.964341,1.4616836,1.482057,0.01241596,1.4549013,1.5207304,1.4878174,0.06582904,1.4713594,1.4878174,0.5890079,1.3020573,2.1966462,0.04248612,0.62324905,-5.5796123,8.666171,0.05356136,14.245783,-0.08278239,0.1500385,2.1505811,59.935085,0.39024442
S6,1,0,-0.0013305332,0.34366223,-1.4396045,1.2352006,0.049319863,2.6748052,-0.1982715,0.20918,-0.43581793,1.3628702,0.11810549,-1.2092116,0.00051492156,-1.2115747,-1.2081044,-1.2090958,0.0034703016,-1.2095916,-1.2090958,-0.77210355,2.644804,1.4621928,1.4708107,0.015531239,1.4384433,1.4960449,1.4713594,0.05760157,1.4549013,1.4878174,-0.33525062,-0.8036554,2.1635249,0.0030028312,0.25246015,-1.6888224,2.2395253,0.0064659137,3.9283476,-0.08672901,0.11097903,0.21612278,14.7723465,0.06374515
S6,1,0,-0.00013381914,0.3700097,-1.4396045,1.2352006,0.04277199,2.6748052,-0.22154713,0.25839132,-0.40125704,0.8272567,0.13690716,-1.2094554,0.0007038863,-1.2120703,-1.2081044,-1.2095916,0.003965974,-1.2095916,-1.2090958,-0.8936437,1.7448511,1.4627825,1.4595644,0.012780759,1.4384433,1.4878174,1.4549013,0.049374104,1.4549013,1.4713594,0.31600833,-0.19889617,2.1304915,0.004609072,0.1724785,-1.4424293,0.89395076,0.0064659137,2.33638,-0.07226312,0.113586105,-1.1116294,11.281483,0.029770076
S6,1,0,0.0002092423,0.33904022,-1.2102244,0.8374175,0.0594486,2.0476418,-0.2477386,0.25926098,-0.43941298,-0.28064156,0.114948325,-1.2106243,0.0011828258,-1.2125657,-1.2081044,-1.2105831,0.0044612885,-1.2115747,-1.2095916,0.17593406,-1.0515162,1.4656128,1.4568214,0.0100072725,1.4384433,1.4713594,1.4549013,0.03291607,1.4549013,1.4590158,-0.063716725,-0.36903334,2.1224284,0.025338788,0.12041794,-0.69144475,0.51115704,0.08489938,1.2026018,-0.07226312,0.113586105,-0.6712536,2.191669,0.015142533
S6,1,0,-0.000928216,0.33797598,-0.9125009,0.86626905,0.056072354,1.77877,-0.26288056,0.2692874,-0.3560531,-0.6227646,0.11422863,-1.2122973,0.00097023946,-1.2145488,-1.2105831,-1.2120703,0.0039657354,-1.2130615,-1.2115747,-0.13946581,-0.7819786,1.4696658,1.4557244,0.011412354,1.4384433,1.4713594,1.4549013,0.03291607,1.4549013,1.4713594,-0.06676399,-0.92143655,2.119263,0.030971302,0.12349248,-0.69144475,0.51115704,0.113586105,1.2026018,-0.07226312,0.113586105,-0.89855736,1.4187365,0.016209614
S6,1,0,-0.0014621491,0.4477248,-2.6129012,1.9088128,0.06497337,4.521714,-0.2825753,0.2867825,-0.64129853,4.618962,0.20045963,-1.2138795,0.0012404341,-1.2175233,-1.2115747,-1.2135572,0.0059486628,-1.2145488,-1.2130615,-0.78653395,0.82971144,1.4735051,1.4543527,0.013426736,1.4219851,1.4713594,1.4549013,0.049374223,1.4384433,1.4713594,-0.30709422,-0.65217876,2.1153219,0.02076937,0.21665037,-2.025243,1.4472885,0.08489938,3.4725316,-0.15657009,0.113586105,-1.1882983,22.404802,0.047368743
S6,1,0,0.0019568328,0.5182426,-2.6129012,1.9088128,0.070191205,4.521714,-0.3432966,0.34453678,-0.48725593,2.1374345,0.26857927,-1.2156518,0.001285576,-1.2190106,-1.2130615,-1.2155403,0.0059491396,-1.2165319,-1.2145488,0.15035513,-0.8660662,1.477811,1.4529811,0.01312925,1.4219851,1.4713594,1.4549013,0.049374223,1.4507868,1.4549013,-0.57582873,0.114671946,2.1113265,-0.0010384166,0.24034728,-2.025243,1.4472885,0.00122649,3.4725316,-0.08015257,0.09533528,-0.5769508,15.702198,0.057767887
S6,1,0,0.0016032235,0.4469874,-1.3395449,1.2055305,0.08328694,2.5450754,-0.33449787,0.32397234,-0.32109043,-0.2899058,0.1998003,-1.217354,0.0010564942,-1.220002,-1.2150445,-1.2172754,0.0049575567,-1.218019,-1.2165319,-0.24276309,-0.3393259,1.4819516,1.4564099,0.012524237,1.4219851,1.4960449,1.4549013,0.074059725,1.4549013,1.4590158,-0.112621136,1.5422254,2.1212864,-0.020265363,0.1540236,-1.2157977,1.2553144,-0.08015257,2.471112,-0.08015257,0.09533528,0.6219052,11.000332,0.024133954
S6,1,0,-0.00071634713,0.47358102,-2.6008284,1.1946857,0.116537854,3.795514,-0.3111711,0.3144063,-1.1209563,3.2430882,0.2242795,-1.2187256,0.00092892564,-1.2229762,-1.2165319,-1.2190106,0.006444335,-1.2195064,-1.218019,-0.5501427,2.7416377,1.4852928,1.4697136,0.014472905,1.4384433,1.4960449,1.4713594,0.05760157,1.4549013,1.4754739,0.08521848,-0.7468221,2.1602669,-0.024137374,0.11846928,-0.62921715,0.7426567,-0.08015257,1.3718739,-0.08015257,0.045719907,0.78112453,3.8266654,0.014617584
S6,1,0,-0.010250413,0.81377643,-3.1942294,4.7137566,0.100679725,7.9079857,-0.42652616,0.3728256,0.23136112,4.3706627,0.6623371,-1.2177628,0.002641953,-1.2229762,-1.2125657,-1.2190106,0.010410547,-1.2195064,-1.2145488,0.7469477,-1.0001808,1.4829535,1.4906965,0.017248882,1.4549013,1.5371885,1.4878174,0.08228719,1.4713594,1.4960449,0.41176924,0.095133066,2.2224736,0.018776564,0.62705165,-4.227811,5.055309,0.00122649,9.283119,-0.14139622,0.09533528,1.0034245,17.726322,0.3935463
S6,1,0,0.0003135681,1.1041596,-7.0380344,6.6048636,0.11326392,13.642899,-0.38846666,0.401626,-0.3569934,9.597859,1.2191683,-1.215685,0.0023864848,-1.2219847,-1.2100873,-1.2155403,0.011897445,-1.2165319,-1.213929,-0.5878431,-0.33153582,1.4778955,1.5215541,0.02539395,1.4878174,1.5701046,1.5207304,0.08228719,1.4960449,1.5371885,0.51528454,-0.7208035,2.3157716,0.022440393,0.878732,-4.227811,6.564629,-0.07226312,10.79244,-0.18827316,0.1552413,1.2109045,10.415736,0.7726736
S6,1,0,0.008144589,0.8902245,-7.0380344,6.6048636,0.115821674,13.642899,-0.2790456,0.3043799,-1.0320296,22.284075,0.79256606,-1.2163913,0.0016531268,-1.2190106,-1.2100873,-1.2167797,0.008923292,-1.2175233,-1.2155403,1.2245108,1.6851988,1.4796104,1.5596812,0.02531309,1.5207304,1.6030207,1.5701046,0.08229029,1.5371885,1.5742191,-0.29814935,-1.1120523,2.4332464,-0.039606072,0.63159305,-3.950989,6.564629,-0.07226312,10.515618,-0.08015257,-0.07226312,2.5679436,28.15324,0.40047845
S6,1,0,-0.00031328897,0.5508782,-3.1203613,1.7369311,0.09423417,4.857292,-0.29255056,0.3157875,-1.3486705,5.9958553,0.3034669,-1.2178291,0.00065638527,-1.2204978,-1.2165319,-1.2175233,0.003965974,-1.218019,-1.2175233,-1.007402,2.0170894,1.4831078,1.5939685,0.018382262,1.5536466,1.6194788,1.6030207,0.06583226,1.5824481,1.6030207,-0.30515194,-0.90606165,2.5410743,-0.07531753,0.19505884,-1.4508744,1.0865867,-0.07226312,2.5374613,-0.08278239,-0.048613716,-0.14518279,7.1798077,0.04372068
S6,1,0,-0.00064739684,0.6278753,-3.1203613,1.7369311,0.113366224,4.857292,-0.34657052,0.3768157,-1.0450046,3.4620218,0.3942278,-1.2175316,0.0011904638,-1.2204978,-1.2145488,-1.2175233,0.0059490204,-1.218143,-1.2170275,0.5070662,0.29389858,1.4823844,1.6182442,0.01255382,1.6030207,1.6441643,1.6194788,0.041143656,1.6030207,1.6277063,0.39438862,-0.4386208,2.6188712,-0.06011079,0.22634387,-1.2241457,1.7539691,-0.051239744,2.9781146,-0.16713232,0.0064652823,0.2540556,7.734315,0.05484485
S6,2,1,-0.002353954,0.9715806,-5.010445,5.880301,0.049524486,10.890746,-0.28170568,0.2789046,0.47059464,9.64134,0.94397455,1.8751221,0.18509229,1.2715167,2.1142502,1.9276062,0.8427335,1.7310984,2.0131204,-0.935932,0.20777106,3.5503416,1.0739061,0.01286236,1.0434592,1.1092883,1.0763754,0.06582916,1.0599173,1.0846028,-0.6217198,0.51055765,1.1534398,0.037031684,1.4120536,-10.764945,13.522106,-0.08278239,24.287052,-0.16713232,0.1994101,1.0856392,35.199883,1.9952664
S6,2,1,0.0025733574,0.48122954,-2.0534675,2.0260606,0.04839907,4.079528,-0.16977802,0.23593418,-0.9170671,4.3994327,0.2315885,1.955041,0.0549335,1.858947,2.1063185,1.9484271,0.24737144,1.9199226,1.9768081,0.77917373,0.51790524,3.8252034,1.05978,0.012703149,1.0434592,1.0846028,1.0599173,0.041143656,1.0434592,1.0640318,0.21810645,-0.91644263,1.1232951,-0.023856517,0.38902223,-3.8832908,3.067324,-0.09330797,6.950615,-0.16713232,0.17084083,-0.3044853,18.695705,0.15190744
S6,2,1,-0.0003784099,0.6469488,-2.496881,2.164589,0.07602289,4.66147,-0.15274334,0.27204978,-0.8839058,2.544231,0.41854295,1.9147302,0.052933887,1.7543474,2.049805,1.9199226,0.29545748,1.8852619,1.9512776,-0.066267855,0.4237144,3.6689942,1.0434592,0.015613506,1.0105431,1.0599173,1.0434592,0.049374223,1.0393447,1.0599173,-0.7027136,-0.4074235,1.0890509,-0.07296877,0.5504075,-3.8832908,4.078889,-0.11173943,7.9621797,-0.24122064,0.11814566,0.18347338,15.904369,0.30827287
S6,2,1,0.0049456754,0.886595,-2.496881,4.847579,0.079910696,7.34446,-0.24262309,0.28831714,0.977995,6.7683525,0.78607523,1.869733,0.07538325,1.6647822,2.049805,1.8794353,0.38502276,1.839157,1.9092624,-0.43793586,1.0687327,3.5015843,1.0237095,0.015843103,1.0105431,1.0599173,1.0105431,0.049374223,1.0105431,1.0311157,0.8564672,-0.49173164,1.0482322,-0.13080241,0.72716993,-7.7189507,7.097944,-0.16713232,14.816895,-0.3315426,0.056174755,1.147366,34.50715,0.5458853
S6,2,1,0.0071028215,1.0949676,-6.1530485,4.847579,0.04655748,11.0006275,-0.40447825,0.40080753,-0.18059072,6.224865,1.1990044,1.8261547,0.1591748,1.5484203,2.1638236,1.8415117,0.6154033,1.6742129,1.9093032,0.2852656,-0.7856791,3.3601775,0.9975139,0.021473598,0.944714,1.0270011,1.0105431,0.08228713,0.977627,1.0105431,-0.81971043,-0.2886777,0.99549514,-0.05375462,1.0690614,-8.599469,8.732796,-0.10778902,17.332264,-0.31025523,0.12726255,1.2753773,24.667707,1.1457819
S6,2,1,0.015884146,1.5341794,-6.1530485,7.40575,0.08257078,13.558798,-0.40422246,0.63417774,-0.6672389,5.355735,2.3539588,1.953935,0.21545091,1.5484203,2.254023,2.030967,0.70560277,1.6882174,2.1225538,-0.56709015,-1.1965725,3.8642812,0.96117043,0.025671862,0.9282559,1.0105431,0.9529415,0.08228719,0.944714,0.977627,0.54012257,-0.7691629,0.92450786,-0.06124492,1.1531337,-8.599469,8.732796,-0.11700916,17.332264,-0.27570918,0.12661141,0.45487738,21.079102,1.3334686
S6,2,1,-0.015726587,1.4385442,-6.1266522,7.40575,0.034280226,13.532402,-0.25085908,0.29905975,-0.6570409,7.178055,2.0696566,2.1730444,0.10712674,1.947188,2.3254087,2.1945472,0.37822068,2.1048071,2.2565017,-0.5810372,-0.7767222,4.7335973,0.93305606,0.012773959,0.9117979,0.9529415,0.9282559,0.041143596,0.9282559,0.944714,-0.22251448,-0.992707,0.8707568,-0.1144778,0.8664816,-7.20977,7.263751,-0.10778902,14.473521,-0.2863317,0.014322523,-0.59855705,26.949522,0.7638956
S6,2,1,-0.011044077,1.2558618,-5.64211,4.300832,-0.0070532076,9.942942,-0.36882305,0.32760438,-0.25492448,2.9788313,1.5773107,2.2002738,0.10727034,1.89117,2.345734,2.244604,0.45456386,2.1354184,2.2758353,-0.99110854,0.20239115,4.85271,0.9148152,0.016592363,0.87888175,0.944714,0.9117979,0.06583226,0.89533985,0.9282559,-0.07986967,-0.7697787,0.83716214,-0.033906177,1.3128765,-6.315439,14.035535,-0.07094885,20.350975,-0.30560094,0.13963039,2.7626178,31.281128,1.724794
S6,2,1,0.03254795,1.563895,-4.1884828,6.8575706,0.025379214,11.046053,-0.86763775,0.81342566,0.40218675,1.334034,2.4468272,2.1886666,0.13176244,1.89117,2.5226712,2.1975217,0.6315012,2.1121435,2.258237,0.20599161,0.22535276,4.807623,0.8906767,0.01878711,0.8624237,0.9282559,0.89533985,0.0658322,0.87888175,0.89533985,0.2332944,-0.5602832,0.79365796,-0.073061384,1.479322,-9.238871,14.035535,-0.13546082,23.274406,-0.39887768,0.17343907,2.1825087,26.345495,2.193731
S6,2,1,-0.012442966,1.340669,-4.547183,6.8575706,0.0102372635,11.404754,-0.52111214,0.47779617,0.5238482,3.4219732,1.7975487,2.191178,0.10154239,1.9655299,2.5226712,2.1660101,0.5571413,2.1349227,2.2270055,1.3856322,2.8444233,4.8115716,0.86640114,0.01793404,0.8212801,0.89533985,0.8624237,0.074059725,0.8624237,0.87888175,-0.45559517,0.14661169,0.7509726,-0.10534304,1.1897748,-9.238871,14.160766,-0.13282469,23.399635,-0.3501875,0.08489938,2.232716,45.92776,1.4266611
S6,2,1,-0.017501883,0.93322957,-4.547183,4.613902,0.009930332,9.161085,-0.32815462,0.3356869,-0.46563748,6.230626,0.8712237,2.20349,0.07512277,2.0765502,2.4081566,2.1893296,0.3316064,2.1447139,2.2475784,0.7124114,-0.048727512,4.8610106,0.8397947,0.022315245,0.8048221,0.87888175,0.8459656,0.074059665,0.8212801,0.8624237,0.111255206,-1.1983763,0.70575297,-0.03173039,1.1307945,-6.823427,14.160766,-0.048613716,20.984192,-0.25978345,0.16694158,2.1911767,38.38367,1.279703
S6,2,1,-0.0026777287,0.92125535,-4.343176,5.2690983,0.00972571,9.612274,-0.19975498,0.2076965,-0.12206234,10.858523,0.84871864,2.2696142,0.07002172,2.1072855,2.460209,2.2723455,0.3529234,2.2185779,2.3164856,0.098733105,0.078486204,5.1560507,0.8123655,0.017667191,0.7801365,0.8624237,0.8048221,0.08228719,0.8048221,0.8212801,0.72444063,0.8878517,0.6602498,-0.025048804,1.153507,-8.021357,20.48487,-0.009256147,28.506227,-0.25447837,0.10837321,5.38292,111.59487,1.3312058
S6,2,1,-0.005132434,0.79887533,-4.1819344,5.2690983,0.008804916,9.451033,-0.18522692,0.19025256,-0.067966424,14.535812,0.6382281,2.265532,0.063035466,2.146905,2.460209,2.2653852,0.31330395,2.2177105,2.3153703,0.30579394,0.052564383,5.1366086,0.7890508,0.01701664,0.7472204,0.8212801,0.7965946,0.074059725,0.7801365,0.8048221,-0.36036688,-0.33321738,0.6228908,-0.0468155,1.2258592,-8.021357,20.48487,-0.03023784,28.506227,-0.25447837,0.07445843,5.5720167,108.24621,1.5049223
S6,2,1,0.004682546,0.9286422,-6.5657687,4.6474595,0.025174592,11.213228,-0.24047455,0.3512381,-1.7343031,14.974342,0.8623983,2.2773218,0.07861875,2.0998497,2.467645,2.2763314,0.36779523,2.2267575,2.3284974,0.36539245,-0.09497309,5.1923766,0.76861584,0.015336228,0.7472204,0.8048221,0.7636785,0.05760169,0.7636785,0.7801365,0.28297222,-0.47982955,0.59100544,0.0065730494,1.2005311,-8.296242,14.091946,-0.009256147,22.388187,-0.25447837,0.16304138,1.1079983,31.916187,1.4413183
S6,2,1,0.001234896,0.90698695,-6.5657687,4.6474595,0.021593725,11.213228,-0.24129304,0.30760267,-1.8050939,16.580086,0.8226269,2.2948737,0.067503326,2.0998497,2.467645,2.2904396,0.36779523,2.2577412,2.328869,0.30373782,0.8353834,5.271003,0.74776906,0.015890531,0.73076236,0.7801365,0.7472204,0.049374163,0.73076236,0.7636785,0.37782115,-1.064793,0.55941105,0.042610418,0.9063362,-8.296242,7.3026247,0.07445843,15.598866,-0.20149803,0.17084083,-0.4493395,20.456007,0.8232609
S6,2,1,0.0036672265,0.72430915,-3.8062506,3.2902088,0.03878189,7.0964594,-0.24293,0.26360917,-0.46194118,8.126198,0.52463716,2.2331355,0.076536596,1.9942582,2.3471816,2.2482824,0.3529234,2.1987486,2.2833655,-1.2184774,1.3504109,4.992752,0.72788227,0.015816282,0.67316073,0.7636785,0.73076236,0.09051776,0.71430427,0.73076236,-0.6095545,1.5742874,0.53006274,0.01557955,0.8013743,-8.226962,11.778181,0.07445843,20.005142,-0.19620682,0.15068774,1.307102,71.84724,0.6424435
S6,2,1,0.0026798244,0.70542413,-3.8062506,3.2902088,0.026402317,7.0964594,-0.20722365,0.23542264,-0.5039119,9.313939,0.49763033,2.1662765,0.06749315,1.9942582,2.3130152,2.1546283,0.31875706,2.1227775,2.214726,0.04696206,-0.20835829,4.69731,0.70909286,0.020432653,0.67316073,0.7472204,0.71430427,0.074059665,0.69784623,0.71430427,-0.31770483,-0.38932586,0.50323015,-0.0032232613,0.78213006,-8.226962,11.778181,-0.02761434,20.005142,-0.15657009,0.17084083,1.4734782,79.50952,0.61173785
S6,2,1,-0.0051565203,0.56668794,-4.2392287,2.196305,0.018831342,6.4355335,-0.14701395,0.15423925,-1.4135032,15.36791,0.32116178,2.132126,0.05882027,1.9793861,2.3130152,2.125628,0.33362913,2.1064184,2.1505384,0.5806306,1.6292024,4.5494223,0.68468106,0.020881781,0.64847517,0.71430427,0.67316073,0.0658291,0.67316073,0.69784623,0.17184223,-1.2567102,0.46922424,-0.014103645,0.5956927,-5.2158995,7.1780457,-0.048613716,12.393946,-0.15657009,0.16044156,1.6598146,41.8462,0.35504863
S6,2,1,0.01694936,0.9228718,-5.369146,3.062875,0.04727365,8.432021,-0.18788697,0.28069502,-1.5364553,8.563729,0.8519797,2.1376626,0.077447444,1.9055463,2.2971518,2.1268673,0.3916055,2.0950162,2.199988,-0.11154935,-0.1840756,4.5756016,0.6664411,0.015209185,0.63201714,0.69784623,0.66493326,0.0658291,0.66493326,0.67316073,0.33216622,0.39467978,0.4443751,0.004959179,0.94638366,-5.32799,9.987331,-0.01449936,15.315321,-0.12755117,0.109024666,1.6635057,25.79515,0.89566666
S6,2,1,0.0068261684,1.1970112,-5.369146,5.419699,0.0642572,10.788845,-0.33183777,0.41446596,-0.39812943,4.4938183,1.4328823,2.2079349,0.112812065,1.9055463,2.439388,2.217071,0.5338417,2.1195612,2.2828698,-0.18538883,-0.35709476,4.887702,0.657664,0.0144172935,0.63201714,0.69784623,0.66493326,0.0658291,0.64847517,0.66493326,0.17476256,0.4161849,0.43272978,0.007909058,1.0687919,-5.32799,9.987331,-0.017121598,15.315321,-0.28367537,0.22793767,0.9491621,14.640074,1.1423786
S6,2,1,-0.017973248,0.961005,-4.2629647,5.419699,0.018524412,9.682664,-0.28871396,0.24570484,0.33733952,7.54873,0.92385364,2.2526371,0.08548619,1.9456764,2.439388,2.2480347,0.4937116,2.2181666,2.2942917,-0.7241128,1.8174124,5.0816817,0.6384631,0.01942058,0.599101,0.67316073,0.63201714,0.074059725,0.63201714,0.64847517,0.031465486,-0.7305131,0.40801233,-0.03646729,0.7404693,-5.3034005,5.372029,-0.056494325,10.675429,-0.17505713,0.0064659137,0.3997317,15.2330265,0.5496245
S6,2,1,-0.0111012915,0.31073546,-1.6552751,1.197755,0.026300007,2.8530302,-0.15898427,0.15485312,-0.6770477,3.6492724,0.09667978,2.2306633,0.030692264,2.1796231,2.3442068,2.2249827,0.16458368,2.209863,2.245184,1.0758853,1.2410293,4.9768,0.6092501,0.018787112,0.582643,0.63201714,0.6155591,0.049374163,0.5949865,0.63201714,-0.22083534,-1.3651755,0.3715387,-0.083370805,0.32263833,-2.986723,7.2131376,-0.10383861,10.199861,-0.17505713,-0.006635172,11.522625,280.24744,0.11104617
S6,2,1,0.0002625257,0.2718079,-1.6552751,0.9092394,0.031722464,2.5645146,-0.12885383,0.14293395,-1.101082,4.9814725,0.073879614,2.190146,0.03508989,2.0889437,2.2485304,2.1964781,0.15958667,2.1672697,2.21544,-0.6042669,0.0039651394,4.7979703,0.57962596,0.02253402,0.5414994,0.6155591,0.582643,0.074059725,0.5661849,0.599101,-0.20782287,-0.6650176,0.33647394,-0.08715477,0.42576113,-4.5260096,7.2131376,-0.10383861,11.739147,-0.23062053,0.045719907,4.6526318,120.37223,0.1888685
S6,2,1,0.0027818172,0.3299228,-1.3111026,0.94627583,0.029573945,2.2573786,-0.17627473,0.16948353,-0.2561617,1.4093657,0.10885678,2.160661,0.03141926,2.0889437,2.239151,2.163056,0.15020728,2.1483076,2.1789193,-0.45884794,0.23920059,4.669444,0.55411655,0.017805476,0.5332719,0.599101,0.5414994,0.0658291,0.5414994,0.5661849,0.78871953,-0.53444576,0.3073623,-0.07569911,0.36309066,-4.5260096,4.288509,-0.02761434,8.814518,-0.2650911,0.05356136,-0.7571838,57.020306,0.1375652
S6,2,1,-0.006939702,0.5370791,-2.2781413,1.5120528,0.023230694,3.790194,-0.3030374,0.2850432,-0.27095824,0.9331496,0.28850207,2.158681,0.03360558,2.0879521,2.224775,2.1573548,0.13682294,2.1381454,2.181398,-0.28623754,-0.4783113,4.6610327,0.53711116,0.012062123,0.5168139,0.5661849,0.5414994,0.049371004,0.5332719,0.5414994,0.462341,1.0264034,0.28863394,-0.08309453,0.37793693,-3.4449375,1.4815722,-0.053867035,4.92651,-0.2650911,0.05356136,-0.9812313,10.104193,0.14974101
S6,2,1,-0.0050968397,0.72783613,-2.2781413,2.138193,0.06937272,4.416334,-0.45056912,0.48925492,-0.2668869,0.17527795,0.5297715,2.1104007,0.06414996,1.9992156,2.224775,2.1186876,0.22555947,2.0590756,2.156983,-0.060317833,-1.1587865,4.4579062,0.52284825,0.012100127,0.48389775,0.5414994,0.5168139,0.05760163,0.5168139,0.5332719,-0.4774847,0.35532546,0.27351677,-0.084577516,0.37584338,-3.4449375,1.4815722,-0.101205,4.92651,-0.2650911,0.087508984,-0.7719584,9.01655,0.14841159
S6,2,1,-0.0012167156,0.7027305,-1.9135067,2.2396848,0.038884196,4.1531916,-0.3972142,0.46111956,-0.11658843,0.5114484,0.49383163,2.0297148,0.04346258,1.9739333,2.1543806,2.0128484,0.18044722,1.9992156,2.0591996,1.1739339,0.66895175,4.1216307,0.5025502,0.016585575,0.46743968,0.5332719,0.5003558,0.06583223,0.48389775,0.5168139,-0.07353203,-0.90098405,0.25283182,-0.09707301,0.20589761,-1.1076038,0.94665575,-0.14073688,2.0542595,-0.22797051,0.056174755,0.5211163,4.2208858,0.051816996
S6,2,1,0.009745536,0.53018993,-1.9536124,2.2396848,0.03121091,4.1932974,-0.28789547,0.319573,-0.1138899,1.6327419,0.28119633,2.0236623,0.047070403,1.950658,2.1360626,2.0046687,0.18540466,1.9905647,2.0583563,0.85496604,-0.23977685,4.0974255,0.48581782,0.011279734,0.46743968,0.5003558,0.48389775,0.0329161,0.48389775,0.5003558,-0.1532092,-0.87976956,0.23614626,-0.08980068,0.1647353,-0.8328448,0.43942192,-0.14073688,1.2722667,-0.22797051,0.056174755,0.28713298,0.1095767,0.035201885
S6,2,1,-0.0032044144,0.5169042,-2.3849535,2.0289254,0.034177914,4.413879,-0.24073033,0.26028407,-0.6951472,3.586802,0.26720017,2.0362217,0.045639973,1.950658,2.1360626,2.0388985,0.18540466,1.9966371,2.0646768,0.19927698,-0.5226116,4.148282,0.4740229,0.014157756,0.45098162,0.5003558,0.46743968,0.049374163,0.46743968,0.48389775,0.07540431,-0.6493802,0.22489817,-0.051758297,0.3074201,-2.4091723,2.94131,-0.03286134,5.350482,-0.22797051,0.056174755,1.1386905,23.525396,0.09718606
S6,2,1,-0.0036825025,0.52322876,-2.3849535,2.0289254,0.016375892,4.413879,-0.25919735,0.25302002,-0.39758492,3.021409,0.27378193,2.0864186,0.1041887,1.9719745,2.4071653,2.0540185,0.4351908,2.0185738,2.125646,1.347395,1.211956,4.3639975,0.45783913,0.013197844,0.43452355,0.48389775,0.45098162,0.049374193,0.45098162,0.46743968,0.27248138,-0.38224626,0.20979087,-0.05768929,0.53741664,-6.2144566,6.658206,-0.009256147,12.872663,-0.22797051,0.056174755,-0.54506934,59.018986,0.29214472
S6,2,1,0.0041437177,0.4135491,-1.6387008,1.3250291,0.04604593,2.9637299,-0.25771388,0.24493751,-0.02506721,1.1293821,0.17104004,2.1291883,0.08837571,1.9719745,2.4071653,2.110756,0.4351908,2.0800204,2.1730847,1.0606667,1.4839158,4.541253,0.44261563,0.01564858,0.39337996,0.46743968,0.45098162,0.074059725,0.43452355,0.45098162,-1.1247954,1.044394,0.19615348,-0.102929965,0.47008333,-6.2144566,6.658206,-0.16713232,12.872663,-0.20678924,0.056174755,-0.873217,97.7267,0.23157291
S6,2,1,0.0030544314,0.58100015,-2.4631188,4.2326927,0.056276977,6.6958113,-0.24052571,0.22570314,2.2905002,19.371809,0.33757055,2.101876,0.06734181,1.9362572,2.2847586,2.0996017,0.34850132,2.065892,2.1330638,0.2072291,0.74684095,4.422417,0.41765502,0.02295346,0.39337996,0.45098162,0.40983802,0.05760166,0.39337996,0.43452355,0.30026788,-1.5171963,0.17496249,-0.13089964,0.37164432,-3.1834173,5.13748,-0.17505713,8.320897,-0.20678924,-0.08278239,4.28663,72.82276,0.15525422
S6,2,1,0.01415117,0.7682899,-3.6568775,4.2326927,0.043488167,7.88957,-0.19274671,0.22601007,0.38751802,9.917773,0.5904696,2.0901659,0.090657555,1.9362572,2.289716,2.0795245,0.35345876,2.0168142,2.14397,0.6236149,-0.48816848,4.3770123,0.39379176,0.012058506,0.36869445,0.43452355,0.39337996,0.0658291,0.3913231,0.39337996,0.930379,3.0568337,0.15521733,-0.13062431,0.4639993,-3.1834173,5.13748,-0.16713232,8.320897,-0.2491745,-0.08278239,3.2535465,35.24113,0.23235805
S6,2,1,-0.004239141,0.80092233,-3.6568775,2.8433168,0.024969973,6.5001945,-0.15750077,0.24268667,-1.2503601,5.542304,0.6414945,2.103561,0.07846162,1.9422061,2.289716,2.0896873,0.34750986,2.0373871,2.165057,0.42516148,-0.6255982,4.4311247,0.37760875,0.016545948,0.33577833,0.40983802,0.38515252,0.074059695,0.36869445,0.39337996,-0.82767045,0.09096885,0.14286216,-0.12132586,0.5317462,-8.080985,9.343926,-0.17769958,17.424911,-0.25447837,-0.017121598,3.0939736,158.53384,0.29747397
S6,2,1,-0.008620262,0.6980417,-3.5232596,1.9057434,0.029573943,5.429003,-0.16184896,0.26846892,-1.5841361,5.6618605,0.48733652,2.140661,0.052965265,2.0279682,2.2604675,2.1404998,0.23249936,2.1066663,2.1838765,0.009379934,-0.6446364,4.585235,0.3497676,0.022197954,0.31932026,0.39337996,0.33577833,0.074059695,0.33577833,0.36869445,0.37066448,-1.0555433,0.12283014,-0.0957088,0.6103351,-8.080985,9.343926,-0.101205,17.424911,-0.25447837,0.014322523,1.4944764,92.5836,0.3816691
S6,2,1,0.008669032,0.63960487,-4.7182465,2.0283113,0.05730008,6.7465577,-0.14450735,0.20902653,-2.6752105,15.949278,0.40916952,2.167815,0.05056131,2.0849776,2.2852542,2.1598337,0.20027661,2.1266193,2.2030864,0.41427097,-0.80762935,4.7019777,0.32178894,0.015269969,0.28640416,0.3522364,0.31932026,0.06583223,0.31932026,0.33577833,-0.5518325,0.010737896,0.103781305,-0.07186968,0.48917878,-3.0142512,2.9780364,-0.059121616,5.9922876,-0.22797051,0.032642823,-0.028517378,12.028053,0.2444611
S6,2,1,-0.007948431,1.1107379,-5.1579766,4.73381,0.044511274,9.891787,-0.20921871,0.2544012,-0.9515682,7.426049,1.233802,2.1097596,0.08839849,1.9020755,2.2852542,2.1127388,0.3831787,2.033074,2.177308,-0.11970207,-0.7112632,4.4589005,0.30245075,0.015205082,0.26171863,0.33577833,0.3028622,0.074059695,0.28640416,0.31932026,0.02575924,-0.52954674,0.09170766,-0.06862743,0.7414328,-4.3068075,11.947065,-0.061748907,16.253872,-0.23062053,0.045719907,4.3318243,79.85839,0.5544323
S6,2,1,0.001257065,1.159751,-5.1579766,4.73381,0.058527805,9.891787,-0.30712983,0.36791468,-0.41117358,5.4122076,1.3450241,2.0023503,0.07537884,1.825237,2.1816459,1.997009,0.35640883,1.9683806,2.0367918,0.11956003,-0.17809892,4.015089,0.2768046,0.019190243,0.23703311,0.31932026,0.28640416,0.08228715,0.26171863,0.28640416,0.17014094,-1.1745648,0.07698906,-0.08339882,1.0009017,-8.814888,11.947065,-0.07489294,20.761953,-0.25447837,0.064012416,0.7542706,37.28493,1.0087594
S6,2,1,0.0029109812,0.7029232,-2.7718918,3.7962365,0.04492051,6.5681286,-0.27229312,0.3075515,0.3826328,5.388851,0.49410948,1.9822941,0.054368544,1.825237,2.0988827,1.9913083,0.27364564,1.9564829,2.016095,-0.56316024,0.089430094,3.9324458,0.24759306,0.01639493,0.22057505,0.28640416,0.25349116,0.06582911,0.23703311,0.26171863,-0.07766361,-0.5996249,0.061571117,-0.093109205,0.8113193,-8.814888,6.4427,-0.08015257,15.257587,-0.25447837,0.04310525,-1.7095516,33.99694,0.6669082
S6,2,1,-0.009131066,0.5297375,-2.2803922,1.3843693,-0.04961437,3.6647615,-0.34779823,0.34156975,-0.18160647,0.798681,0.28070512,1.9550534,0.059617415,1.8584514,2.0988827,1.9466921,0.24043131,1.9025717,2.002586,0.43566993,-0.8544166,3.8257883,0.22523813,0.014671771,0.20411699,0.26171863,0.22057505,0.057601646,0.22057505,0.23703311,0.31410986,-0.26530504,0.050947476,-0.087979905,0.450031,-2.605651,3.3851402,-0.101205,5.9907913,-0.25447837,0.045719907,1.0578086,13.4378395,0.21026835
S6,2,1,6.1099727e-06,0.7034146,-3.3841176,3.2595158,0.0026662876,6.6436334,-0.37327355,0.3686309,-0.13861752,2.931406,0.4947921,1.8617753,0.061785035,1.6637912,1.976932,1.8827422,0.31314087,1.8315576,1.9025717,-1.0525107,0.72488403,3.4700246,0.20631142,0.014242541,0.18765892,0.23703311,0.20411699,0.049374193,0.20000246,0.22057505,0.3570625,-0.56960416,0.04276724,-0.0843941,0.52853286,-3.8447266,5.832916,-0.101205,9.677643,-0.22797051,0.032642823,1.2026111,30.617153,0.28646937
S6,2,1,0.0046775416,0.77347,-3.3841176,3.2595158,0.074079,6.6436334,-0.37199467,0.3905253,-0.272579,1.9315686,0.5982777,1.7806556,0.0585366,1.6637912,1.9025717,1.7701259,0.2387805,1.7312108,1.8313096,0.4854726,-0.9107442,3.1741607,0.18930474,0.013671091,0.1547428,0.23703311,0.18765892,0.08229031,0.18765892,0.20411699,0.16051337,1.6664581,0.036023177,-0.08853721,0.49904945,-3.8447266,5.832916,-0.095940314,9.677643,-0.1988518,0.019558158,1.3675947,38.867043,0.2568892
S6,2,1,0.0074198875,0.7063185,-3.1148365,3.6417475,0.035610262,6.756584,-0.29469913,0.30980235,0.39700794,4.062808,0.49894086,1.7383659,0.025778659,1.6920477,1.7926818,1.7346811,0.1006341,1.7250143,1.7504206,0.39535332,-0.36923313,3.0225804,0.16873232,0.018540876,0.13005729,0.20411699,0.17120087,0.074059695,0.1547428,0.18765892,-0.48112378,-0.2757902,0.028814359,-0.0769582,0.6414783,-7.7023535,7.3666472,-0.077522755,15.069,-0.17505713,-0.0013932219,-1.1824131,82.54338,0.41741702
S6,2,1,0.006699664,0.8221405,-4.027446,4.832437,0.0184221,8.859882,-0.25669077,0.25000188,0.7038968,9.981184,0.6759599,1.7318677,0.029860422,1.6712272,1.7897074,1.7317066,0.118480206,1.7091506,1.7489334,0.1289819,-0.6877587,3.000257,0.14761175,0.016894856,0.12182982,0.17120087,0.1547428,0.04937105,0.13005729,0.1547428,0.0283194,-1.4664212,0.022074657,-0.06977229,0.7453562,-7.7023535,7.3666472,-0.09330797,15.069,-0.15393017,-0.0013932219,-0.7194146,49.05363,0.560424
S7,1,0,-0.009891424,1.7113847,-7.6653376,7.791213,-0.027264416,15.456551,-0.6469648,0.5740163,-0.2612466,3.7430801,2.9289353,0.85155463,0.10082177,0.60276324,1.0982963,0.8776572,0.49553305,0.77728486,0.9120195,-0.10883666,0.11575508,0.7353102,0.16679598,0.020567602,0.14117528,0.20949714,0.15825574,0.068321854,0.15825574,0.17533621,0.57272655,-0.40190315,0.028243924,0.014662195,0.8688056,-5.706131,5.9321165,-0.04443676,11.6382475,-0.21217667,0.21993865,0.096472494,10.396347,0.7550382
S7,1,0,0.0010304451,1.5986531,-7.6653376,7.791213,0.00117774,15.456551,-0.47658274,0.47033784,-0.38622943,5.5008316,2.5556922,0.7198947,0.16937537,0.4846074,1.0982963,0.6841464,0.6136889,0.5789508,0.8800689,0.43492794,-0.9314451,0.5469364,0.13946724,0.018369773,0.10701434,0.17533621,0.14117528,0.06832187,0.124094814,0.15825574,-0.1221903,-0.43147826,0.01978856,-0.01187651,0.7742591,-5.706131,5.9321165,-0.023054754,11.6382475,-0.18042322,0.09057364,0.07743012,16.223022,0.5996182
S7,1,0,0.014919561,0.4435205,-1.205176,2.457632,0.04844589,3.662808,-0.28033188,0.29528314,0.48072442,2.2596488,0.19693302,0.5811315,0.0627132,0.4846074,0.7775864,0.5726214,0.292979,0.52529836,0.63561773,0.44177577,-0.62616277,0.3416467,0.11299277,0.019115182,0.081395276,0.14117528,0.10701434,0.05978001,0.10701434,0.124094814,-0.08589499,-0.78373027,0.013132757,-0.021836875,0.14775589,-0.9880637,0.60057414,-0.01593274,1.5886378,-0.11588495,0.09824212,-0.586164,1.9424601,0.022308648
S7,1,0,-0.011418921,0.3932225,-1.156418,1.245996,0.0289427,2.4024138,-0.278368,0.26765364,-0.14168887,0.059051275,0.15475434,0.44870713,0.16564359,0.1449044,0.6775153,0.5063091,0.5326109,0.27119946,0.5647842,-0.51705176,-1.1472806,0.22877587,0.085096106,0.018668242,0.05577621,0.124094814,0.081395276,0.068318605,0.07285667,0.10701434,0.20478548,-0.9402211,0.007589848,-0.012224985,0.27560514,-1.768467,2.8677075,-0.01593274,4.636174,-0.11588495,0.12829773,1.3129482,25.838348,0.076107636
S7,1,0,0.0038986409,1.1985415,-6.130274,6.3509564,-0.006000518,12.48123,-0.41935983,0.36246082,0.058936693,8.819769,1.4365171,0.3296551,0.10218821,0.1449044,0.520777,0.32620984,0.37587258,0.25281286,0.39447948,0.16059631,-0.8366513,0.11911492,0.066593625,0.0116540035,0.03869574,0.081395276,0.07285667,0.042699534,0.05577621,0.07285667,-0.803664,-0.19939709,0.004570526,-0.013500569,0.48112354,-3.4098473,2.8677075,-0.042059336,6.2775545,-0.12244853,0.08231052,0.05684952,9.780542,0.23166211
S7,1,0,0.0040466385,1.185199,-6.130274,6.3509564,0.047768697,12.48123,-0.41143668,0.34377027,0.054135274,9.343241,1.4047132,0.2848235,0.074231945,0.16660696,0.48852268,0.27089778,0.32191572,0.22809689,0.33841532,0.64074576,-0.28999257,0.0866348,0.053498816,0.014448454,0.03869574,0.07285667,0.05577621,0.03416093,0.03869574,0.07285667,0.25650215,-1.5557269,0.0030708814,-0.05218135,0.40841332,-3.4098473,2.456291,-0.103957914,5.8661385,-0.103957914,-0.025428759,-0.03881045,15.571089,0.16952433
S7,1,0,-0.005334047,0.34849948,-0.9042309,0.59291,0.088535786,1.4971409,-0.29333398,0.27530596,-0.48078227,-0.9665239,0.12148033,0.18140665,0.053583067,0.09788287,0.2932028,0.17444405,0.19531992,0.1316418,0.22809689,0.21975572,-1.1080647,0.035779513,0.052929353,0.015798593,0.03869574,0.081395276,0.047235973,0.042699534,0.03869574,0.07285667,0.49373278,-1.3771118,0.0030511122,-0.06321495,0.08737557,-0.3294724,0.20586908,-0.103957914,0.5353415,-0.103957914,0.062230393,0.44589546,-0.08105898,0.01163062
S7,1,0,-0.0034085587,0.35695824,-0.94161195,0.77846116,0.07593997,1.7200731,-0.29245365,0.26345506,-0.3716997,-0.7878461,0.12743081,0.10332905,0.03959957,0.019514374,0.17625271,0.102102846,0.15673834,0.0761812,0.1316418,-0.035983905,-0.86685467,0.012245019,0.085380934,0.031550087,0.03869574,0.15825574,0.081395276,0.11956,0.07285667,0.10701434,0.40568772,-0.6026163,0.008285312,-0.031080186,0.10395065,-0.3294724,0.23634116,-0.026619751,0.56581354,-0.103957914,0.062230393,-0.4516839,-0.3906374,0.011771717
S7,1,0,0.0006076252,0.3617143,-0.94161195,0.79661,0.07201225,1.7382219,-0.2769459,0.25776663,-0.30839497,-0.7009337,0.13083762,0.059563037,0.023703214,0.012279738,0.1051175,0.054478638,0.092837766,0.040915605,0.07979852,0.24999353,-0.9151025,0.0041095978,0.15085442,0.047688905,0.07285667,0.21803574,0.14971551,0.14517906,0.10701434,0.19241667,-0.089240946,-1.36503,0.02503129,-0.033903494,0.11126554,-0.3294724,0.47838473,-0.037306763,0.80785716,-0.103957914,0.062230393,-0.31067,-0.29018974,0.013529466
S7,1,0,0.006563971,0.42362756,-1.8699096,3.026204,0.098151945,4.896114,-0.3013926,0.2887821,0.48578653,5.73129,0.17950341,0.019062288,0.039771263,-0.2107698,0.08220962,0.015294619,0.29297942,-0.0012832964,0.04603868,-2.1273062,10.106424,0.0019451241,0.20949626,0.026734289,0.14117528,0.26073527,0.20949714,0.11955999,0.19241667,0.21803574,-0.25432327,0.5631676,0.04460341,-0.03416458,0.25092703,-1.9447294,1.5166618,0.062230393,3.4613912,-0.15649389,0.062230393,-2.0163338,22.20447,0.06413159
S7,1,0,-0.004125114,0.4636511,-1.8699096,3.026204,0.07607541,4.896114,-0.3257039,0.28647965,0.5962962,5.6976347,0.21498938,-0.17871739,0.17448965,-0.4211675,0.020719698,-0.21378379,0.4418872,-0.3623909,-0.001885958,-0.07466813,-1.8341306,0.062386546,0.27838552,0.06499895,0.20949714,0.43153667,0.26073527,0.22203954,0.21803574,0.31197667,0.7831273,-0.52750826,0.08172336,-0.07826449,0.24957995,-1.9447294,1.5166618,-0.027805615,3.4613912,-0.18521227,0.062230393,-1.5951734,21.449432,0.068415485
S7,1,0,-0.003342813,0.40033564,-1.5760075,2.4256685,0.07797156,4.001676,-0.29976735,0.28234875,0.039160818,2.9003258,0.16027981,-0.40823162,0.073319055,-0.52485585,-0.21679777,-0.42237327,0.30805808,-0.46788803,-0.36299357,0.43505234,-0.69863343,0.17202875,0.4079094,0.089288235,0.26073527,0.5340162,0.43153667,0.27328092,0.31197667,0.48277807,-0.22461294,-1.326742,0.17436247,-0.12808461,0.09326175,-0.46270627,0.15183824,-0.18521227,0.6145445,-0.18521227,-0.02068075,0.34840292,-0.49006295,0.025103418
S7,1,0,0.0034779424,0.35254183,-0.80481875,0.610517,0.0986937,1.4153358,-0.28690067,0.2876309,-0.46785742,-0.9536996,0.12429784,-0.5154013,0.05441991,-0.61528164,-0.42357904,-0.52123857,0.1917026,-0.5589161,-0.4696967,0.07851236,-1.1404327,0.26860008,0.5459736,0.06755468,0.43153667,0.6450376,0.5425564,0.21350092,0.48277807,0.6023381,-0.13807948,-1.3450034,0.30265084,-0.13327734,0.084067196,-0.40444967,0.23868325,-0.1182715,0.6431329,-0.18521227,-0.1182715,0.78492063,1.6891899,0.02483014
S7,1,0,-0.00022588763,0.37446794,-1.4381307,0.699094,0.10262142,2.1372247,-0.2969908,0.29555404,-0.55564225,-0.51220465,0.1402263,-0.59151965,0.03602914,-0.64662904,-0.5188279,-0.603225,0.12780112,-0.6164874,-0.5595188,0.34699178,-1.0958902,0.3511936,0.64162195,0.042961136,0.5510967,0.7218981,0.6450376,0.1708014,0.6023381,0.6621181,-0.14745152,-0.7078757,0.41352436,-0.11666979,0.08824193,-0.40444967,0.3158076,-0.1182715,0.7202573,-0.16606174,-0.042059336,0.38351306,1.5216193,0.021398477
S7,1,0,-0.002039781,0.3827407,-1.4381307,0.699094,0.09733931,2.1372247,-0.3089772,0.3164116,-0.5517033,-0.6136148,0.14649461,-0.64768404,0.032003175,-0.70450115,-0.5923737,-0.64662904,0.11212742,-0.67797685,-0.6164874,-0.16946526,-1.2325113,0.42051882,0.7045334,0.035451356,0.6450376,0.7731395,0.7048176,0.12810189,0.6621181,0.7218981,0.08795996,-1.0765703,0.49762413,-0.100503206,0.19888707,-2.8579652,1.5451748,-0.063463,4.40314,-0.19239928,-0.042059336,-1.0844717,57.468666,0.049656954
S7,1,0,0.0022554651,0.3823961,-1.6629592,1.5824261,0.06821996,3.2453852,-0.27017397,0.2863442,-0.4128653,1.3114262,0.14623186,-0.5673658,0.115467705,-0.70450115,-0.39343652,-0.63095534,0.31106463,-0.67797685,-0.44377404,0.20344783,-1.764273,0.33523688,0.74581075,0.025180412,0.68773717,0.79021996,0.756059,0.102482796,0.7218981,0.7731395,-0.27216327,-0.87936926,0.5568676,-0.028196545,0.21304362,-2.8579652,1.5451748,-0.042059336,4.40314,-0.19239928,0.08821332,-1.5596886,44.926163,0.046182625
S7,1,0,-0.0005029713,0.338261,-1.6629592,1.5824261,0.040319562,3.2453852,-0.22615634,0.21205601,-0.31277713,3.0638237,0.114420764,-0.38751924,0.084628224,-0.633366,-0.29336545,-0.3910252,0.34000054,-0.44317138,-0.31145072,-0.80929136,0.13412356,0.1573331,0.7452413,0.023536913,0.7048176,0.79021996,0.7475188,0.08540237,0.7218981,0.7731395,0.010939285,-1.2135458,0.5559387,0.025631832,0.13190967,-0.76916265,0.87669754,0.08821332,1.6458602,0.0030447578,0.08821332,-0.50928265,7.717387,0.018057149
S7,1,0,-0.0026234344,0.26677987,-0.6674838,0.5501113,0.03639184,1.2175951,-0.22222862,0.20216897,-0.23364964,-0.894423,0.07117837,-0.29401907,0.03071192,-0.38861388,-0.2294649,-0.2981881,0.15914898,-0.31175238,-0.28341943,0.073868856,1.0030713,0.08739042,0.7796859,0.055943485,0.7048176,0.8926995,0.7645992,0.18788189,0.7218981,0.8414581,0.36574665,-1.2398026,0.6110396,-0.013724976,0.12649514,-0.76916265,0.87669754,0.005416197,1.6458602,-0.08012665,0.005416197,0.015674027,7.865082,0.016189396
S7,1,0,0.0010267855,0.24902044,-0.591638,0.49268526,0.047226943,1.0843233,-0.22134826,0.20325248,-0.24887247,-1.093021,0.062012237,-0.25764793,0.024330499,-0.3259191,-0.2294649,-0.2451395,0.09645419,-0.28281605,-0.23790486,-0.7459455,-0.88861656,0.06697442,0.8662252,0.048176307,0.7731395,0.935399,0.875619,0.16225952,0.8414581,0.90977997,-0.36177674,-0.81273603,0.75266683,-0.025673172,0.069952086,-0.39718056,0.38797417,-0.013559877,0.7851547,-0.08012665,0.005416197,0.29888687,7.2732096,0.005552405
S7,1,0,0.008985931,0.5026122,-3.04281,3.4344168,0.04397641,6.4772267,-0.24633673,0.22539672,0.2999211,9.084426,0.2526998,-0.25559828,0.028312888,-0.34038702,-0.21981962,-0.2427275,0.1205674,-0.26442948,-0.23760353,-1.1828595,-0.12481141,0.066132106,0.9493481,0.05224935,0.875619,1.0293399,0.935399,0.15372092,0.90977997,0.995179,0.084962994,-1.2789212,0.9039917,-0.0029834728,0.19642547,-0.928099,1.5977086,-0.013559877,2.5258076,-0.013559877,-0.0064412835,0.9100723,13.231358,0.03859186
S7,1,0,-0.0004671405,0.8279159,-4.2330465,3.7987473,0.005511782,8.031794,-0.4410978,0.40234756,-0.055686425,4.428006,0.68544495,-0.29342633,0.03466252,-0.34038702,-0.21981962,-0.30904007,0.1205674,-0.31627336,-0.24724881,0.8914512,-0.84446764,0.0873005,0.97326,0.035737757,0.90977997,1.0293399,0.9780986,0.11955994,0.935399,0.995179,-0.02743969,-1.1354189,0.9485119,0.006266116,0.29812238,-1.1212075,1.8799483,-0.013559877,3.0011559,-0.10872759,0.16829892,0.48094645,4.97998,0.088916205
S7,1,0,-0.0029791081,0.912228,-4.2330465,3.7987473,0.032870427,8.031794,-0.6095837,0.59595734,-0.24622133,1.9861493,0.83216876,-0.31663564,0.007208228,-0.34038702,-0.30180544,-0.31627336,0.03858158,-0.31989068,-0.31235573,-0.763465,0.9384968,0.10031007,0.90949446,0.054168575,0.79875857,0.995179,0.9268604,0.19642043,0.85853857,0.935399,-0.20462671,-0.8462076,0.83011436,-0.014643548,0.25623566,-1.2833297,1.8799483,-0.07060327,3.163278,-0.10872759,0.16359651,0.5249374,7.3437223,0.065871134
S7,1,0,0.0027619456,0.747101,-2.4788427,1.8950189,0.13228253,4.373862,-0.5144379,0.5221432,-0.42515534,-0.0631721,0.5581676,-0.33005878,0.03638957,-0.42237282,-0.2981881,-0.31506804,0.12418473,-0.32380933,-0.30904007,-1.5546751,0.7145734,0.11026303,0.8243789,0.053012427,0.756059,0.9268604,0.8243776,0.1708014,0.7731395,0.85853857,0.4063921,-0.9611032,0.6824109,-0.0317997,0.3391487,-3.6815338,2.5191348,-0.051569037,6.2006683,-0.09203886,-0.013559877,-1.7188482,44.457973,0.11603307
S7,1,0,-0.003519169,0.50301003,-1.5540664,1.4269423,0.095172286,2.9810088,-0.35841236,0.35860083,-0.49860954,0.052809,0.25303152,-0.39101574,0.057353836,-0.46939436,-0.2981881,-0.42056483,0.17120627,-0.4380474,-0.31506804,0.6292125,-1.3897526,0.15618277,0.8670792,0.101263255,0.756059,1.0464205,0.8243776,0.29036146,0.7731395,0.9610181,0.523049,-1.2295805,0.7620806,-0.04032782,0.3285171,-3.6815338,2.5191348,-0.042059336,6.2006683,-0.111113,0.04094531,-1.8162829,50.33612,0.10954984
S7,1,0,-0.0011540646,0.35983407,-0.9085649,0.94234216,0.06659469,1.8509071,-0.2986161,0.2901365,-0.28863686,-0.91527796,0.12948188,-0.4430608,0.00919139,-0.46939436,-0.41996217,-0.4434727,0.04943219,-0.44889802,-0.43684208,0.05962088,-0.13514161,0.19638732,1.0430038,0.109423675,0.79875857,1.2001413,1.0549607,0.40138274,0.9610181,1.1318195,-0.39205888,-0.79685116,1.0998306,-0.03911868,0.10837494,-0.44812474,0.23868325,-0.042059336,0.686808,-0.12065805,0.06932048,-0.38687626,-0.09220171,0.013275397
S7,1,0,-0.0018957353,0.3584683,-0.8129451,0.94234216,0.041267633,1.7552873,-0.29414666,0.28580245,-0.17134465,-0.92528486,0.1285031,-0.45596153,0.010019019,-0.48627427,-0.43684208,-0.45613176,0.04943219,-0.4633664,-0.4476927,-0.12820391,-0.48503685,0.2080013,1.2120966,0.0885203,1.0635009,1.3538623,1.212951,0.2903614,1.1318195,1.2855405,-0.17922081,-1.3000216,1.4770137,-0.041003194,0.11593514,-0.5724384,0.37170276,-0.042059336,0.94414115,-0.12065805,0.06932048,-0.075030215,1.5127268,0.015122219
S7,1,0,0.0008581878,0.33698076,-0.8129451,0.7578745,0.03815254,1.5708196,-0.26495957,0.26894033,-0.20201881,-0.82300186,0.113556765,-0.47345385,0.013873117,-0.51038796,-0.44889802,-0.47060102,0.06148994,-0.48627427,-0.4633664,-0.32452407,-0.8635018,0.22435106,1.323117,0.042334538,1.2257605,1.3880199,1.3367819,0.16225946,1.2855405,1.3538623,-0.5135374,-0.55307317,1.7524312,-0.042709295,0.13032557,-0.5724384,0.37170276,-0.042059336,0.94414115,-0.12065805,0.04094531,0.09617127,0.8453226,0.018808836
S7,1,0,0.0024511486,1.0843368,-5.058411,5.0686216,0.037475348,10.127033,-0.36017308,0.34932327,-0.031222297,5.0356474,1.1757922,-0.44013697,0.052142996,-0.51038796,-0.27889845,-0.4645717,0.23148951,-0.48868537,-0.3991645,0.71319103,-0.3054881,0.19643946,1.3803352,0.035850555,1.3367819,1.4392613,1.3752104,0.10247946,1.3538623,1.4221809,0.27323055,-1.4206939,1.9066108,0.022896886,0.67506903,-3.120109,6.093907,-0.02068075,9.214016,-0.1493217,0.17299904,1.141655,14.208178,0.45624244
S7,1,0,0.00026606818,1.1249623,-5.058411,5.0686216,0.04871677,10.127033,-0.45484483,0.38629806,-0.006348,4.0714602,1.2655404,-0.42547792,0.041260935,-0.4910969,-0.27889845,-0.42599013,0.21219847,-0.4609544,-0.3991645,0.9726995,0.90211034,0.18273392,1.3234017,0.09400962,1.1488999,1.4392613,1.3282416,0.2903614,1.2513795,1.4221809,-0.37571988,-1.1707833,1.7602292,0.013964618,0.76717836,-3.120109,9.377187,-0.0777458,12.497295,-0.15649389,0.14948475,2.5999053,30.92583,0.5887577
S7,1,0,-0.003229526,0.46750322,-1.7867502,2.5486467,0.07404383,4.335397,-0.32868353,0.3256215,0.06397136,2.3534946,0.21856968,-0.4649538,0.015846753,-0.4923027,-0.41393375,-0.4669837,0.07836893,-0.474217,-0.45854375,1.124532,1.6243081,0.21643318,1.1896075,0.067521766,1.1147391,1.3197013,1.1659805,0.20496225,1.1318195,1.2513795,0.69910544,-0.85109234,1.4197252,-0.059538502,0.384142,-2.4194767,9.377187,-0.089655735,11.796663,-0.15888613,0.005416197,14.826516,383.16586,0.15110993
S7,1,0,-0.0046593943,0.43791807,-1.1954244,1.9221067,0.05630134,3.1175313,-0.32468808,0.3264341,-0.030653898,0.44800186,0.19179395,-0.47609627,0.011561059,-0.50435954,-0.3982605,-0.476629,0.10609904,-0.48386273,-0.47029936,2.5117679,15.42573,0.22680135,1.1272649,0.019565847,1.0891199,1.1659805,1.1232793,0.07686055,1.1147391,1.1318195,0.35069048,-0.23099327,1.2711089,-0.041659225,0.122906536,-0.4772992,0.32280192,-0.0539476,0.80010116,-0.15888613,0.055138025,0.03156271,-0.28867412,0.016841507
S7,1,0,0.00095017353,0.39628956,-1.1954244,1.9221067,0.05115467,3.1175313,-0.2783003,0.27611858,0.057669733,1.3671737,0.15704633,-0.48776117,0.017000137,-0.5296785,-0.3982605,-0.4874796,0.13141802,-0.49833155,-0.47994465,1.0947775,5.194068,0.23819995,1.1247028,0.018850643,1.0891199,1.1659805,1.1232793,0.07686055,1.1147391,1.1318195,0.19774957,0.111784935,1.2653117,-0.012519922,0.115550995,-0.38991374,0.32280192,-0.0064412835,0.7127156,-0.09203886,0.055138025,-0.08253015,-0.45316267,0.013508782
S7,1,0,0.0020247982,0.2876185,-0.837595,0.5969732,0.05223818,1.4345682,-0.22798476,0.23866974,-0.38721195,-0.82261014,0.0827285,-0.50838834,0.013041888,-0.5296785,-0.474217,-0.51219594,0.055461526,-0.5188279,-0.49712533,0.59876674,-0.7640922,0.25862876,1.1685423,0.04525171,1.0891199,1.2684599,1.1659805,0.17934,1.1318195,1.2001413,0.54310256,-0.2675879,1.3675387,-0.007977966,0.33444858,-5.856682,3.6798975,-0.09203886,9.536579,-0.09203886,0.109444804,-3.4804037,129.76541,0.111919515
S7,1,0,-0.005967504,0.47382048,-2.528955,3.0874226,0.035308324,5.616378,-0.2759301,0.23643498,0.5173689,9.382469,0.22454144,-0.5755445,0.07845763,-0.7093238,-0.4054938,-0.5236505,0.30383003,-0.6559732,-0.5176212,-0.4343536,-1.2803485,0.337407,1.2456874,0.048577014,1.1659805,1.3197013,1.2684599,0.15372086,1.2001413,1.2855405,-0.28720495,-1.4412893,1.5540965,-0.024558568,0.52513283,-5.856682,3.6798975,-0.0777458,9.536579,-0.09203886,0.062230393,-0.17099644,31.563225,0.27636766
S7,1,0,0.0073227007,1.5075421,-8.4909725,7.2570424,0.079325944,15.748014,-0.37473273,0.4153497,-1.1868287,10.3404255,2.272737,-0.60444045,0.063390605,-0.7093238,-0.4054938,-0.5947844,0.30383003,-0.6559732,-0.57790583,0.3014636,-0.005083084,0.3693666,1.2732997,0.025873495,1.2172219,1.3197013,1.2770002,0.10247946,1.2513795,1.2855405,-0.49686393,-0.35764027,1.6219615,0.041403413,1.0086398,-7.5660553,5.7292886,-0.0777458,13.295343,-0.18760794,0.17534909,-0.46112898,8.996638,1.0190685
S7,1,0,0.0036990007,1.6192782,-8.4909725,7.2570424,0.11711339,15.748014,-0.57992256,0.6261602,-1.0190332,7.504505,2.6220756,-0.5739368,0.02940932,-0.6164874,-0.48265696,-0.57911116,0.13383043,-0.59357905,-0.5667534,1.3128009,1.5436878,0.33026835,1.2075416,0.06133516,1.0891199,1.3026209,1.2172219,0.21350098,1.1488999,1.2513795,-0.22216092,-1.130191,1.4619187,0.07462042,1.0004449,-7.5660553,5.7292886,0.052773144,13.295343,-0.19239928,0.33445758,-0.58571184,9.670624,1.0064582
S7,1,0,0.00012935202,0.8865073,-6.130274,4.042537,0.07770068,10.1728115,-0.55730426,0.4978996,-0.34694812,3.9888859,0.78589505,-0.5678282,0.023326926,-0.6164874,-0.48265696,-0.5682601,0.13383043,-0.5742885,-0.56223214,1.0866266,3.3361273,0.32297292,1.0953827,0.068779156,0.9780986,1.2172219,1.0891199,0.23912328,1.0464205,1.1488999,0.08967669,-1.1250461,1.2045938,-0.0065528513,0.41406408,-3.5787184,5.1160975,0.003045043,8.694816,-0.1929982,0.09293282,1.0563859,36.906933,0.17149201
S7,1,0,0.0022835394,0.72954506,-2.5587516,2.564087,0.092192635,5.1228385,-0.48145854,0.45225674,-0.21490327,0.6824243,0.53224117,-0.53771645,0.045212418,-0.5851391,-0.45492643,-0.56223214,0.13021266,-0.5673561,-0.47482032,1.0153435,-0.8611808,0.2911831,0.97212154,0.071149334,0.85853857,1.0891199,0.9780986,0.23058134,0.90977997,1.0464205,-0.026275285,-1.4267639,0.9500824,-0.042854495,0.17869449,-0.8310807,0.7607887,-0.042059336,1.5918694,-0.19479495,0.09293282,0.462221,2.388267,0.033768225
S7,1,0,-0.010808178,0.7425304,-2.5587516,2.564087,0.07119962,5.1228385,-0.48227116,0.43803567,-0.30264074,0.9979217,0.55146813,-0.482396,0.047448948,-0.5851391,-0.4344301,-0.4609544,0.150709,-0.4775333,-0.452214,-1.1467378,-0.520895,0.23495726,0.86964077,0.04786257,0.79875857,0.9780986,0.8670788,0.17934,0.8243776,0.90977997,0.4317303,-0.6702969,0.7585658,-0.052939694,0.1640889,-0.8310807,0.7607887,-0.09203886,1.5918694,-0.16606174,0.052773144,0.51086056,2.8504796,0.029727781
S7,1,0,-0.0024355208,0.78858554,-4.725502,3.0167234,0.021493563,7.7422256,-0.48680836,0.44975114,-0.43566972,3.9764328,0.621873,-0.454575,0.022001747,-0.5453522,-0.4320181,-0.44889802,0.11333412,-0.45733798,-0.44287005,-2.4956353,6.2824554,0.20712249,0.80473685,0.031272687,0.756059,0.875619,0.79875857,0.11956,0.7731395,0.8243776,0.3624043,-0.84449434,0.6485793,-0.03877532,0.23000273,-1.3956628,3.2188733,-0.0610833,4.6145363,-0.15649389,0.052773144,3.9533572,51.93307,0.054404784
S7,1,0,0.0012156847,0.6962426,-4.725502,3.0167234,-0.01873177,7.7422256,-0.4080507,0.38981947,-0.36773673,6.82953,0.4847552,-0.46143728,0.029402789,-0.5453522,-0.4320181,-0.45251533,0.11333412,-0.4609544,-0.44407538,-1.8043625,2.1105857,0.21378885,0.7634604,0.019441213,0.73897856,0.79875857,0.756059,0.05978,0.73897856,0.7731395,0.23240173,-1.1043702,0.5832498,-0.024058795,0.24538006,-1.3956628,3.2188733,-0.051569037,4.6145363,-0.15649389,0.07404369,3.2166035,39.614357,0.0607902
S7,1,0,0.0077789673,0.58071125,-3.224298,2.167522,-0.024691079,5.39182,-0.37554538,0.3780363,-0.09559125,3.08359,0.33728606,-0.46270326,0.020809647,-0.5453522,-0.43684208,-0.45854375,0.10851014,-0.46216106,-0.45492643,-2.9796789,8.3347025,0.2145273,0.73954785,0.014279193,0.7048176,0.7731395,0.73897856,0.06832188,0.73897856,0.756059,-0.062622584,0.07141638,0.54713494,-0.0394766,0.20136586,-1.1413912,1.1109737,-0.0777458,2.2523649,-0.137373,0.09293282,0.26827884,4.131443,0.042106614
S7,1,0,0.0027029752,0.5493782,-3.224298,2.167522,-0.0016664756,5.39182,-0.33972177,0.32027164,-0.17398995,4.1244507,0.30182374,-0.4775431,0.028236626,-0.55740947,-0.44528115,-0.46818903,0.11212832,-0.48386273,-0.4582423,-1.5131557,1.3252683,0.22884472,0.7344237,0.011612487,0.7048176,0.756059,0.73897856,0.051241398,0.7218981,0.73897856,-0.24796137,0.032720566,0.539513,-0.03772237,0.21135888,-1.1970172,1.6108192,-0.027803905,2.8078365,-0.137373,0.066956736,0.34515885,8.0883045,0.046095554
S7,1,0,-0.00582191,0.3765132,-1.2923986,1.6728991,0.023389708,2.9652977,-0.24498233,0.25600588,0.013546602,1.1604061,0.14179608,-0.4976276,0.026919596,-0.55740947,-0.45733798,-0.4874796,0.10007149,-0.50888026,-0.47903964,-0.8895132,-0.36145544,0.2483579,0.7717154,0.044543684,0.7218981,0.875619,0.756059,0.15372092,0.73897856,0.79875857,0.9403595,-0.39339352,0.5975286,-0.014264943,0.16465633,-1.1970172,1.6108192,0.005416197,2.8078365,-0.0539476,0.048043378,0.35580805,17.122522,0.027315196
S7,1,0,0.0051944884,0.3411759,-1.0207083,1.5851349,0.027588312,2.605843,-0.22006159,0.24401958,0.29708773,1.82763,0.116427995,-0.49861228,0.019273112,-0.55740947,-0.45733798,-0.49471334,0.10007149,-0.5031533,-0.48868537,-1.068567,1.4265008,0.24898566,0.873911,0.08105974,0.756059,1.0293399,0.875619,0.27328092,0.79875857,0.935399,0.19747572,-0.943629,0.77029127,-0.007828187,0.13614964,-0.8782802,0.5936779,0.005416197,1.4719582,-0.0539476,0.10708676,-0.563701,3.3718872,0.018598009
S7,1,0,-0.0007851387,0.41071457,-1.2141149,1.5851349,0.023931462,2.7992496,-0.2769459,0.25539643,0.1658737,0.91581655,0.16868706,-0.48743966,0.014551598,-0.5332949,-0.4609544,-0.4856716,0.07234052,-0.49471334,-0.4778343,-0.820823,0.55028653,0.23780918,1.0091283,0.07624035,0.875619,1.1147391,1.0378802,0.23912007,0.935399,1.0720395,-0.3314798,-1.4089264,1.0241526,-0.012098217,0.1282747,-0.8782802,0.427436,0.005416197,1.3057163,-0.0539476,0.048043378,-0.9257904,4.751582,0.016600763
S7,1,0,-0.006960302,0.38409787,-1.2141149,1.1709629,0.06618838,2.385078,-0.30152804,0.25512555,-0.20830037,0.011714697,0.14757964,-0.482205,0.008638468,-0.5115933,-0.4609544,-0.48265696,0.050638884,-0.48868537,-0.4778343,-0.15081896,0.4473393,0.2325963,1.1033533,0.037115924,1.0464205,1.1659805,1.0891199,0.11956,1.0720395,1.1318195,0.23624814,-1.1360005,1.2187659,0.001799725,0.08645196,-0.6042617,0.38100266,0.005416197,0.98526436,0.005416197,0.005416197,-1.6859446,9.529249,0.007477181
S7,1,0,0.002467654,0.3191701,-1.242557,0.7250983,0.0641568,1.9676554,-0.24559182,0.2304757,-0.40990588,-0.30394578,0.10187563,-0.48555082,0.007056672,-0.5115933,-0.47060102,-0.48506895,0.04099226,-0.4898916,-0.4802463,-0.41660315,0.91035485,0.2358094,1.1873304,0.067199126,1.0891199,1.3197013,1.1745207,0.2305814,1.1318195,1.2513795,0.27605456,-0.98673034,1.414269,0.010114833,0.084238276,-0.42870054,0.54533803,0.005416197,0.9740386,-0.0064412835,0.048043378,-0.36859617,5.676382,0.007198398
S7,1,0,-0.0059603085,0.33515874,-1.242557,0.9068572,0.015940573,2.1494143,-0.24545638,0.22783463,-0.30311373,-0.0029325485,0.1123669,-0.47823632,0.010358008,-0.5031533,-0.4537211,-0.4802463,0.049432218,-0.48537028,-0.47301167,0.5039107,-0.12774229,0.22881728,1.2602054,0.040024634,1.1830609,1.3197013,1.2684599,0.13664043,1.2257605,1.3026209,-0.46005708,-1.0697094,1.5897194,-0.019797254,0.13638154,-0.7716359,0.612061,-0.01593274,1.3836969,-0.0539476,0.048043378,-0.41132805,3.5639052,0.018991854
S7,1,0,-0.0013057261,0.55819416,-3.3892624,3.3574874,0.03354762,6.74675,-0.2904898,0.276254,0.07329168,7.319788,0.3115825,-0.60675186,0.20619063,-1.0162624,-0.44407538,-0.47903964,0.57218707,-0.8233542,-0.46939436,-0.9886943,-0.8403683,0.41066238,1.2103882,0.07439816,1.0720395,1.3026209,1.2086816,0.2305814,1.1488999,1.2855405,-0.17657652,-1.3523843,1.470575,-0.07322048,0.3323268,-2.3109965,4.1491685,-0.0539476,6.460165,-0.18521227,-0.02068075,4.0186357,61.865288,0.11580236
S7,1,0,0.0076725986,0.53072214,-3.3892624,3.3574874,0.07905507,6.74675,-0.23976795,0.23108515,0.05875849,9.410192,0.2817249,-0.8972359,0.22264941,-1.1066881,-0.44407538,-1.0102332,0.6626128,-1.052131,-0.8305881,1.1332644,-0.31901336,0.85460496,1.0768791,0.079432696,0.9268604,1.2001413,1.0720395,0.27328092,1.0122595,1.1488999,-0.14823583,-1.0395848,1.1659781,-0.11978995,0.31687045,-2.3109965,4.1491685,-0.111113,6.460165,-0.18521227,-0.07298297,5.035152,78.15016,0.1147565
S7,1,0,0.0019497427,0.30532768,-1.7686014,1.584593,0.05210274,3.3531945,-0.20821068,0.21747355,-0.2882327,5.3908606,0.09322879,-1.0871758,0.050013486,-1.1778232,-0.9849141,-1.0928223,0.19290906,-1.1314042,-1.0400742,0.21583444,-1.2057948,1.1844528,0.96899045,0.05217711,0.90977997,1.0720395,0.935399,0.16225952,0.9268604,1.0122595,0.73399836,-0.91926,0.9416647,-0.1365723,0.27359092,-3.1656508,3.0949757,-0.17802869,6.260627,-0.17802869,-0.10872759,2.231896,54.5441,0.093504004
S7,1,0,0.0009946178,0.3585409,-2.867552,1.584593,0.047904138,4.452145,-0.18464433,0.1907244,-0.9352062,12.830312,0.12855259,-1.0674629,0.06247722,-1.1778232,-0.9632125,-1.035553,0.2146107,-1.1314042,-1.0114393,-0.19710816,-1.6382525,1.1433808,0.9291372,0.013217271,0.90977997,0.9610181,0.9268604,0.05123812,0.9268604,0.935399,0.89835256,1.1622701,0.86347044,-0.09661679,0.31733304,-3.6579716,3.0949757,-0.12781997,6.7529473,-0.17802869,-0.07298297,-0.07920658,45.83526,0.11003507
S7,1,0,-0.0029063015,0.30302954,-2.867552,1.5640064,0.024744097,4.4315586,-0.16940747,0.15537485,-1.3627497,20.1968,0.09183534,-0.9866226,0.033648763,-1.0596666,-0.89690036,-0.98431146,0.16276628,-1.0126451,-0.96080095,0.23027027,-0.57206917,0.9745562,0.92002773,0.01769497,0.8926995,0.9610181,0.9268604,0.068318605,0.90977997,0.9268604,0.27147472,-0.018022299,0.84676427,-0.04284494,0.19775943,-3.6579716,1.4595169,-0.01593274,5.1174884,-0.10872759,0.010157364,-5.5995374,121.87317,0.04094449
S7,1,0,-0.0007626998,0.20886052,-0.49330944,0.74947727,0.011741969,1.2427866,-0.16933975,0.16207908,-0.03215942,-0.48377705,0.04362329,-0.9306489,0.033008706,-0.9897368,-0.87519777,-0.92221934,0.11453903,-0.96080095,-0.8981057,-0.15929656,-1.3561403,0.86719716,0.91860443,0.020025812,0.8926995,0.9780986,0.90977997,0.08539909,0.90977997,0.9268604,0.84393716,0.9291477,0.8442349,-0.018546341,0.14011042,-0.76916265,0.82678187,-0.013559877,1.5959445,-0.11588495,0.09293282,-0.07186553,4.01867,0.019974895
S7,1,0,0.0005327165,0.18826525,-0.41990158,0.45611677,0.025692169,0.87601835,-0.16141658,0.15490082,-0.21007039,-1.0465217,0.03544409,-0.8951921,0.024565749,-0.9535672,-0.85228944,-0.8944884,0.10127777,-0.9176979,-0.87519777,-0.2524639,-0.8897252,0.8019723,0.97354484,0.05528997,0.8926995,1.0720395,0.96955836,0.17934,0.9268604,1.0293399,0.36882776,-1.1860774,0.95084655,-0.029619187,0.12784278,-0.49677473,0.4552422,-0.01593274,0.95201695,-0.12781997,0.10472872,0.103497535,-0.46996355,0.017221076
S7,1,0,-0.00021417266,0.30124906,-1.8062534,2.6773136,0.020003738,4.483567,-0.15931727,0.1527338,1.3528887,23.512682,0.09075106,-0.90501827,0.039610896,-1.0054104,-0.85228944,-0.88906306,0.153121,-0.93427616,-0.87489635,-0.8079921,-0.29722285,0.8206272,1.0615069,0.050363667,0.9610181,1.1318195,1.0720395,0.1708014,1.0293399,1.1147391,-0.47625455,-0.95833087,1.1293333,-0.048760336,0.22830346,-2.2005382,2.4394996,-0.09680511,4.6400375,-0.12781997,0.04331133,0.21854143,37.721504,0.054500047
S7,1,0,-0.002777355,0.42211428,-2.1264307,2.6773136,0.015805133,4.8037443,-0.20184506,0.20020512,0.3275118,8.73818,0.17818819,-0.9658146,0.057782598,-1.0584613,-0.8679641,-0.9662262,0.19049722,-1.0213864,-0.9167943,0.14617431,-1.4076488,0.9361366,1.1434914,0.046645317,1.0720395,1.2172219,1.1318195,0.14518237,1.1147391,1.1830609,0.15040223,-1.3262817,1.3097485,-0.060740914,0.36029065,-2.8607612,3.71756,-0.09680511,6.5783215,-0.19958857,0.05040826,1.1135498,31.391716,0.13349883
S7,1,0,0.0009805056,0.81894433,-4.28966,4.007865,0.02880726,8.297525,-0.30863857,0.33110672,-0.45174044,5.3783817,0.6706708,-0.9316236,0.08675903,-1.0584613,-0.81129724,-0.92704177,0.24716407,-1.0213864,-0.8317931,0.07568996,-1.5953374,0.8754498,1.1953017,0.025495142,1.1318195,1.2257605,1.2001413,0.09394097,1.1830609,1.2172219,-0.67785686,-0.35249376,1.4293962,-0.060884856,0.3284092,-2.8607612,3.71756,-0.067033134,6.5783215,-0.19958857,0.04094531,1.5425208,38.453323,0.11155956
S7,1,0,-0.001957672,0.8341754,-4.28966,4.007865,0.04654975,8.297525,-0.34791583,0.36916506,-0.40564728,4.8143897,0.69585246,-0.84549814,0.032957055,-0.92824733,-0.77994895,-0.8354104,0.14829838,-0.85349613,-0.8245598,-1.1835201,0.7977388,0.71595323,1.1873307,0.025020193,1.1488999,1.2257605,1.1830609,0.07686055,1.1659805,1.2172219,0.25845265,-1.1635989,1.4103805,-0.03944954,0.1870038,-1.1186852,1.247113,-0.02068075,2.3657982,-0.11588495,0.03384496,0.54543453,9.505167,0.036526687
S7,1,0,-0.0017662232,0.46517968,-2.1383495,2.1401634,0.03950693,4.278513,-0.32854807,0.28329682,0.087747425,1.7338753,0.21639524,-0.8246902,0.022413734,-0.8595241,-0.7558366,-0.8263678,0.103687465,-0.8438504,-0.8149145,0.8113414,0.46519685,0.6806163,1.152316,0.025103051,1.1147391,1.1830609,1.1659805,0.068321824,1.1318195,1.1659805,-0.41075704,-1.3017912,1.3284625,-0.044948388,0.23880248,-1.6536973,2.173285,-0.02068075,3.8269823,-0.13976182,0.03384496,0.5262645,22.052235,0.059046976
S7,1,0,0.005308906,0.37817702,-0.8522223,1.5344808,0.013502672,2.386703,-0.2801287,0.24916625,0.5049694,0.8529904,0.14304605,-0.8172754,0.016737783,-0.8438504,-0.7558366,-0.82214785,0.08801377,-0.82697046,-0.8149145,1.7632308,2.799038,0.66821915,1.104492,0.038407706,1.0464205,1.1830609,1.1147391,0.13664043,1.0635009,1.1318195,0.3512037,-0.8681271,1.2213777,-0.050816145,0.2333429,-1.6536973,2.173285,-0.07060327,3.8269823,-0.15649389,0.08644222,0.65977234,24.091593,0.05703119
S7,1,0,0.0017485578,0.34647697,-0.97682613,1.4935782,0.015398817,2.4704044,-0.2239216,0.22620937,0.26513404,1.463099,0.12004936,-0.817396,0.015935393,-0.8438504,-0.76427567,-0.8215452,0.079574704,-0.8245598,-0.8173252,2.2446938,4.4679193,0.66839004,1.0694782,0.015923228,1.0293399,1.1147391,1.0720395,0.08539915,1.0635009,1.0720395,0.2245567,1.3541632,1.144037,-0.03923867,0.152099,-0.91313887,0.7174317,-0.059894018,1.6305707,-0.12065805,0.07404454,0.17752068,2.9801984,0.024673777
S7,1,0,-0.003744333,0.31747395,-0.97682613,1.3933535,0.009439508,2.3701797,-0.1966984,0.19830897,-0.07075846,1.0883613,0.100803725,-0.8109656,0.018840976,-0.8366162,-0.74377936,-0.8185314,0.09283686,-0.82214785,-0.81009144,1.7500092,2.2848897,0.65802014,1.0686241,0.011156359,1.0293399,1.0891199,1.0720395,0.05978,1.0635009,1.0720395,-1.1160092,3.805933,1.1420817,-0.030399682,0.16144854,-0.5993621,0.7174317,-0.058704734,1.3167938,-0.101573646,0.07404454,0.42175224,1.991631,0.02698977
S7,1,0,-0.0032317797,0.30449864,-0.84247077,1.8194441,-0.0018019143,2.6619148,-0.21085176,0.17386225,0.71715575,3.3440924,0.092729874,-0.8060726,0.019850593,-0.8354104,-0.74377936,-0.81250346,0.091631055,-0.8188329,-0.8010488,1.2850349,0.6821234,0.650147,1.0632156,0.011347204,1.0464205,1.0891199,1.0635009,0.042699456,1.0635009,1.0720395,0.14628878,0.015841484,1.1305563,-0.025906961,0.15286557,-0.5993621,0.56607014,-0.03493048,1.1654322,-0.101573646,0.07404454,0.22364634,1.3315649,0.024039054
S7,1,0,0.0012619683,0.29761305,-0.766625,1.8194441,0.0080851205,2.586069,-0.19974576,0.18754157,0.68819946,3.562749,0.088575125,-0.79614586,0.020331977,-0.8305878,-0.73172206,-0.7974317,0.09886575,-0.81250346,-0.78537524,0.98187375,0.99026847,0.63426155,1.0603691,0.01113096,1.0464205,1.0891199,1.0635009,0.042699456,1.0464205,1.0635009,0.15861401,-0.44988918,1.1245064,-0.013122772,0.12771364,-0.5333472,0.82223684,0.005416197,1.355584,-0.08250863,0.005416197,0.22400375,3.8213887,0.01648298
S7,1,0,0.002466386,0.25903696,-0.75551903,0.63516694,0.020545492,1.390686,-0.18207099,0.20298159,-0.24828866,-0.47606325,0.06710623,-0.7722031,0.027373416,-0.8305878,-0.72810566,-0.78356624,0.10248214,-0.7920062,-0.74136734,0.30008683,-1.3506309,0.5970469,1.0899739,0.030181022,1.0464205,1.1488999,1.0805798,0.10247946,1.0635009,1.1147391,0.41124,-1.0096498,1.1889539,-0.0033086052,0.11740708,-0.5553255,0.82223684,0.005416197,1.3775623,-0.03493048,0.07404454,-0.11228307,4.9324994,0.013795372
S7,1,0,0.001902762,0.2642096,-0.75551903,0.6649634,0.00578266,1.4204824,-0.18315451,0.21537426,-0.22675547,-0.4890039,0.06981032,-0.76168364,0.023258777,-0.81129724,-0.72810566,-0.76487875,0.08319157,-0.78356624,-0.73775136,-0.04256126,-1.5422257,0.5807029,1.1494694,0.0446452,1.0720395,1.2684599,1.1488999,0.19642043,1.1147391,1.1830609,0.5333613,-0.054611444,1.3232731,-0.011824554,0.14312357,-0.5553255,0.6831352,0.005416197,1.2384608,-0.10872759,0.085851856,-0.10860189,0.50811005,0.020624174
S7,1,0,-0.002407015,0.41829672,-3.645513,3.1356387,0.013502672,6.781152,-0.21708193,0.20650302,-0.25161096,18.828547,0.17497794,-0.8183202,0.060554773,-0.92221934,-0.72810566,-0.7920062,0.19411367,-0.8839393,-0.7721126,-0.28368184,-1.4245621,0.6733149,1.2192134,0.046706945,1.1488999,1.3026209,1.2172219,0.15372097,1.1830609,1.2684599,-0.036206737,-1.1758474,1.4886622,-0.037111234,0.24935445,-1.7999026,2.458389,-0.08250863,4.2582917,-0.15171167,0.085851856,1.7766292,22.34278,0.06355488
S7,1,0,0.0007100535,0.42266536,-3.645513,3.1356387,0.047768697,6.781152,-0.23712689,0.22187534,-0.27970323,17.956709,0.1786465,-0.9042648,0.048768304,-0.9668289,-0.74136734,-0.91860294,0.22546154,-0.9366873,-0.88454247,1.2083926,1.0558953,0.8200732,1.225476,0.036197063,1.1659805,1.3026209,1.2172219,0.13664043,1.2001413,1.2684599,0.50642884,-0.94582844,1.5031021,-0.057345834,0.24342531,-1.7999026,2.458389,-0.058704734,4.2582917,-0.17802869,0.029109493,2.0885417,25.69961,0.06254442
S7,1,0,0.0018406868,0.27194443,-0.6628789,0.699094,0.06049995,1.3619728,-0.21945211,0.23223639,-0.38117775,-0.89623547,0.07395716,-0.9610522,0.02384168,-1.0029994,-0.9149856,-0.96502066,0.08801383,-0.9828048,-0.9366873,0.21709028,-1.328613,0.9241896,1.1998565,0.012567555,1.1659805,1.2257605,1.2001413,0.05978,1.2001413,1.2001413,-0.3190672,0.50057983,1.439814,-0.06735106,0.12334617,-0.69267917,0.85402477,-0.058704734,1.5467039,-0.16845512,0.029109493,0.52230436,4.676647,0.01975044
S7,1,0,-0.0038631212,0.24734077,-0.5753854,0.46343046,0.053863443,1.0388159,-0.20834613,0.21246232,-0.45329958,-1.0035409,0.061192382,-0.98426133,0.009498573,-1.0150558,-0.9644178,-0.9849141,0.05063796,-0.99094343,-0.97647417,-0.05167857,0.07137275,0.96886075,1.2115281,0.014346539,1.1830609,1.2513795,1.2172219,0.068318605,1.2001413,1.2172219,0.22638299,0.3655231,1.4680057,-0.07623455,0.11035539,-0.3391303,0.20586908,-0.037306763,0.54499936,-0.16845512,-0.013559877,-0.20613644,-0.5706973,0.017990021
S7,1,0,0.0005483759,0.26465017,-0.71272033,0.48645502,0.05345713,1.1991754,-0.21491492,0.22438094,-0.41890192,-0.9012375,0.07004,-0.9942182,0.010475278,-1.0150558,-0.9704462,-0.99516296,0.044609547,-1.0017941,-0.9861208,0.35892448,-0.6113756,0.9885797,1.2086811,0.0165007,1.1830609,1.2513795,1.2086816,0.068318605,1.2001413,1.2172219,0.16626541,-0.26415586,1.4611827,-0.0654783,0.11456981,-0.36087722,0.20586908,-0.013559877,0.5667463,-0.1493217,-0.013559877,-0.48522633,-0.6358807,0.017413652
S7,1,0,0.0019543988,0.2960912,-0.71272033,0.5582377,0.05955188,1.270958,-0.24708164,0.25465152,-0.39508453,-1.023991,0.08767381,-1.0063955,0.0068979063,-1.029525,-0.99094343,-1.0078225,0.03858161,-1.0114393,-1.0017941,0.2459039,0.3163321,1.0128796,1.202988,0.013107226,1.1830609,1.2257605,1.2001413,0.042699575,1.2001413,1.2172219,-0.016447332,-0.9521785,1.4473519,-0.072302274,0.11469832,-0.4821658,0.29947236,-0.1493217,0.78163815,-0.1493217,0.036212124,0.27264148,-0.6994941,0.018383324
S7,1,0,-0.0057932693,0.47357562,-1.6989859,2.762911,0.025556728,4.461897,-0.29611048,0.25485468,0.6782919,5.089308,0.2243074,-0.9937861,0.051258214,-1.0741346,-0.8317931,-1.0102332,0.24234146,-1.0141518,-1.0054104,1.8884083,2.6123405,0.9902383,1.2095357,0.009947269,1.1830609,1.2257605,1.2172219,0.042699575,1.2001413,1.2172219,-0.57469994,-0.5831282,1.4630753,-0.056212325,0.51078063,-3.2657387,3.5326045,-0.101573646,6.798343,-0.1493217,0.03384496,0.40552005,16.80628,0.26405665
S7,1,0,0.002161647,0.45249376,-1.6989859,2.762911,0.027317435,4.461897,-0.23672056,0.22207847,0.76519495,6.537407,0.20475529,-1.0648502,0.10407292,-1.2078799,-0.8317931,-1.0735319,0.37608677,-1.1573261,-1.0078225,0.50890076,-0.6630449,1.1447371,1.1540247,0.06404514,1.0293399,1.2172219,1.191601,0.18788195,1.0720395,1.2172219,-0.4690844,-1.4228047,1.3358749,-0.054534715,0.50995344,-3.2657387,3.5326045,-0.0610833,6.798343,-0.16127723,-0.0064412835,0.390604,16.931965,0.26302657
S7,1,0,0.0030817871,0.23356673,-0.6409378,0.47697437,0.03828798,1.1179122,-0.17814328,0.19966336,-0.41964534,-0.78568316,0.054562915,-1.2004967,0.056037333,-1.2874539,-1.0705173,-1.2084827,0.21693659,-1.2524897,-1.1573261,0.40875348,-0.92097807,1.4443321,1.050405,0.057910305,0.9780986,1.1830609,1.0464205,0.20496231,0.995179,1.0720395,0.61379457,-0.5828135,1.106704,-0.10881757,0.107026085,-0.616516,0.37867883,-0.059894584,0.9951948,-0.16127723,-0.0064412835,-0.39512327,-0.14285874,0.023295846
S7,1,0,0.0005559941,0.23946194,-0.6189967,0.46288872,0.0544052,1.0818853,-0.19141628,0.19878301,-0.46624655,-0.86569643,0.05734233,-1.2848821,0.040893577,-1.3392982,-1.2090855,-1.2874539,0.13021278,-1.3236246,-1.2524897,0.31881368,-1.3672049,1.6525943,0.9812303,0.029949993,0.935399,1.0464205,0.9780986,0.11102146,0.9610181,0.995179,0.27799204,-0.24378324,0.9637097,-0.09757651,0.10808132,-0.40444967,0.21993865,-0.07060327,0.62438834,-0.16127723,-0.023054754,-0.14711142,-0.6529336,0.021202743
S7,1,0,-0.004870166,0.94624823,-8.389665,6.4305944,0.08149296,14.820259,-0.20489244,0.22512586,-2.9540749,33.473938,0.89540946,-1.3076493,0.06168841,-1.36944,-1.0921353,-1.3272411,0.27730465,-1.3392982,-1.318802,2.0153537,2.9660225,1.7137523,0.9456473,0.020256773,0.9268604,0.995179,0.935399,0.068318605,0.9268604,0.9610181,0.84040004,-0.6201234,0.89465886,0.079550624,1.1748807,-6.840347,11.264715,-0.01593274,18.105062,-0.11588495,0.04094531,3.380762,31.032253,1.386673
S7,2,1,0.0018044219,1.4736116,-4.5987315,6.885398,-0.12586388,11.484129,-0.80644405,0.85457784,0.2213073,1.3167415,2.1715345,0.9673519,0.13338865,0.7148916,1.2522064,0.95159805,0.53731483,0.85082054,1.0764786,0.030008728,-1.0885469,0.9535623,0.24109389,0.013796469,0.21803574,0.26073527,0.23511621,0.04269953,0.23511621,0.26073527,0.3499887,-0.96625876,0.058316596,0.15099448,2.9798272,-10.041492,23.571669,-0.063463,33.61316,-0.5162716,0.36065373,3.056294,18.607153,8.902169
S7,2,1,-0.008791268,2.0076652,-7.268231,10.650868,-0.093764886,17.9191,-0.8284528,0.8327044,0.46649534,4.5311995,4.0307975,1.0546963,0.123835824,0.77114093,1.3016387,1.056284,0.5304978,0.94053876,1.1391737,0.019152516,-0.8085563,1.1277195,0.22572212,0.012923227,0.19241667,0.26073527,0.22657597,0.068318605,0.21803574,0.23511621,-0.0034514219,0.69116783,0.051117487,0.21767546,3.019215,-10.591979,22.39558,-0.037306763,32.98756,-0.45905975,0.36937666,2.8473313,17.712168,9.163043
S7,2,1,0.0037132641,2.1150057,-7.268231,10.650868,-0.054758497,17.9191,-0.9830563,1.0018675,0.3852083,3.3480105,4.4732633,1.0553292,0.11763835,0.8290144,1.3016387,1.050858,0.4726243,0.9408405,1.135858,0.16369642,-0.77993107,1.1275585,0.21547438,0.012107138,0.19241667,0.26073527,0.21803574,0.068318605,0.20949714,0.21803574,1.5216306,4.873831,0.046575792,0.1320801,2.5645163,-10.591979,22.39558,-0.01593274,32.98756,-0.351209,0.28779733,2.967762,21.457247,6.594188
S7,2,1,0.00838619,1.7153945,-6.7703576,8.3847065,-0.002885425,15.155064,-0.8792424,0.89832455,0.2092277,2.1234217,2.9426486,1.0380278,0.11194738,0.8290144,1.3257524,1.0134823,0.49673796,0.9483751,1.1045108,0.6671375,-0.1591227,1.090034,0.20579599,0.010028001,0.19241667,0.21803574,0.20949714,0.025619075,0.19241667,0.20949714,-0.3455926,-1.4178741,0.042452555,0.113128506,2.6806278,-11.1238165,21.295296,-0.025428759,32.419113,-0.36813265,0.32280192,3.0211499,21.471104,7.198563
S7,2,1,-0.0065649906,1.8872616,-6.9559093,8.3847065,-0.023607567,15.340616,-0.96334994,0.936112,0.21450175,1.9456053,3.5617995,1.1135432,0.14036189,0.90256023,1.4402913,1.0719572,0.53773105,0.99419135,1.2431636,0.42948347,-1.1690737,1.2596802,0.19013914,0.014278982,0.15825574,0.21803574,0.19241667,0.05978,0.17533621,0.19241667,0.12590373,-0.40294743,0.03635679,0.21515241,3.15969,-11.1238165,21.295296,0.010156794,32.419113,-0.49677473,0.43439153,2.139621,11.824685,10.029929
S7,2,1,0.00036539335,1.7616924,-6.9559093,6.706077,-0.018190013,13.661986,-0.9166913,0.8711691,0.03397986,1.6719718,3.10356,1.1530393,0.1709081,0.7180923,1.4993693,1.1039082,0.78127694,1.0300605,1.3022417,0.010137747,-0.580359,1.358709,0.17476685,0.012064285,0.15825574,0.19241667,0.17533621,0.034160927,0.15825574,0.17533621,0.047088403,-0.99556065,0.030689005,0.2351999,3.1238842,-9.865498,23.650597,0.010157364,33.516094,-0.48460025,0.4367108,2.6542354,16.017008,9.813973
S7,2,1,0.0038441906,1.7162343,-6.884126,8.06805,0.0023966895,14.952177,-0.84490865,0.71690416,0.27027458,2.9820566,2.9454749,1.2108079,0.21905835,0.7180923,1.7773433,1.1274188,1.059251,1.0363903,1.4080396,0.09455439,-0.89751124,1.5140421,0.168504,0.012157964,0.14117528,0.19241667,0.17533621,0.051241383,0.15825574,0.17533621,0.19964601,-0.39058113,0.028541423,0.32345057,3.8136365,-13.440821,23.650597,-0.01593274,37.091415,-0.5944635,0.5332337,2.201209,11.68545,14.648442
S7,2,1,0.0032588372,2.3561714,-7.7019057,16.277267,-0.06044693,23.979174,-1.0465094,0.7806282,1.085599,6.363081,5.5515537,1.3407898,0.19802967,0.9242628,1.7773433,1.3908591,0.85308045,1.1575606,1.5117279,-0.29841787,-1.1070887,1.836933,0.16964273,0.014176671,0.14117528,0.19241667,0.17533621,0.051241383,0.15825574,0.17533621,-0.01295774,-0.6430814,0.028979631,0.21256565,3.351847,-13.440821,22.870636,-0.037306763,36.311455,-0.38023072,0.3385334,2.2128649,14.031748,11.280062
S7,2,1,-0.00500631,2.2520342,-7.7019057,16.277267,0.03354762,23.979174,-0.9480454,0.7806282,1.0978935,7.4796515,5.071683,1.3246473,0.17665283,1.0472413,1.6018523,1.2714965,0.55461097,1.1557523,1.5126319,0.17935757,-1.5424563,1.7858965,0.16053313,0.016927956,0.14117528,0.19241667,0.15825574,0.051241383,0.14117528,0.17533621,0.5527503,-0.7114098,0.026057443,0.046140358,2.0488636,-7.681585,22.870636,-0.025428759,30.552221,-0.27163425,0.23107064,5.4112186,52.494083,4.1999717
S7,2,1,0.03518361,1.3858488,-6.28955,6.0871215,0.11291478,12.376671,-0.5678685,0.6604939,0.0018786276,2.6774664,1.9218148,1.2075963,0.12619096,1.0472413,1.5656818,1.1726314,0.5184405,1.126816,1.2332169,1.475508,1.4804573,1.4742126,0.1354818,0.016103618,0.10701434,0.15825574,0.14117528,0.051241398,0.124094814,0.14117528,-0.00884191,-0.9937494,0.018614642,0.015964393,1.7507557,-9.707558,20.68511,-0.025428759,30.392668,-0.16606174,0.12829773,5.393796,67.31226,3.0654001
S7,2,1,-0.022523368,1.976086,-9.53331,12.477668,0.08298279,22.010979,-0.75165904,0.7802896,-0.0016795025,9.345837,3.9054236,1.2736878,0.19787897,1.0231277,1.7773433,1.1985538,0.7542156,1.1346524,1.3765901,1.085139,-0.05980444,1.6614369,0.1144161,0.015393027,0.081395276,0.14117528,0.124094814,0.05978001,0.10701434,0.124094814,-1.0298915,0.23079205,0.01332799,0.29330653,3.3733742,-13.747528,23.53373,-0.025428759,37.281258,-0.24518496,0.30764228,2.2627308,12.879661,11.465683
S7,2,1,-0.03933697,2.2123237,-9.53331,12.477668,0.011471091,22.010979,-1.0312725,1.052454,0.028012432,5.4972954,4.895923,1.3836998,0.20272188,1.0219223,1.7773433,1.3676819,0.7554209,1.2262845,1.5548956,0.1457259,-1.1183952,1.9557213,0.094774485,0.018668504,0.07285667,0.124094814,0.081395276,0.051238142,0.081395276,0.10701434,0.46531063,-1.3723017,0.009330716,0.49102333,4.1145988,-13.747528,23.53373,0.029108923,37.281258,-0.94369763,1.1299982,1.7211447,6.816045,17.171028
S7,2,1,0.014953277,1.7695578,-5.99348,6.4652667,0.011200214,12.458747,-1.0786084,1.009249,0.13696595,0.5678878,3.1315587,1.3347217,0.19254768,1.0002198,1.7628753,1.3354633,0.7626555,1.1792626,1.494547,0.08786431,-1.0199084,1.8185567,0.08452675,0.014029176,0.05577621,0.124094814,0.081395276,0.068318605,0.081395276,0.081395276,1.0259441,0.89461946,0.0073415884,0.24378714,3.0684783,-9.193587,21.696249,0.014897392,30.889835,-0.653329,0.6871387,1.9239227,10.418556,9.474992
S7,2,1,-0.008605317,1.8126112,-8.343886,7.5352335,-0.068031505,15.87912,-1.1372534,0.9272407,0.35239074,1.8238206,3.2856333,1.3618964,0.23549181,0.8531267,1.9509606,1.3411571,1.0978339,1.143695,1.5379512,0.2673997,-0.61822224,1.910218,0.08936583,0.016192961,0.05577621,0.124094814,0.081395276,0.068318605,0.081395276,0.10701434,0.5358045,-0.4567325,0.008248464,0.13145727,2.5649679,-9.096797,20.742716,-0.04087176,29.839512,-0.37780994,0.32280192,2.5535188,17.417166,6.596341
S7,2,1,0.009282764,2.0026052,-8.343886,7.5352335,-0.084825926,15.87912,-1.2123542,1.0431087,0.23713627,1.3772812,4.0105143,1.4434532,0.22740053,0.8531267,1.9509606,1.5033207,1.0978339,1.2540148,1.5799141,-0.23324245,-0.4440868,2.1352684,0.085949965,0.012615085,0.07285667,0.124094814,0.081395276,0.051238142,0.081395276,0.081395276,1.5170212,1.24821,0.007546535,0.22157672,3.0582101,-10.457629,21.657654,-0.0610833,32.115284,-0.36087722,0.2948042,2.9736302,17.501814,9.401745
S7,2,1,0.011214179,1.7763453,-6.280069,6.2296033,0.032328673,12.509672,-0.91303444,0.95243233,0.06232455,1.262835,3.1555283,1.3574375,0.18533586,0.9049709,1.7978396,1.3372064,0.89286876,1.2302021,1.5111902,0.14784932,-0.3846569,1.8769859,0.07200195,0.010424046,0.05577621,0.081395276,0.07285667,0.025619067,0.05577621,0.081395276,-0.688464,-1.1487988,0.00529294,0.20101151,2.6761732,-10.457629,21.657654,-0.07298297,32.115284,-0.21637422,0.16124532,3.7355042,25.44387,7.202309
S7,2,1,-0.013086794,1.96675,-8.048087,9.342258,-0.029296,17.390347,-0.9653815,1.0085717,0.06382497,2.9605427,3.8682764,1.335749,0.21241699,0.7856097,1.8774143,1.3185186,1.0918046,1.1789616,1.4879164,0.2868343,-0.30235076,1.8293464,0.056060832,0.015667355,0.021615276,0.081395276,0.05577621,0.05978,0.03869574,0.07285667,-0.4702451,-0.5164373,0.0033882828,0.28561026,2.8536901,-11.365029,21.003706,-0.063463,32.368736,-0.2331747,0.18944147,2.7180061,15.9522,8.2251215
S7,2,1,0.0003969848,2.3262837,-8.048087,10.604819,-0.13724074,18.652906,-1.3362807,1.150918,0.42201173,2.6407065,5.4115963,1.4174697,0.22208022,0.7856097,1.8774143,1.446051,1.0918046,1.2555864,1.602219,-0.3574709,-0.6094196,2.0585403,0.04666663,0.013758936,0.021615276,0.07285667,0.03869574,0.051241398,0.03869574,0.05577621,0.10826797,-0.46894312,0.0023670823,0.4799468,4.0210724,-14.236121,24.960466,0.030292505,39.196587,-0.769781,1.175809,1.3694533,6.40351,16.39937
S7,2,1,0.028201735,1.9052811,-7.679694,10.604819,-0.08997259,18.284513,-1.0253133,0.8761803,0.69907045,4.3646746,3.6308908,1.354666,0.27571142,0.48099008,1.7881938,1.3725047,1.3072038,1.1925907,1.5949843,-0.73572993,0.34415436,1.9111369,0.04666663,0.0105598485,0.021615276,0.07285667,0.03869574,0.051241398,0.03869574,0.05577621,0.12663968,-0.2806933,0.0022892845,0.3975705,3.8296173,-14.236121,24.960466,0.031477228,39.196587,-1.0834429,1.2454454,1.6489025,8.63616,14.82403
S7,2,1,-0.003315866,1.3176676,-6.359165,5.5069017,-0.041214615,11.866067,-0.6794024,0.52017933,0.31615943,2.5914755,1.7362589,1.2838234,0.26583093,0.48099008,1.7881938,1.2835536,1.3072038,1.153341,1.4346296,-0.44131783,0.43169975,1.7188687,0.04894403,0.0113299,0.03869574,0.07285667,0.047235973,0.03416093,0.03869574,0.05577621,0.6578405,-0.6281016,0.0025238842,0.21879159,2.7231495,-9.041918,23.60852,0.017266836,32.650436,-0.38144112,0.4367091,3.0246658,21.981676,7.4634123
S7,2,1,-0.009130422,0.8230256,-3.5772517,4.8340416,0.009845825,8.411293,-0.19209348,0.117316544,0.97435045,8.246524,0.67745435,1.2956576,0.13335216,0.62284344,1.6640091,1.2811424,1.0411656,1.2482877,1.3221354,-0.7838157,5.9411287,1.6965116,0.039834443,0.015234737,0.00453481,0.07285667,0.03869574,0.06832186,0.03869574,0.05577621,0.15115625,0.08126998,0.0018188797,0.040451925,1.3633816,-9.041918,22.48,0.017266836,31.521917,-0.10872759,0.017266836,4.4124665,90.36831,1.8604456
S7,2,1,0.004578806,0.4271311,-1.7369088,1.4464456,0.0086268755,3.1833544,-0.19676611,0.14088291,0.017052606,2.1135492,0.18246193,1.4390874,0.1899452,1.2244755,2.1161375,1.4147036,0.891662,1.2805395,1.5051616,1.2352645,1.3298168,2.1070516,0.018199185,0.0148904035,-0.0125456555,0.03869574,0.021615276,0.051241398,0.00453481,0.03869574,0.0965957,-1.1523545,0.0005529344,-0.029741075,0.14076848,-0.7889529,0.4506105,0.017266836,1.2395633,-0.10872759,0.017266836,-0.5157225,2.0653105,0.020700298
S7,2,1,-0.0063501205,0.5815623,-2.1540601,2.2425551,-0.028077047,4.396615,-0.33789337,0.36428925,-0.14015085,0.7718792,0.338255,1.589238,0.16889682,1.3264207,2.1161375,1.5561014,0.78971684,1.455428,1.7047014,0.8618657,0.48885512,2.5542037,-0.002297376,0.014358432,-0.029626122,0.021615276,0.00453481,0.051241398,-0.0125456555,0.00453481,-0.4848091,-0.39302254,0.00021144252,-0.040223908,0.20156464,-1.0381904,0.9558493,0.017266836,1.9940397,-0.23077446,0.036212124,-0.13072465,1.3582711,0.04224627
S7,2,1,0.0014703403,0.8019178,-2.6979825,3.4503984,0.041944828,6.148381,-0.40689948,0.47006696,-0.05836202,1.4128208,0.6430743,1.6056561,0.15393968,1.3215976,2.1149323,1.5916688,0.7933347,1.4879802,1.7080166,0.41989186,-0.16576147,2.6018293,-0.030479329,0.02388622,-0.063783795,0.00453481,-0.029626122,0.068318605,-0.05524519,-0.0125456555,0.0022486707,-1.3827478,0.0014995412,-0.041668303,0.22910617,-1.0381904,0.9558493,-0.063463,1.9940397,-0.21397513,0.100011505,-0.020302517,0.7801342,0.054225884
S7,2,1,0.017927287,0.8209441,-2.6979825,3.4503984,0.036527276,6.148381,-0.41888577,0.45672625,0.0046332055,1.3157673,0.6742706,1.6151897,0.1338279,1.3215976,1.9316696,1.608549,0.610072,1.5193282,1.7022895,0.17304428,-0.43426132,2.6267471,-0.055244748,0.01479105,-0.08086426,-0.0125456555,-0.05524519,0.068318605,-0.063783795,-0.05524519,1.0777464,1.1557827,0.0032707579,-0.04044257,0.2193331,-0.76916265,0.6808456,-0.051569037,1.4500083,-0.19479495,0.07168308,-0.05242509,0.19121194,0.049742613
S7,2,1,-0.009710973,1.1570077,-3.7636156,4.471878,0.02433778,8.235494,-0.51734984,0.5595243,-0.04122943,1.9549713,1.3387611,1.5888959,0.115495756,1.3698249,1.9907475,1.5603207,0.62092257,1.5090802,1.6516509,1.0498255,0.81835556,2.5379293,-0.06264563,0.009794754,-0.08086426,-0.029626122,-0.063783795,0.051238135,-0.063783795,-0.05524519,0.5331482,2.9881215,0.004020413,-0.047771327,0.22556816,-1.1843592,0.8698994,-0.051569037,2.0542586,-0.19239928,0.07168308,-0.15528786,1.7710738,0.053163096
S7,2,1,-0.016673379,1.2428879,-3.7636156,4.471878,0.014721623,8.235494,-0.7182734,0.73159933,-0.020227695,1.0109258,1.5450481,1.556212,0.08691498,1.3698249,1.9907475,1.5561013,0.62092257,1.5000372,1.5847367,1.6164052,5.210594,2.4293501,-0.06919277,0.011973069,-0.09794473,-0.05524519,-0.063783795,0.04269954,-0.08086426,-0.063783795,-1.3227099,0.68646026,0.0049309935,-0.048494592,0.21327753,-1.1843592,0.8698994,-0.025428759,2.0542586,-0.19239928,0.07168308,-0.030158145,2.9425392,0.04783903
S7,2,1,0.022478601,0.867828,-2.8355885,3.146474,0.008897753,5.9820623,-0.4742803,0.51767373,-0.009200348,0.7095058,0.75363076,1.5899005,0.05831971,1.4156398,1.7086201,1.5922718,0.2929803,1.5612258,1.6254276,-0.47960183,0.2677071,2.531185,-0.09168189,0.022262925,-0.13210566,-0.063783795,-0.09794473,0.06832187,-0.11502519,-0.063783795,-0.068375394,-1.2444584,0.008901207,-0.04055055,0.17137395,-0.6902173,0.79267466,-0.025428759,1.482892,-0.16606174,0.04094531,0.3490721,1.5257473,0.031013379
S7,2,1,-0.00044047038,0.84579736,-2.8355885,2.931397,-0.003698058,5.7669854,-0.4480729,0.46214378,0.083188295,0.9862387,0.7153734,1.6129591,0.040543564,1.4988322,1.6977681,1.6169876,0.19893587,1.5865446,1.638992,-0.27416453,-0.24839449,2.6032808,-0.123565435,0.018049348,-0.14918612,-0.08086426,-0.13210566,0.06832186,-0.13210566,-0.11502519,0.4237272,-0.57072806,0.015594195,-0.03752963,0.16742973,-0.8907215,0.5936779,-0.051569037,1.4843993,-0.07298297,0.05040826,-0.048495997,1.3272028,0.029441183
S7,2,1,-0.023470147,0.98162967,-2.4019134,3.3883674,-0.011959827,5.790281,-0.6507571,0.52315897,0.25035095,0.38753605,0.9641477,1.6097038,0.055844106,1.4928029,1.7134417,1.6145769,0.22063887,1.5630338,1.6570772,-0.21318114,-0.965559,2.5942647,-0.14577003,0.011996923,-0.16626659,-0.13210566,-0.14918612,0.034160927,-0.14918612,-0.13210566,-0.30014062,-0.95982385,0.021392826,-0.04550032,0.15244034,-0.8907215,0.4991875,-0.051569037,1.389909,-0.13498417,0.005416197,-0.02221664,1.9198337,0.025308331
S7,2,1,0.004131294,1.0409561,-2.6722493,4.90772,-0.0127724605,7.5799694,-0.6872579,0.6203363,0.4506771,0.90579295,1.083607,1.612085,0.09581189,1.444576,1.8279812,1.6013136,0.3834052,1.5316868,1.6823962,0.41326746,-0.7392869,2.6079981,-0.16398898,0.015736673,-0.20896612,-0.13210566,-0.16626659,0.07686046,-0.16626659,-0.14918612,-0.8100187,1.0086427,0.027140025,-0.047639374,0.19851558,-1.3547311,1.2604539,-0.037306763,2.615185,-0.13498417,0.032068446,0.22538833,7.8904104,0.04167795
S7,2,1,0.0032404969,0.875444,-2.958296,4.90772,-0.0244202,7.8660164,-0.5090203,0.50142103,0.46311304,2.3811498,0.76641273,1.673675,0.10804574,1.444576,1.8279812,1.7134422,0.3834052,1.5741867,1.7574489,-0.5723678,-1.0017107,2.8128617,-0.17879161,0.016163137,-0.20896612,-0.16626659,-0.16626659,0.04269953,-0.19188567,-0.16626659,-0.7301092,-1.0492289,0.032227688,-0.044418473,0.21501862,-1.3547311,1.2604539,-0.037306763,2.615185,-0.16606174,0.07168308,0.055831987,5.470892,0.048205994
S7,2,1,0.00063569896,0.79657596,-2.958296,2.207883,-0.02780617,5.1661787,-0.4527455,0.47731295,-0.213927,0.71038127,0.6345337,1.7383393,0.042355295,1.6314569,1.8545064,1.7429812,0.22304952,1.7134423,1.766793,-0.37535062,0.175143,3.0236175,-0.19900236,0.02069413,-0.2345852,-0.16626659,-0.20896612,0.068318605,-0.21750472,-0.19188567,0.5218555,-1.0404854,0.040030185,-0.04505752,0.19601919,-0.75680465,0.7174317,-0.063463,1.4742364,-0.19239928,0.07168308,0.034177165,0.6841214,0.040453695
S7,2,1,0.002031705,0.7738507,-2.7516165,2.5321233,-0.014126848,5.28374,-0.47685364,0.4802926,-0.076567635,0.48934102,0.5988491,1.7354759,0.04384086,1.6169876,1.8545064,1.7363497,0.23751879,1.7037973,1.766793,0.025370784,-0.06281233,3.0137985,-0.2203518,0.011528034,-0.25166565,-0.19188567,-0.21750472,0.059779987,-0.2345852,-0.21750472,-0.4367641,0.7567897,0.048687812,-0.046168074,0.20012435,-0.8583908,0.7174317,-0.051569037,1.5758226,-0.17324333,0.07168308,0.08355193,0.61940527,0.04218125
S7,2,1,-0.0059677917,0.83927137,-2.3642614,2.7393446,0.001990373,5.103606,-0.5220225,0.53142077,0.03801244,0.342901,0.7044121,1.7545054,0.058301535,1.580818,1.8750027,1.756846,0.29418468,1.7083185,1.799045,-0.24037692,-0.32343698,3.0816884,-0.2331619,0.012094365,-0.25166565,-0.20896612,-0.2345852,0.04269953,-0.2345852,-0.21750472,0.05604041,-0.7147417,0.054510735,-0.050875213,0.19025242,-0.8583908,0.6143598,-0.051569037,1.4727507,-0.16606174,0.07168308,0.026890775,0.6275816,0.038784273
S7,2,1,-0.013699796,1.1475103,-8.122849,6.7253094,0.011471091,14.848159,-0.6058591,0.61072016,0.0141746495,8.375508,1.3169674,1.8058373,0.05702733,1.580818,1.9594005,1.8104994,0.37858248,1.7746298,1.8421482,-0.65688646,1.788024,3.2642999,-0.24483347,0.011329899,-0.26874614,-0.2345852,-0.24312542,0.03416094,-0.25166565,-0.2345852,-0.6578453,-0.6280942,0.060071804,-0.042686235,0.1929863,-0.76916265,0.8494866,-0.051569037,1.6186492,-0.19239928,0.07168308,0.08794671,1.053122,0.039065823
S7,2,1,-0.00024761856,1.1123542,-8.122849,6.7253094,-0.0031563025,14.848159,-0.56515974,0.5314885,0.15263602,9.909017,1.2373319,1.838732,0.045147616,1.7098254,1.9594005,1.8424497,0.24957514,1.8038676,1.8713858,-0.28634292,-0.0049061775,3.3829737,-0.25337368,0.011956329,-0.2858266,-0.2345852,-0.25166565,0.051241398,-0.25166565,-0.25166565,-0.44315565,0.37234664,0.06434119,-0.034367386,0.19063807,-0.76916265,0.8494866,-0.063463,1.6186492,-0.19239928,0.06459357,0.13822778,1.0932517,0.037523996
S7,2,1,0.02210501,0.816108,-2.9325628,3.4062455,0.01851391,6.338808,-0.41739595,0.4132504,0.16509914,1.5416503,0.66652095,1.8484578,0.038411748,1.7351444,1.9304643,1.8502865,0.19531989,1.8216515,1.8789214,-0.19738707,-0.41992903,3.4182715,-0.25394303,0.010559852,-0.2858266,-0.2345852,-0.25166565,0.051241398,-0.25166565,-0.25166565,-0.7535842,1.5446229,0.06459858,-0.034218047,0.17395833,-0.7518639,0.6831352,-0.03136776,1.4349991,-0.19239928,0.05040826,0.06103929,0.6969218,0.031432375
S7,2,1,0.004419941,0.7678433,-2.9325628,1.9689686,0.030432526,4.901531,-0.43479988,0.47947997,-0.35473126,0.44702363,0.5896029,1.8196622,0.047563527,1.7098254,1.9304643,1.8219528,0.22063887,1.7821655,1.8511904,0.043394767,-0.44151402,3.313433,-0.25678977,0.01179254,-0.2858266,-0.2345852,-0.25166565,0.051241398,-0.26874614,-0.25166565,-0.13370727,-0.14641666,0.06608006,-0.03341341,0.18228479,-0.7518639,0.7174317,-0.037306763,1.4692956,-0.19479495,0.07168308,0.16083148,0.54344416,0.0343442
S7,2,1,-0.008888475,0.6158515,-1.9874706,1.7257204,-0.00938649,3.713191,-0.33220494,0.33151305,-0.14965405,0.42721605,0.3793521,1.7928159,0.03522119,1.6857121,1.8858534,1.7893996,0.20014131,1.7725207,1.8165276,-0.0028765886,0.18950868,3.215429,-0.27159292,0.013291584,-0.30290705,-0.25166565,-0.26874614,0.051241398,-0.2858266,-0.26874614,-0.12574396,-0.5671258,0.07393936,-0.03275152,0.17459804,-0.7025298,0.7174317,0.03384496,1.4199615,-0.113499545,0.05040826,0.2769946,1.3134842,0.031557135
S7,2,1,-0.0009190255,0.6465168,-2.460423,2.0263946,0.0091686305,4.4868174,-0.30281472,0.31153584,-0.19734415,1.6136642,0.41798484,1.7925044,0.059975307,1.5952859,1.8798254,1.8002503,0.28453946,1.7734246,1.8355169,-1.0962075,1.2110147,3.2166686,-0.28468794,0.010742449,-0.31998754,-0.26874614,-0.2858266,0.051241398,-0.2858266,-0.2858266,-0.8551358,2.4080248,0.0811626,-0.036158953,0.17213605,-0.9006816,1.0279429,-0.037306763,1.9286245,-0.101573646,0.05040826,0.13847831,3.8080606,0.030938292
S7,2,1,-0.007963821,0.91312546,-2.460423,2.514787,0.030161649,4.97521,-0.5638054,0.64823675,-0.21375601,-0.38440704,0.8338614,1.7906858,0.062170673,1.5952859,1.8798254,1.8026623,0.28453946,1.7556406,1.8376265,-0.9505833,0.57059526,3.2104208,-0.28753465,0.011113243,-0.31998754,-0.26874614,-0.2858266,0.051241398,-0.2858266,-0.2858266,-0.6244577,1.1238151,0.08279967,-0.042713992,0.17022732,-0.9006816,1.0279429,-0.063463,1.9286245,-0.08489062,0.05040826,0.27704433,3.8291354,0.030801823
S7,2,1,0.0009278784,0.94908935,-2.6207826,2.514787,-0.0045106914,5.1355696,-0.6949779,0.74236673,-0.03295251,-0.53626513,0.9007715,1.7851397,0.051131215,1.6977681,1.9509606,1.7821659,0.25319254,1.7505165,1.8174316,0.6406361,0.6997094,3.1893382,-0.28867334,0.011737422,-0.30290705,-0.26874614,-0.2858266,0.034160912,-0.30290705,-0.2858266,0.22827007,-0.8927343,0.08347006,-0.039916866,0.14552115,-0.5920154,0.6028729,-0.063463,1.1948884,-0.08489062,0.05040826,0.29941675,2.004458,0.02276976
S8,1,0,-0.0021340211,0.5030704,-1.7186786,1.5421308,0.05921737,3.2608094,-0.32107925,0.32836214,-0.26207855,0.545661,0.2530844,1.0558343,0.12291581,0.8631968,1.2934606,1.0547526,0.43026382,0.94424134,1.147584,0.19224353,-1.1515157,1.1298944,0.72144085,0.026903572,0.6392727,0.77292114,0.7135206,0.13364846,0.7135206,0.74322087,-0.73483735,1.1775327,0.52120054,-0.0700437,0.12806328,-0.83420336,0.9825476,-0.080168545,1.816751,-0.12575193,-0.023148917,0.6616544,15.482031,0.02130632
S8,1,0,-0.0028646956,0.53323674,-1.7186786,1.5421308,0.090155855,3.2608094,-0.38692355,0.4024745,-0.37779638,-0.12617087,0.28434962,0.87557465,0.087321684,0.73942316,1.0518061,0.8631968,0.31238294,0.7983612,0.9412925,0.28398958,-0.9661076,0.774256,0.74668604,0.018855715,0.7135206,0.77292114,0.74322087,0.05940056,0.74322087,0.77292114,-0.10159408,-0.56426334,0.5578954,-0.070746884,0.106046624,-0.83420336,0.9825476,-0.080168545,1.816751,-0.12575193,-0.05421532,1.0901988,26.04699,0.016251009
S8,1,0,0.005095101,0.48022658,-1.2736712,0.85494983,0.12382812,2.128621,-0.3562851,0.3988739,-0.5770212,-0.76464343,0.23064353,0.744972,0.06637614,0.6274352,0.87498724,0.73942316,0.24755204,0.6863733,0.7983612,0.167656,-1.116089,0.559389,0.76747614,0.028431544,0.7135206,0.8323217,0.77292114,0.11880112,0.74322087,0.77292114,0.8285486,0.44985294,0.58982795,-0.07024835,0.06439903,-0.28757906,0.15876466,-0.080168545,0.44634372,-0.102284156,-0.024441171,0.35271618,0.16119385,0.009082067
S8,1,0,0.0012544628,0.4928423,-1.2736712,0.85494983,0.13396314,2.128621,-0.3752883,0.3967402,-0.5763162,-0.7577183,0.2428951,0.6434959,0.052690115,0.5272377,0.7512089,0.63922095,0.22397119,0.5979662,0.6863733,0.12972571,-0.9815326,0.41686326,0.79272145,0.028521892,0.74322087,0.8323217,0.8026214,0.08910084,0.77292114,0.8026214,-0.08365222,-0.99245095,0.62922066,-0.07397444,0.060071174,-0.28757906,0.15876466,-0.102284156,0.44634372,-0.102284156,-0.024441171,0.41006225,0.40971303,0.009080762
S8,1,0,-0.0012833903,0.51616544,-1.2775384,1.2384803,0.12756208,2.5160189,-0.4084605,0.41250947,-0.46075213,-0.77606773,0.2664284,0.5624036,0.04315788,0.49187115,0.63922095,0.5625996,0.1473498,0.5272377,0.5979662,0.077992454,-1.180099,0.31816047,0.8105417,0.019450596,0.77292114,0.862022,0.8026214,0.08910084,0.8026214,0.8323217,0.016321499,-0.24347067,0.65735596,-0.06995447,0.05288284,-0.26241222,0.12187016,-0.102284156,0.38428238,-0.102284156,-0.0024921633,0.30446863,-0.018664122,0.007690221
S8,1,0,-0.01977578,0.8616866,-5.15285,2.6125758,0.14029753,7.7654257,-0.45263445,0.45101592,-1.7711599,9.028661,0.7428949,0.53809494,0.08415794,0.45061156,0.8098336,0.50955445,0.35922202,0.48597828,0.5463907,1.912204,2.7322502,0.29662868,0.82885677,0.019619927,0.8026214,0.862022,0.8323217,0.05940056,0.8026214,0.8323217,0.13061441,-0.73282886,0.68738836,-0.041066866,1.0623332,-6.641205,11.664335,-0.102284156,18.30554,-0.102284156,-0.0024921633,2.663074,41.57649,1.1302384
S8,1,0,0.0007243713,0.8700507,-5.15285,2.6125758,0.15796714,7.7654257,-0.45456815,0.48368803,-1.7328949,8.797512,0.75698876,0.5464823,0.08580406,0.45061156,0.8098336,0.5180757,0.35922202,0.48597828,0.574072,1.5462126,1.6736159,0.3060053,0.85880315,0.025445485,0.8323217,0.9214169,0.862022,0.089095175,0.8323217,0.8768693,0.6562138,-0.00600791,0.7381905,-0.07831156,1.0643278,-6.641205,11.664335,-0.102284156,18.30554,-0.18991171,-0.05810098,2.7521636,41.621346,1.1389264
S8,1,0,0.017095573,0.538508,-1.116445,1.6745529,0.14563175,2.790998,-0.43863213,0.46701857,-0.2842785,-0.6396568,0.2902831,0.49523747,0.056338992,0.39724848,0.6153268,0.4886067,0.21807835,0.4502937,0.53870547,0.32405403,-0.948894,0.24843426,0.88330406,0.022416204,0.8323217,0.9214169,0.8768693,0.089095175,0.8768693,0.8768693,0.40387967,0.20714569,0.78072864,-0.14958534,0.072830684,-0.43587965,0.110392734,-0.12705728,0.5462724,-0.21226569,-0.10098191,-0.008260622,0.22380424,0.027680082
S8,1,0,-0.002438651,0.5294332,-1.609327,1.2835544,0.10129104,2.8928814,-0.42886385,0.44108096,-0.4022301,-0.7151809,0.28030547,0.42234802,0.033880003,0.3618866,0.49155313,0.42377108,0.12966654,0.39577526,0.4502937,0.053627703,-0.85843587,0.17952572,0.9083004,0.026576132,0.8768693,0.9511172,0.9214169,0.0742479,0.8768693,0.9214169,-0.018445835,-1.323031,0.8257158,-0.14430025,0.081830084,-0.73932517,0.4925723,-0.13619979,1.2318975,-0.21226569,-0.11661939,-0.02245957,8.201249,0.027518725
S8,1,0,0.0014289339,0.54255205,-1.853101,1.3649013,0.10589181,3.2180023,-0.38365632,0.3925395,-0.40027615,0.05267787,0.2943648,0.3790268,0.026555903,0.31473428,0.43850794,0.37367234,0.123773664,0.3618866,0.39282885,0.2300665,-0.3581109,0.14436655,0.9471573,0.028803779,0.8768693,1.0105177,0.9511172,0.1336484,0.9214169,0.9585423,0.118177414,-0.050996304,0.8979365,-0.13928045,0.09620965,-0.73932517,0.4925723,-0.15189093,1.2318975,-0.16498572,-0.08926924,0.043356977,6.7240562,0.028655345
S8,1,0,0.0008368195,0.48351884,-1.853101,1.3649013,0.12516168,3.2180023,-0.34454983,0.36120093,-0.52939415,0.39671946,0.23379117,0.31826904,0.047631234,0.21453209,0.38546276,0.31473428,0.17093067,0.2734748,0.3618866,-0.22182178,-1.309989,0.10356389,0.98725265,0.030718196,0.9214169,1.0699183,0.9808175,0.1485014,0.9511172,1.0105177,0.37162685,0.020874023,0.97561103,-0.15155105,0.08700157,-0.62339777,0.36751986,-0.15712672,0.9909176,-0.2004251,-0.11922762,0.31900692,4.3870106,0.030536996
S8,1,0,-0.00046964723,0.61352676,-3.005426,2.6259112,0.11315969,5.631337,-0.40742698,0.3899724,-0.23677602,3.1906862,0.3764153,0.2472457,0.035526548,0.18506306,0.31473428,0.24400565,0.12967122,0.2204295,0.2734748,0.22871883,-0.9093113,0.06239258,1.014478,0.02392464,0.9511172,1.0699183,1.0105177,0.11880106,1.0105177,1.040218,-0.24603803,0.4810562,1.0297374,-0.13735981,0.22174935,-1.3664644,2.262641,-0.12640461,3.6291053,-0.2201671,-0.09967967,2.3764532,29.834621,0.0680405
S8,1,0,-0.0013457651,0.6421719,-3.005426,2.6259112,0.09235622,5.631337,-0.43623173,0.41464317,-0.18228461,2.4379463,0.41238657,0.19095755,0.033523623,0.11433458,0.26168442,0.19095594,0.14734983,0.16590655,0.2204295,-0.10543807,-0.959764,0.03758862,1.0318031,0.020355463,0.9808175,1.0699183,1.040218,0.08910078,1.0105177,1.040218,-0.1905186,-0.06395292,1.0650314,-0.14284062,0.22414659,-1.3664644,2.262641,-0.15189093,3.6291053,-0.19385275,-0.09967967,2.3544357,28.74255,0.07064514
S8,1,0,0.0053448635,0.47998747,-1.2894071,1.4906555,0.11315969,2.7800627,-0.3751883,0.40237448,-0.3968317,-0.64310026,0.23041654,0.13732189,0.030790372,0.07897254,0.19685334,0.13201773,0.1178808,0.11433458,0.16296011,0.13283241,-1.124827,0.019805346,1.0550684,0.022026315,1.0105177,1.0996186,1.0699183,0.08910084,1.040218,1.0699183,-0.12261443,-0.314044,1.1136538,-0.17309336,0.06818768,-0.6646414,0.17272677,-0.19385275,0.83736813,-0.21094972,-0.13358657,0.15480217,5.6329136,0.03461088
S8,1,0,0.0020423012,0.46770027,-1.0077602,0.64584833,0.12916234,1.6536086,-0.4043598,0.40714192,-0.5209035,-1.0713594,0.21874769,0.08756628,0.029103564,0.025922818,0.13791074,0.09075829,0.11198792,0.061289255,0.11433458,-0.1529335,-1.0751041,0.008514871,1.0753634,0.018381944,1.040218,1.0996186,1.0699183,0.05940056,1.0699183,1.0996186,-0.14135408,-0.5270405,1.1567441,-0.17895947,0.05709884,-0.336769,0.01812403,-0.21094972,0.35489306,-0.21094972,-0.10749436,1.0058624,0.46117926,0.035286784
S8,1,0,-0.0052444665,0.4712065,-0.9977585,0.64584833,0.12289463,1.6436069,-0.4179954,0.40974236,-0.49546468,-1.1120541,0.22206305,0.03894041,0.029586792,-0.03301538,0.09665129,0.037713096,0.12966667,0.014136935,0.061289255,0.10869449,-1.0020237,0.0023917342,1.0912032,0.01805872,1.040218,1.114466,1.0996186,0.07424796,1.0699183,1.0996186,-0.8734192,0.0578053,1.1910502,-0.15952775,0.071051076,-0.32744431,0.034844115,-0.19385275,0.36228842,-0.21094972,-0.08406778,-0.013828166,-0.8465576,0.030497365
S8,1,0,-0.0004147038,0.47668284,-1.0224292,0.6447815,0.13569677,1.6672107,-0.41202775,0.42517826,-0.5372544,-1.0706009,0.22722672,-0.0046262783,0.023698486,-0.056591544,0.04360597,-0.0035463516,0.10019751,-0.02712251,0.014136935,0.16407473,-0.81499696,0.00058302074,1.1082797,0.015165436,1.0699183,1.1441662,1.114466,0.07424796,1.0996186,1.114466,0.24363075,1.7180657,1.2285138,-0.15319027,0.07353319,-0.32744431,0.034844115,-0.18465908,0.36228842,-0.21094972,-0.08406778,-0.32474527,-0.79257274,0.028874386
S8,1,0,0.004297608,0.48993707,-1.0288304,0.6537163,0.14889896,1.6825467,-0.4197957,0.43317962,-0.53820026,-1.0711269,0.24005678,-0.039892267,0.019890804,-0.086060576,-0.0035463516,-0.038908254,0.08251423,-0.056591544,-0.02712251,0.14265169,-0.87003183,0.0019870372,1.1241187,0.01645238,1.0996186,1.1441662,1.114466,0.044547677,1.114466,1.1441662,0.20729356,-1.52193,1.2639139,-0.17035739,0.063270174,-0.42242858,0.034844115,-0.19385275,0.4572727,-0.21094972,-0.08406778,0.4413033,0.083022356,0.03302475
S8,1,0,-0.00033198198,0.6610277,-2.979555,4.465951,0.09635688,7.445506,-0.4179287,0.43688023,0.19129695,7.0549803,0.43695775,-0.061945796,0.011639705,-0.097850986,-0.03301538,-0.062484413,0.06483561,-0.06838196,-0.056591544,-0.19885525,0.04890275,0.0039727637,1.137236,0.012561809,1.114466,1.1441662,1.1441662,0.02970028,1.1441662,1.1441662,-1.2609372,-0.41000414,1.293464,-0.1534012,0.20856452,-1.6854581,1.2387961,-0.19385275,2.9242542,-0.19385275,-0.08406778,-0.3410445,19.096687,0.06703108
S8,1,0,0.00590871,0.68451786,-2.979555,4.465951,0.087088674,7.445506,-0.42222944,0.43431312,0.22248225,6.0346994,0.4685996,-0.06916604,0.010035532,-0.097850986,-0.05069867,-0.06838196,0.047152314,-0.07427483,-0.062484413,-0.6019047,0.0012757778,0.0048846533,1.154313,0.023865826,1.114466,1.2184141,1.1441662,0.10394812,1.1441662,1.1553031,0.93195385,0.21045828,1.3330083,-0.12524408,0.21191321,-1.6854581,1.2387961,-0.10879785,2.9242542,-0.19385275,-0.06977808,-0.67676693,18.085411,0.060593292
S8,1,0,0.0011438916,0.6525883,-2.2701035,2.0512824,0.036213543,4.321386,-0.41539496,0.42217776,-0.23723002,0.6287055,0.4258728,-0.09573829,0.029270895,-0.15678905,-0.056591544,-0.09195811,0.10019751,-0.12142715,-0.06838196,-0.36329475,-1.2255349,0.010022605,1.1815373,0.033148393,1.114466,1.2481143,1.1887138,0.1336484,1.1441662,1.2184141,-0.11189144,-1.0036165,1.397129,-0.11436682,0.3029334,-2.0825014,2.530795,-0.10098191,4.6132965,-0.19911037,-0.044818383,0.54932314,16.998426,0.10484843
S8,1,0,-0.008575087,0.6125985,-2.2701035,2.0512824,0.006008514,4.321386,-0.35955232,0.33799708,-0.20303077,1.2602077,0.3753504,-0.14780216,0.031885564,-0.20983891,-0.086060576,-0.15089618,0.123778336,-0.17447233,-0.12142715,0.12745681,-1.0321546,0.022862164,1.2075244,0.026683697,1.1441662,1.2481143,1.2184141,0.10394812,1.1887138,1.2184141,-1.022937,0.7836361,1.4588269,-0.11019956,0.3175359,-2.0825014,2.530795,-0.12705728,4.6132965,-0.2004251,-0.011524228,0.4189009,13.945841,0.112973005
S8,1,0,0.0018501828,0.40351653,-1.2032595,1.2542163,0.08428821,2.4574757,-0.29234117,0.2850883,-0.15640019,0.112710476,0.162829,-0.1920565,0.021749463,-0.23341507,-0.1450033,-0.1980485,0.08841176,-0.20983891,-0.17447233,0.35499594,-0.90725946,0.037358746,1.2085143,0.023111472,1.1441662,1.2481143,1.2184141,0.10394812,1.1887138,1.2184141,-1.2005043,1.7279315,1.4610407,-0.11085675,0.12082355,-1.2352501,0.74206567,-0.12705728,1.9773158,-0.13881363,-0.063289344,-0.412573,17.542456,0.026887543
S8,1,0,0.00029402028,0.52920806,-2.460402,2.589105,0.09108934,5.049507,-0.3169786,0.29458988,-0.0328368,4.509522,0.28006127,-0.22525987,0.020785745,-0.28056738,-0.18626276,-0.22162466,0.09430462,-0.23930794,-0.20983891,-0.53866917,-0.5371103,0.051174063,1.1966344,0.024769217,1.1441662,1.2184141,1.1887138,0.07424784,1.1887138,1.2184141,-0.96314484,-0.0322814,1.4325471,-0.1021805,0.37529626,-3.1516657,3.9178543,-0.1375064,7.06952,-0.13881363,-0.063289344,1.1898398,27.825418,0.15128814
S8,1,0,-0.003899802,0.52968574,-2.460402,2.589105,0.06875229,5.049507,-0.32387975,0.28812212,0.0071024857,4.478068,0.28058216,-0.258414,0.021908546,-0.298246,-0.20983891,-0.2628841,0.088407084,-0.27466986,-0.23930794,0.39505544,-0.9673059,0.067257784,1.1911892,0.022547739,1.1441662,1.2184141,1.1887138,0.07424784,1.1887138,1.2184141,-0.711386,0.124418736,1.4194399,-0.11729148,0.380025,-3.1516657,3.9178543,-0.12705728,7.06952,-0.2004251,-0.063289344,1.2544892,26.516455,0.15817629
S8,1,0,0.0020098595,0.34233013,-0.8249298,0.66545165,0.094089836,1.4903815,-0.27650517,0.28825548,-0.5156864,-0.89821625,0.11719396,-0.28754023,0.015500724,-0.33950546,-0.2510937,-0.28646025,0.08841178,-0.298246,-0.27466986,-0.22392154,-0.015532732,0.082919665,1.1956441,0.020907251,1.1441662,1.2481143,1.1887138,0.10394812,1.1887138,1.2184141,-0.14682265,1.1553702,1.4300019,-0.1343368,0.10743764,-0.7129821,0.4370346,-0.12705728,1.1500168,-0.19516684,-0.08926924,-0.1564462,4.1731267,0.029589228
S8,1,0,-0.0016519298,0.33034426,-0.8249298,0.76133424,0.07522003,1.586264,-0.26627016,0.27625346,-0.46019155,-0.86676073,0.10913006,-0.31597883,0.020747975,-0.3807649,-0.28056738,-0.31298286,0.100197524,-0.3336126,-0.298246,-0.39199755,-0.42878985,0.1002731,1.206534,0.021140816,1.1887138,1.2481143,1.1887138,0.05940056,1.1887138,1.2184141,0.7541877,-0.7022269,1.456171,-0.117841616,0.3316175,-2.4386182,3.7132797,-0.12966862,6.151898,-0.16760641,-0.080168545,2.4875376,46.358265,0.1238568
S8,1,0,0.003010726,0.82220775,-4.384322,3.0862544,0.09555675,7.4705763,-0.31284457,0.32996243,-0.792389,6.0726223,0.6760347,-0.342011,0.01832015,-0.38665777,-0.298246,-0.33950546,0.08841178,-0.35129586,-0.32771972,-0.2324492,-0.37106085,0.11730712,1.2109891,0.023867993,1.1441662,1.2481143,1.2184141,0.10394812,1.1887138,1.2184141,-0.36119375,0.28076172,1.4670644,-0.04150373,0.68595135,-3.4081016,3.7132797,-0.11661939,7.1213813,-0.23302025,0.075247705,0.5816671,6.295746,0.4722518
S8,1,0,0.0037641858,0.87978977,-4.384322,3.0862544,0.11849391,7.4705763,-0.4105275,0.40570834,-0.6995592,4.261671,0.77404416,-0.38651097,0.041825894,-0.48685995,-0.298246,-0.37487203,0.18861395,-0.4279172,-0.35129586,-0.25018507,-1.0533551,0.15114015,1.2208893,0.025457585,1.1441662,1.2778146,1.2184141,0.1336484,1.2184141,1.2481143,-0.5373209,1.2930446,1.4912186,-0.014030625,0.6212666,-3.4081016,3.7018797,-0.05810098,7.1099815,-0.18859825,0.09123727,0.40323782,7.0121393,0.38616908
S8,1,0,-0.004137895,0.53140754,-2.4673364,2.0187435,0.06288464,4.48608,-0.36828712,0.3417644,-0.16425382,1.2409229,0.28241113,-0.42855516,0.022749076,-0.48685995,-0.3630816,-0.43381009,0.12377834,-0.4456005,-0.4161268,0.78669953,0.7602978,0.18417706,1.2421743,0.024128618,1.1887138,1.2778146,1.2481143,0.08910084,1.2184141,1.2481143,-0.3655415,-0.2837472,1.5435792,-0.05110203,0.17218527,-1.2220861,1.4872563,-0.047732357,2.7093425,-0.12575193,0.01812403,1.7142779,20.182604,0.032259185
S8,1,0,0.0019342272,0.56512696,-1.7844228,2.0332792,0.05948408,3.8177018,-0.38282287,0.35590008,0.10625545,0.61781144,0.31937224,-0.42398736,0.01722356,-0.46917665,-0.39255065,-0.41907555,0.076626,-0.43970296,-0.41023394,-0.28892747,-1.0382705,0.18006198,1.2604896,0.018221281,1.2184141,1.3075149,1.2481143,0.08910084,1.2481143,1.2778146,0.3197606,-0.14322567,1.5891658,-0.052345015,0.14453056,-1.1885298,0.9353338,-0.047732357,2.1238637,-0.12575193,0.016836766,-0.008640416,13.894203,0.023629088
S8,1,0,-0.004056977,0.55211455,-1.7844228,2.0332792,0.075086676,3.8177018,-0.41369468,0.3862051,-0.068841815,0.38557625,0.30484694,-0.40768063,0.010201016,-0.45149338,-0.39255065,-0.40434107,0.058942735,-0.4161268,-0.3984482,-1.2330846,2.7460718,0.16630761,1.2743497,0.018855713,1.2481143,1.3075149,1.2778146,0.05940056,1.2481143,1.2778146,0.101556025,-0.56426764,1.6243225,-0.04628033,0.13652505,-1.1885298,0.9353338,-0.04643698,2.1238637,-0.10782054,0.027452016,-0.116634764,12.584379,0.020780956
S8,1,0,-0.0025993749,0.46725482,-1.3356814,1.1576668,0.10169111,2.4933481,-0.36451983,0.35496658,-0.4346912,-0.4429853,0.21833381,-0.4155887,0.019871226,-0.48685995,-0.39255065,-0.40434107,0.0943093,-0.42349756,-0.40286785,-1.1843415,0.6235914,0.17310886,1.2822697,0.018646635,1.2481143,1.3075149,1.2778146,0.05940056,1.2778146,1.3075149,-0.12426594,-0.5451853,1.6445633,-0.03660096,0.20277363,-1.1710709,2.9550457,-0.04643698,4.1261168,-0.10619149,0.033558723,5.528161,78.25039,0.042456772
S8,1,0,0.0013177241,1.0410897,-5.040165,4.494889,0.1002242,9.535053,-0.3660534,0.3638014,-0.4597982,6.201173,1.0838693,-0.43390894,0.029675465,-0.48685995,-0.34539834,-0.43675652,0.14146161,-0.45738626,-0.41465357,0.6515082,-0.16664267,0.18915758,1.2901899,0.021204466,1.2481143,1.3372152,1.2778146,0.08910084,1.2778146,1.3075149,-0.25508752,-0.3945477,1.6650393,-0.040710364,0.42439345,-2.4538038,5.180867,-0.06977808,7.634671,-0.10619149,0.033558723,2.6986754,32.12779,0.18176712
S8,1,0,-0.0007867927,1.0501838,-5.040165,4.494889,0.08862226,9.535053,-0.4059267,0.37233615,-0.43074238,5.9018126,1.1028866,-0.45399773,0.02935885,-0.48685995,-0.34539834,-0.46327913,0.14146161,-0.46917665,-0.45738626,2.0971882,3.4755354,0.20697583,1.3005849,0.01982492,1.2778146,1.3372152,1.3075149,0.05940056,1.2778146,1.3075149,0.30683774,-0.8004098,1.6919138,-0.037832275,0.38833007,-2.4538038,5.180867,-0.0593976,7.634671,-0.09967967,0.029702544,2.6985269,41.030827,0.15223151
S8,1,0,0.0042692665,0.55483365,-1.9137776,2.5424306,0.10615852,4.456208,-0.39415812,0.37433648,0.033866957,1.3268008,0.30785865,-0.46239683,0.011251787,-0.4809624,-0.3984482,-0.46327913,0.0825142,-0.46917665,-0.45738626,2.020383,8.80881,0.21393748,1.2986048,0.019017458,1.2778146,1.3372152,1.3075149,0.05940056,1.2778146,1.3075149,0.36567128,-0.70553446,1.686736,-0.059732866,0.23838824,-1.9148021,2.3175685,-0.0593976,4.2323704,-0.15189093,0.007820926,1.983139,27.20957,0.060396962
S8,1,0,0.0010138641,0.53267473,-1.9137776,2.5424306,0.093823135,4.456208,-0.37558833,0.3811376,-0.009302095,1.6060419,0.28374335,-0.46146348,0.011610037,-0.5045386,-0.3984482,-0.46327913,0.1060904,-0.46917665,-0.45738626,1.1695492,8.638681,0.21308328,1.2926649,0.014850141,1.2778146,1.3075149,1.2926648,0.02970028,1.2778146,1.3075149,-2.4120056e-05,-2.0000002,1.6712029,-0.09810567,0.22824748,-1.9148021,2.3175685,-0.121837094,4.2323704,-0.15189093,-0.043846853,2.7371452,34.12062,0.061721627
S8,1,0,-0.0028485842,0.42470807,-1.0261632,0.9294955,0.07748708,1.9556587,-0.3613193,0.363468,-0.35885116,-1.0221622,0.18038505,-0.47649378,0.013633568,-0.5104361,-0.45738626,-0.47506952,0.053049862,-0.48685995,-0.46327913,-0.48063043,-0.8416486,0.22723217,1.2990998,0.017225878,1.2778146,1.3372152,1.3075149,0.05940056,1.2778146,1.3075149,0.12989798,-0.55282235,1.687957,-0.1067101,0.069837116,-0.383523,0.1967973,-0.121837094,0.5803203,-0.14927398,-0.0425521,0.021170435,0.8964145,0.01626427
S8,1,0,-0.00073969143,0.42745823,-1.0575018,1.2032745,0.08055426,2.2607763,-0.36598673,0.3527329,-0.26370886,-0.86342216,0.18272108,-0.49761474,0.015039844,-0.53990513,-0.46917665,-0.4986457,0.07072848,-0.5104361,-0.48685995,0.030170586,-0.57765985,0.2478466,1.30999,0.015614239,1.2778146,1.3372152,1.3075149,0.05940056,1.3075149,1.3075149,0.09396847,0.49801493,1.7163173,-0.12509657,0.077368274,-0.4871599,0.1967973,-0.15189093,0.6839572,-0.16498572,-0.043846853,-0.02246371,1.0899348,0.021635002
S8,1,0,-0.0002554449,0.41587234,-1.0575018,1.2032745,0.09542339,2.2607763,-0.34888387,0.3465652,-0.35493147,-0.8181238,0.17294985,-0.5208472,0.0155522395,-0.5634813,-0.48685995,-0.52222186,0.076621324,-0.53401226,-0.5104361,-0.22607891,-0.3425064,0.27152362,1.315435,0.017032765,1.2778146,1.3372152,1.3075149,0.05940056,1.3075149,1.3372152,-0.081700124,-0.4941554,1.7306592,-0.14562057,0.074754246,-0.4871599,0.27747875,-0.17285031,0.76463866,-0.17416191,-0.090570234,0.31447956,2.3656406,0.026793545
S8,1,0,0.0029141086,0.37585753,-0.8652031,0.59103924,0.11235954,1.4562423,-0.3200791,0.327462,-0.52333397,-1.0371081,0.14127737,-0.54108316,0.012516903,-0.575267,-0.5104361,-0.53990513,0.0648309,-0.5516909,-0.53401226,-0.09248849,-0.13095641,0.29292768,1.314445,0.015684696,1.2778146,1.3372152,1.3075149,0.05940056,1.3075149,1.3372152,0.17250066,-0.22866488,1.7280114,-0.1524037,0.07559273,-0.42242858,0.27747875,-0.17285031,0.6999073,-0.17416191,-0.090570234,0.24941908,0.93984175,0.02894115
S8,1,0,-0.022778364,0.7721418,-3.9631855,5.865383,0.08795549,9.828568,-0.35148433,0.32526162,0.76669264,17.043644,0.59672177,-0.54894215,0.023179386,-0.59295034,-0.4161268,-0.5516909,0.17682356,-0.5575884,-0.545798,2.8192234,11.36192,0.30187467,1.3075149,0.015337158,1.2778146,1.3372152,1.3075149,0.05940056,1.3075149,1.3075149,0.0,0.75,1.7098304,-0.13613708,0.5198912,-3.5106297,3.5614774,-0.14796612,7.0721073,-0.25183454,-0.12705728,0.7177442,16.393309,0.28882018
S8,1,0,-0.007873591,1.2355293,-5.358618,5.9675336,-0.0069936495,11.326151,-0.40716028,0.34423143,0.3608026,5.2863636,1.5265945,-0.53450185,0.0338813,-0.59295034,-0.38665777,-0.53990513,0.20629257,-0.5575884,-0.5104361,1.1734289,2.6557279,0.2868401,1.2971199,0.02016195,1.2481143,1.3372152,1.3075149,0.08910084,1.2778146,1.3075149,0.24532944,-0.4710617,1.6829263,-0.053867824,0.77885413,-3.8462574,4.6426573,-0.14796612,8.4889145,-0.23466896,0.012973726,0.6856171,7.543929,0.6095154
S8,1,0,0.027850265,2.2315717,-14.689637,17.746828,0.005608448,32.436466,-0.33461484,0.33326295,0.6675292,20.899454,4.9806876,-0.51706487,0.024033193,-0.59295034,-0.38665777,-0.516329,0.20629257,-0.52811474,-0.5045386,0.6145795,7.090287,0.26793364,1.2872199,0.017563948,1.2481143,1.3372152,1.2778146,0.08910084,1.2778146,1.3075149,0.7381913,0.56594515,1.6572431,-0.028045464,0.6606797,-3.8462574,4.6426573,-0.0593976,8.4889145,-0.16367537,0.03227333,1.5283796,14.458233,0.43728417
S8,1,0,0.023034189,2.10942,-14.689637,17.746828,0.058683947,32.436466,-0.3292806,0.33836383,0.7645303,26.610785,4.4501834,-0.52403957,0.024156272,-0.575267,-0.46327913,-0.52222186,0.11198789,-0.545798,-0.5045386,-0.048572,-0.7769258,0.27520096,1.2703897,0.022764832,1.2184141,1.3075149,1.2778146,0.08910084,1.2481143,1.2778146,-0.43027484,-0.009949684,1.614408,-0.080392264,0.48284513,-3.6325467,4.554206,-0.090570234,8.186752,-0.19385275,-0.03737434,2.353123,30.454674,0.23960234
S8,1,0,-0.0054445663,0.83340514,-5.039898,4.6445136,0.08995582,9.684412,-0.3770219,0.34489825,-0.37537578,10.974771,0.6945938,-0.5612214,0.033507988,-0.6165265,-0.46327913,-0.5634813,0.15324736,-0.5870575,-0.53401226,0.8853011,0.06519127,0.3160923,1.2599945,0.019700937,1.2184141,1.3075149,1.2481143,0.08910084,1.2481143,1.2778146,0.02740286,-0.21487641,1.5879743,-0.10497518,0.37137353,-3.6325467,4.3947434,-0.10749436,8.02729,-0.16105528,-0.047732357,1.5776972,45.260525,0.1489381
S8,1,0,-0.02201594,0.8339197,-4.318978,3.175736,0.08575512,7.494714,-0.38955733,0.35683355,-1.085361,6.3476686,0.69590676,-0.5811137,0.013978883,-0.6165265,-0.53990513,-0.5870575,0.07662135,-0.5870575,-0.575267,0.56356364,0.49155474,0.33788857,1.2594994,0.016350148,1.2481143,1.3075149,1.2481143,0.05940056,1.2481143,1.2778146,1.069877,0.13065958,1.5866063,-0.09890816,0.45680127,-2.5575063,4.089052,-0.10749436,6.646559,-0.19385275,-0.045142226,2.4483519,21.113562,0.21845022
S8,1,0,0.0027089356,0.7388616,-4.318978,3.175736,0.082687944,7.494714,-0.3126112,0.31455985,-1.2210183,8.743263,0.5459239,-0.5422129,0.034504954,-0.6106336,-0.49275282,-0.54285157,0.11788079,-0.575267,-0.5104361,-0.13762538,-1.6262597,0.29518548,1.2387093,0.023940014,1.1887138,1.2778146,1.2481143,0.08910084,1.2184141,1.2481143,-0.51112306,-0.13370514,1.5349737,-0.06275233,0.481824,-2.5575063,4.089052,-0.06848021,6.646559,-0.18465908,0.002665629,1.9096917,17.245953,0.2360922
S8,1,0,0.007678785,1.1781472,-4.8670692,7.390704,0.070352554,12.257773,-0.45983568,0.38783872,1.0962951,10.077293,1.3880898,-0.53312624,0.028253032,-0.59295034,-0.46917665,-0.5251683,0.123773694,-0.5575884,-0.50896174,-0.12840745,-1.2576581,0.28502178,1.209009,0.028816443,1.114466,1.2481143,1.2184141,0.1336484,1.1887138,1.2184141,-0.76969177,1.7033253,1.4625334,-0.030918915,0.41163924,-2.6869266,2.9319422,-0.063289344,5.618869,-0.10098191,0.046403907,0.66500694,16.818933,0.17040282
S8,1,0,-0.003537388,1.4108562,-4.8670692,7.390704,0.056750294,12.257773,-0.7651531,0.62467813,0.85710937,5.0918016,1.9905281,-0.5540008,0.01574748,-0.59295034,-0.46917665,-0.5516909,0.123773694,-0.5634813,-0.545798,2.0739567,10.487365,0.3071648,1.1795572,0.032769315,1.114466,1.2481143,1.1887138,0.1336484,1.1441662,1.1887138,-0.14635494,-0.39750934,1.3924289,-0.0306166,0.4565375,-2.6869266,2.9319422,-0.03866847,5.618869,-0.10619149,0.060515143,0.14350098,12.249245,0.2093638
S8,1,0,0.0016553586,1.0560406,-3.0219622,6.0119414,0.06641857,9.033903,-0.58108914,0.54319793,0.65413564,3.804016,1.1152247,-0.54869616,0.008300178,-0.575267,-0.53401226,-0.545798,0.04125476,-0.5516909,-0.54432476,-0.80494815,0.9330404,0.30113634,1.1463931,0.030411357,1.0996186,1.2184141,1.1441662,0.118795514,1.114466,1.1553031,0.5773495,-0.60818124,1.315142,-0.04491426,0.26801077,-2.3115246,2.1648726,-0.03866847,4.4763975,-0.08406778,0.003954765,-1.5779854,29.13815,0.073847055
S8,1,0,0.00062254665,1.2484593,-6.7535167,7.7355614,0.08422153,14.4890785,-0.5107775,0.48492157,0.0788488,11.480961,1.5586512,-0.5625474,0.02783343,-0.62241936,-0.516329,-0.545798,0.10609037,-0.59295034,-0.54432476,-0.8388875,-0.8991711,0.31723425,1.125851,0.019049076,1.0996186,1.1887138,1.114466,0.089095235,1.114466,1.1441662,1.1991357,1.5501957,1.2679037,-0.057212777,0.7803744,-6.713568,7.0799255,-0.081468284,13.793493,-0.1375064,-0.011524228,2.8003728,48.09569,0.6122576
S8,1,0,-0.0066108126,1.08096,-6.7535167,7.7355614,0.0966236,14.4890785,-0.30611008,0.29262286,-0.041740704,21.565943,1.1685183,-0.6087665,0.03705906,-0.6695718,-0.516329,-0.6165265,0.15324283,-0.6401026,-0.59295034,0.75082994,-0.57826185,0.37196997,1.1233763,0.019587917,1.0996186,1.1887138,1.114466,0.089095235,1.114466,1.1441662,1.2861894,1.79809,1.262358,-0.10185879,0.7798227,-6.713568,7.0799255,-0.12966862,13.793493,-0.19911037,-0.03737434,2.9753473,48.90129,0.61849856
S8,1,0,-0.0009592471,0.2944904,-0.70264274,0.4659517,0.086488575,1.1685945,-0.23816547,0.24511495,-0.52935725,-0.93814206,0.08672549,-0.64368874,0.010902926,-0.6695718,-0.6165265,-0.6459957,0.053045332,-0.6518931,-0.6401026,0.7127228,0.052214146,0.41445404,1.1226337,0.019060176,1.0996186,1.1887138,1.114466,0.089095235,1.114466,1.1441662,1.496857,2.4910998,1.2606697,-0.1340291,0.0755985,-0.62202567,0.20185775,-0.14012024,0.8238834,-0.16105528,-0.06848021,-0.30391508,2.6199188,0.023678936
S8,1,0,0.0027576906,0.292159,-0.66503644,0.44074753,0.08775546,1.1057839,-0.23326465,0.2509159,-0.5478877,-0.9545486,0.08536447,-0.65631205,0.010356694,-0.7049383,-0.6401026,-0.6548395,0.06483567,-0.6592592,-0.6518931,-1.2405925,3.0864205,0.43085274,1.1147141,0.01395399,1.0996186,1.1441662,1.114466,0.044547677,1.0996186,1.114466,1.0516855,0.3649478,1.2427826,-0.13048694,0.076046504,-0.49122015,0.41349944,-0.15189093,0.9047196,-0.16498572,-0.063289344,0.38679415,4.3194304,0.022809912
S8,1,0,0.0024684765,0.290531,-0.6435662,0.44074753,0.08368811,1.0843138,-0.23899895,0.2521828,-0.52951854,-0.99590063,0.084414355,-0.6742887,0.013729935,-0.7049383,-0.6459957,-0.6754692,0.058942616,-0.68725497,-0.65778595,0.10961362,-1.099947,0.45485383,1.1043203,0.014970383,1.0699183,1.1441662,1.0996186,0.07424796,1.0996186,1.114466,0.50676864,2.2637854,1.2197473,-0.1385415,0.07729116,-0.49122015,0.41349944,-0.16105528,0.9047196,-0.16498572,-0.063289344,0.4960833,4.018818,0.025167674
S8,1,0,0.0020707739,0.4167861,-3.5417821,1.8024409,0.08428821,5.344223,-0.25843552,0.2590506,-1.6985133,14.107761,0.17371494,-0.6812141,0.014203856,-0.7226216,-0.6459957,-0.68725497,0.07662594,-0.68725497,-0.6754692,0.4815054,0.41599607,0.46425432,1.1015979,0.014208454,1.0699183,1.1441662,1.0996186,0.07424796,1.0996186,1.114466,-0.040398583,2.3141398,1.2137197,-0.13589686,0.26197153,-2.0599458,1.6630155,-0.15189093,3.7229614,-0.2004251,-0.120532356,1.1029309,21.796791,0.08709704
S8,1,0,0.002121339,0.43976903,-3.5417821,1.8024409,0.072352886,5.344223,-0.25006744,0.25608346,-1.4236242,11.426309,0.19340128,-0.66505486,0.018509386,-0.7226216,-0.6401026,-0.65778595,0.082518995,-0.6813621,-0.6518931,-0.91106147,-0.15852714,0.44264048,1.0949156,0.015453898,1.0699183,1.114466,1.0996186,0.044547677,1.0921935,1.0996186,-0.67090005,-0.814116,1.1990788,-0.12403348,0.26326597,-2.0599458,1.6630155,-0.12705728,3.7229614,-0.19385275,-0.043523163,0.96101755,21.133549,0.08469328
S8,1,0,-0.0052500973,0.35595933,-1.0421659,1.6084086,0.057950493,2.6505744,-0.26276955,0.25128266,-0.2716647,0.21855903,0.1267346,-0.6540039,0.007789667,-0.68725497,-0.6401026,-0.6518931,0.04715234,-0.65778595,-0.6518931,-1.6824543,5.208542,0.42778173,1.0889758,0.016060611,1.0699183,1.114466,1.0996186,0.044547677,1.0699183,1.0996186,-0.18479867,-1.5786031,1.1861261,-0.115785986,0.1067077,-0.5905273,0.37872273,-0.121837094,0.96925,-0.17022836,-0.03737434,0.056163173,4.12151,0.02479293
S8,1,0,0.0016723744,0.35447896,-0.9912241,0.8654849,0.07702033,1.856709,-0.28383973,0.29185605,-0.37737542,-0.684567,0.12565812,-0.65842414,0.008293386,-0.69904536,-0.6401026,-0.65778595,0.058942735,-0.6636788,-0.6518931,-1.4944655,5.4314384,0.43359116,1.0902132,0.017352788,1.0699183,1.114466,1.0996186,0.044547677,1.0699183,1.0996186,-0.11588835,-1.5782647,1.1888654,-0.118929066,0.10559801,-0.5905273,0.37872273,-0.12575193,0.96925,-0.17022836,-0.06977808,0.21815209,4.4589424,0.025295058
S8,1,0,0.0031384518,0.3842276,-0.8553348,1.182871,0.08202116,2.0382059,-0.3164785,0.3169269,-0.220776,-0.6741724,0.14764069,-0.66421944,0.008265217,-0.7049383,-0.6459957,-0.6636788,0.058942616,-0.6695718,-0.65778595,-2.0491567,7.190728,0.4412557,1.0835305,0.020876326,1.040218,1.114466,1.0699183,0.07424796,1.0699183,1.0996186,-0.10397748,-0.8483293,1.1744741,-0.13132288,0.0712179,-0.3501053,0.22081417,-0.1375064,0.57091945,-0.18991171,-0.09447321,0.43824536,0.67658854,0.022317687
S8,1,0,7.843003e-05,0.5138499,-1.8933742,2.5157595,0.05828388,4.409134,-0.36415312,0.31576005,0.35360456,2.654882,0.26404175,-0.66584,0.008706508,-0.71083117,-0.6518931,-0.6636788,0.058938086,-0.6695718,-0.6636788,-2.2857463,8.68448,0.4434188,1.0714033,0.018724894,1.040218,1.114466,1.0699183,0.07424796,1.0699183,1.0699183,0.45975006,0.53439593,1.1482551,-0.110977285,0.20265569,-1.6977836,2.3386314,-0.09447321,4.036415,-0.18991171,-0.06977808,2.7283945,46.516506,0.053385284
S8,1,0,-0.00854224,0.5382968,-1.8933742,2.5157595,0.044214875,4.409134,-0.36495325,0.2902558,0.38495544,2.6926641,0.28983644,-0.66559476,0.00864764,-0.71083117,-0.6518931,-0.6636788,0.058938086,-0.6695718,-0.6636788,-1.9765233,6.9849977,0.44309112,1.0639784,0.014140162,1.040218,1.0996186,1.0699183,0.05940056,1.0699183,1.0699183,-0.51897275,0.22840452,1.1322495,-0.0823659,0.24324282,-1.6977836,2.3386314,-0.080168545,4.036415,-0.16891739,-0.028319187,1.7606819,24.067516,0.065951206
S8,1,0,-0.004137411,0.44399014,-1.7798887,1.9220608,0.05341641,3.7019496,-0.2819394,0.22167774,0.3733872,3.181128,0.19714434,-0.66588956,0.008843131,-0.69904536,-0.6459957,-0.6636788,0.053049684,-0.6695718,-0.65778595,-1.1964129,2.469606,0.44348717,1.0649682,0.01871853,1.040218,1.114466,1.0699183,0.07424796,1.040218,1.0699183,0.3956525,0.28163004,1.1345073,-0.07732591,0.16190767,-0.9655124,1.4046392,-0.0593976,2.3701515,-0.14927398,-0.027026309,1.3121743,17.250967,0.03219339
S8,1,0,0.009077844,0.49970704,-1.9489834,3.0474482,0.03774713,4.9964314,-0.27197108,0.22047754,0.8742162,5.3654013,0.24978952,-0.6747799,0.013700484,-0.7226216,-0.6459957,-0.6754692,0.07662594,-0.6813621,-0.6636788,-0.5276427,0.17098594,0.45551556,1.0590283,0.019336624,1.040218,1.114466,1.0699183,0.07424796,1.040218,1.0699183,0.7659235,0.35084105,1.1219141,-0.071221,0.1880631,-1.2440363,1.5255384,-0.063289344,2.7695746,-0.1283631,-0.027026309,0.59870464,14.843748,0.040440153
S8,1,0,-0.0065051643,0.6032759,-1.9489834,3.0474482,-0.015461725,4.9964314,-0.3951249,0.3069586,0.45036134,1.5170064,0.36398417,-0.69609654,0.017317956,-0.74030024,-0.65778595,-0.69314796,0.082514286,-0.71083117,-0.6813621,-0.27297342,-0.5069194,0.4848504,1.0446732,0.016996762,1.0105177,1.0699183,1.040218,0.05940056,1.040218,1.0476431,-0.0040311897,-0.14952493,1.0916305,-0.05594902,0.2523394,-1.8048255,1.5255384,-0.05161973,3.330364,-0.15320005,0.033558723,-0.2895448,6.968356,0.06680546
S8,1,0,0.0031447043,0.59750867,-1.6455997,2.4144094,0.060017504,4.060009,-0.40209275,0.35486656,0.014173475,0.23476934,0.35702655,-0.70680434,0.011025823,-0.74030024,-0.6754692,-0.7049383,0.06483102,-0.71083117,-0.69904536,-0.505569,1.6859527,0.49969393,1.0298231,0.019419072,0.9808175,1.0699183,1.040218,0.08910078,1.0105177,1.040218,-0.20842114,-0.049448013,1.060912,-0.054529913,0.20776236,-1.8048255,0.7264101,-0.054211732,2.5312357,-0.13619979,0.028738033,-0.7224358,8.001146,0.046138708
S8,1,0,0.008968034,0.49556527,-1.658135,2.4144094,0.09635688,4.0725446,-0.2924078,0.31702694,-0.17542902,1.9306192,0.24566534,-0.70778686,0.013310156,-0.7579835,-0.6695718,-0.7049383,0.08841169,-0.71083117,-0.69904536,-0.6359839,1.8782582,0.5011394,1.0189329,0.021065326,0.9511172,1.040218,1.0105177,0.08910078,1.0105177,1.040218,-0.7483636,0.30823565,1.0386676,-0.081240855,0.1431166,-0.8636956,0.73845536,-0.098378055,1.6021509,-0.16138287,-0.016688883,0.61645824,7.415701,0.02708244
S8,1,0,-0.0039865538,0.379879,-1.658135,1.8829875,0.048282217,3.5411224,-0.25796878,0.23581341,-0.06572629,2.2273088,0.14432396,-0.7323452,0.026333222,-0.78155965,-0.6695718,-0.73440737,0.11198783,-0.75209063,-0.7049383,0.177167,-0.93491817,0.537023,1.015963,0.0233178,0.9511172,1.040218,1.0105177,0.08910078,1.0105177,1.040218,-0.74773943,0.13191485,1.0327239,-0.10485735,0.18055336,-1.8314039,1.170633,-0.10098191,3.0020368,-0.17940894,-0.03349258,-0.0952376,16.226841,0.043594584
S8,1,0,-0.00047444273,0.29215795,-0.82039565,1.4111757,0.03568012,2.2315714,-0.21369474,0.19270624,0.31985733,1.8846025,0.0853565,-0.7529252,0.011547459,-0.799243,-0.7285145,-0.75209063,0.07072848,-0.7579835,-0.74619776,-0.8720038,1.4378743,0.5670299,1.0090328,0.021976177,0.9511172,1.040218,1.0105177,0.08910078,0.9808175,1.0105177,-0.16725312,-0.57058287,1.0186298,-0.10444515,0.16011988,-1.8314039,1.170633,-0.09967967,3.0020368,-0.17285031,-0.03608021,-0.3574891,24.614464,0.036547165
S8,1,0,-0.0014496746,0.2318285,-0.53888214,0.46075088,0.04201451,0.999633,-0.17992243,0.18860558,-0.3942164,-0.8315306,0.05374656,-0.75734544,0.010755651,-0.799243,-0.73440737,-0.7579835,0.06483561,-0.7638764,-0.75209063,-0.6624954,1.5232148,0.573688,0.9897277,0.021892397,0.9214169,1.040218,0.9808175,0.11880112,0.9808175,1.0105177,-0.039969355,0.8990288,0.9800398,-0.10287533,0.07952089,-0.5864265,0.30006048,-0.12575193,0.886487,-0.15712672,-0.03608021,0.0027350849,2.2456074,0.016906906
S8,1,0,-0.0002873289,0.32002428,-0.9800222,1.3022243,0.04674863,2.2822466,-0.22496328,0.20460823,0.40959075,1.8836832,0.10241564,-0.766383,0.0078589935,-0.7933501,-0.75209063,-0.7638764,0.041259468,-0.7697739,-0.7638764,-0.49851128,0.6667249,0.58740467,0.9724026,0.018855723,0.9214169,1.0105177,0.9808175,0.08910084,0.9733924,0.9808175,-1.2427316,1.44661,0.94592196,-0.10083425,0.11581031,-0.8313998,0.58939105,-0.12575193,1.4207909,-0.14142747,-0.032199077,-0.20167643,8.082143,0.023579571
S8,1,0,0.005895299,0.44004333,-1.1480502,1.9950063,0.044748295,3.1430564,-0.28930733,0.24928233,0.4640906,1.6678739,0.19367288,-0.7588189,0.015912278,-0.7874525,-0.7049383,-0.7638764,0.08251423,-0.7697739,-0.74619776,0.77290833,0.29705858,0.57605934,0.9644825,0.020594826,0.9214169,0.9808175,0.9808175,0.059400618,0.9511172,0.9808175,-0.8705468,-0.48888493,0.9306502,-0.08879207,0.1570291,-0.8594769,0.8926712,-0.08276834,1.7521482,-0.15320005,-0.023148917,-0.23356111,6.096487,0.032542173
S8,1,0,0.0074066673,0.6361404,-2.376788,1.9950063,0.05294966,4.371794,-0.35845214,0.3440981,-0.08728019,0.58870745,0.40472946,-0.7552334,0.018245146,-0.8110287,-0.7049383,-0.75209063,0.10609043,-0.7697739,-0.74030024,-0.28149104,-0.044081926,0.5707104,0.9565624,0.01991742,0.9214169,0.9808175,0.9511172,0.059400618,0.9511172,0.9808175,-0.23271006,-0.809772,0.915408,-0.07957168,0.3007717,-2.366462,1.1462741,-0.07367357,3.512736,-0.16498572,0.029702544,-0.9293629,8.398362,0.09679528
S8,1,0,-0.0038834012,0.7007061,-2.376788,2.6788535,0.0108093135,5.055641,-0.41609508,0.4046415,-0.03591337,0.6139159,0.4910041,-0.7684952,0.015049573,-0.8110287,-0.7285145,-0.7756668,0.08251423,-0.78155965,-0.7579835,0.5598317,-0.1356926,0.5908114,0.9605225,0.02331783,0.9214169,1.0105177,0.9511172,0.08910084,0.9511172,0.9808175,-0.20802605,-0.7278969,0.92314667,-0.07482907,0.3107717,-2.366462,1.1462741,-0.077570304,3.512736,-0.17285031,0.034844115,-0.8391988,7.2361193,0.10217845
S8,1,0,-0.0072739753,1.6057107,-10.245031,10.926759,0.036680285,21.171791,-0.37242115,0.44221446,-1.360442,21.855112,2.57836,-0.7726701,0.015161071,-0.8110287,-0.7049383,-0.7756668,0.10609043,-0.78155965,-0.7697739,2.04391,7.649068,0.5972491,0.97685754,0.02453146,0.9214169,1.0105177,0.9808175,0.08910084,0.9733924,0.9808175,-0.6354702,0.085225105,0.9548521,-0.07586039,0.21258561,-1.1565473,1.0060815,-0.077570304,2.1626287,-0.17285031,0.016836766,0.13041675,3.333066,0.050947435
S8,1,0,-0.0045724227,1.5621089,-10.245031,10.926759,0.09195615,21.171791,-0.31854552,0.34073088,-1.4907444,24.693792,2.440205,-0.77158964,0.015515935,-0.8110287,-0.7049383,-0.7756668,0.10609043,-0.7756668,-0.7638764,1.6078495,6.5499544,0.5955913,0.9823026,0.018328525,0.9511172,1.0105177,0.9808175,0.0594005,0.9808175,0.9808175,-0.030869335,-0.3863728,0.965254,-0.079799905,0.22431949,-1.2836813,1.2434024,-0.102284156,2.5270836,-0.17153934,-0.012815236,0.69596416,7.663678,0.05668726
S8,1,0,-0.0041639446,0.4738424,-1.954851,2.5816371,0.043348063,4.536488,-0.30177605,0.2675854,0.2603276,3.3109455,0.22454397,-0.7763538,0.010298277,-0.8110287,-0.74619776,-0.7756668,0.06483096,-0.78155965,-0.7697739,-0.31786752,1.5409079,0.6028311,0.98725265,0.018059168,0.9511172,1.0105177,0.9808175,0.0594005,0.9808175,1.0105177,-0.15047881,-0.5153377,0.9749936,-0.083463885,0.23215567,-1.6485868,1.7670312,-0.10619149,3.415618,-0.14142747,-0.03737434,1.3580521,20.308754,0.06086247
S8,2,1,0.0055381637,2.5357065,-10.919009,10.688453,0.18890563,21.607462,-1.0685703,1.1892054,-0.22617075,3.2888904,6.429838,0.5330086,0.09718592,0.3442033,0.7980432,0.53575903,0.4538399,0.44440082,0.62122434,0.016297407,-1.0521016,0.29354325,-0.30765063,0.030476777,-0.3705143,-0.26656613,-0.29626644,0.103948176,-0.34081402,-0.29626644,-0.4543323,-0.8044741,0.095577724,0.27802768,2.4668937,-8.605501,18.169296,0.0091094375,26.774797,-0.514936,0.6459811,2.4171245,12.425685,6.162864
S8,2,1,0.0047738133,1.6018457,-6.6330967,4.347131,0.21971074,10.980227,-0.6908741,0.91122586,-0.8048684,1.7192755,2.5659328,0.6476478,0.07753182,0.3795652,0.88056207,0.6330101,0.5009968,0.6035411,0.663957,0.5215903,1.8563166,0.4254589,-0.30468076,0.029246079,-0.3705143,-0.26656613,-0.29626644,0.103948176,-0.34081402,-0.29626644,-0.718689,-0.28967476,0.09368571,0.12692192,1.9199497,-6.874212,16.889236,-0.05810098,23.763449,-0.39256504,0.32040524,3.1504245,19.385622,3.7023163
S8,2,1,0.014184471,1.4956272,-6.6330967,3.9414632,0.16750205,10.57456,-0.74931717,0.8677186,-0.43795726,1.1477666,2.2371018,0.85281014,0.2006812,0.5799649,1.304933,0.8068848,0.7249681,0.6492201,1.0323327,0.2637799,-1.3126976,0.76755816,-0.28686115,0.021683909,-0.34081402,-0.23686586,-0.29626644,0.10394816,-0.29626644,-0.26656613,-0.37628943,0.7851875,0.08275951,0.16699311,2.2534585,-7.8197274,17.771906,-0.0593976,25.591633,-0.43453372,0.39891928,3.1134443,19.45058,5.105962
S8,2,1,-0.009144362,1.6968409,-7.732746,4.8296113,0.09482329,12.562357,-0.7471168,0.89965725,-0.68139046,2.102902,2.8793523,1.12094,0.14347492,0.7096361,1.334402,1.1222166,0.6247659,1.0367547,1.2459903,-0.83663297,0.5057559,1.2770917,-0.2809211,0.025428548,-0.34081402,-0.23686586,-0.2814163,0.10394816,-0.29626644,-0.26656613,-0.29067346,0.19926763,0.07956327,0.3037772,2.1686378,-7.8197274,17.771906,-0.012169732,25.591633,-0.33843505,0.4719327,3.4189398,21.591103,4.795271
S8,2,1,-0.032268707,1.8972137,-7.732746,5.70469,0.09669027,13.437436,-0.44770032,0.71796036,-0.8884596,2.8285313,3.6004608,1.3578805,0.1724598,1.0397023,1.764666,1.304933,0.72496367,1.2400974,1.5112255,0.35421827,-0.8359802,1.8735816,-0.26260597,0.029807096,-0.34081402,-0.20716557,-0.26656613,0.13364846,-0.29626644,-0.23686586,-0.30606043,-0.06662655,0.06985038,0.29274133,1.8118427,-7.2712445,14.608882,0.019410672,21.880127,-0.31713063,0.48056293,2.2166762,12.143712,3.3684714
S8,2,1,0.030664882,2.331327,-9.572919,13.657081,0.10895898,23.23,-0.44706684,0.7176603,0.11708951,6.8711405,5.436026,1.5265483,0.10185318,1.2872497,1.764666,1.5495341,0.47741628,1.4684929,1.5996329,-0.5820856,-0.112581015,2.340724,-0.24924093,0.021204464,-0.29626644,-0.20716557,-0.23686586,0.08910087,-0.26656613,-0.23686586,0.25506532,-0.39455318,0.06257069,0.21037297,2.0089326,-7.7678947,11.142195,0.007820926,18.91009,-0.44530606,0.54537696,1.233662,7.2132473,4.080066
S8,2,1,-0.0043900353,2.3964374,-9.572919,13.657081,-0.031797778,23.23,-1.0360315,0.8723194,0.4914263,5.7454414,5.742931,1.6159908,0.14613707,1.3756614,1.9650657,1.5878471,0.58940434,1.5038551,1.7543534,0.3525914,-0.9207356,2.6327822,-0.25270596,0.017543005,-0.29626644,-0.20716557,-0.26656613,0.08910087,-0.26656613,-0.23686586,0.37166172,-0.3679247,0.06416808,0.08278721,1.8855747,-8.292871,12.652248,-0.030905884,20.94512,-0.39960378,0.39364076,1.1548193,8.900508,3.5622451
S8,2,1,-0.024491357,1.9655526,-7.0187607,7.6411457,0.031679455,14.659906,-0.9116775,0.89515644,-0.25796986,1.9635229,3.8639972,1.7736076,0.17653637,1.3756614,2.0593703,1.802979,0.6837089,1.7175137,1.8825514,-0.8171338,-0.062164307,3.176849,-0.25369596,0.019068925,-0.29626644,-0.20716557,-0.26656613,0.08910087,-0.26656613,-0.23686586,-0.31711113,-0.3766682,0.06472529,0.11546688,2.095616,-8.292871,18.429163,-0.05810098,26.722034,-0.4089956,0.3375902,2.9227996,21.296944,4.4049397
S8,2,1,0.03885619,1.8925216,-7.0187607,8.465282,0.17677027,15.484043,-0.532181,0.83197933,-0.59125733,3.5943236,3.583148,1.8617727,0.11519069,1.3579781,2.0593703,1.870761,0.7013922,1.7985594,1.9370699,-1.194856,3.1815171,3.4794662,-0.24726091,0.020161947,-0.29626644,-0.20716557,-0.23686586,0.08910087,-0.26656613,-0.23686586,-0.39398363,0.0940063,0.06154448,0.22730872,2.615497,-9.540745,21.261015,-0.047084667,30.80176,-0.45373082,0.46699828,2.624341,15.541134,6.8924937
S8,2,1,0.005783039,2.1056798,-8.8596,8.721992,0.17076927,17.581593,-0.8075936,0.85585,-0.1313453,2.8851786,4.433921,1.7813187,0.15827614,1.3579781,2.0475845,1.8177159,0.6896064,1.6438389,1.9134936,-0.5321879,-0.7224841,3.198148,-0.26656586,0.03440133,-0.34081402,-0.20716557,-0.26656613,0.13364846,-0.29626644,-0.23686586,-0.651465,-0.09859538,0.072240815,0.5112374,3.5376785,-9.540745,21.261015,-0.032199077,30.80176,-0.71956116,0.85431474,1.7666357,5.928219,12.776533
S8,2,1,-0.033858214,2.0852675,-8.8596,11.213206,0.033079688,20.072807,-0.8255298,0.7677019,0.32620448,4.487736,4.3494873,1.6435945,0.155665,1.4287069,2.018111,1.5849006,0.5894041,1.5171183,1.7705635,0.6466797,-0.6882603,2.7256346,-0.30072075,0.02701635,-0.34081402,-0.26656613,-0.29626644,0.0742479,-0.34081402,-0.28884137,-0.36426952,-1.0675933,0.09116282,0.42354906,3.1701941,-7.8995104,19.318771,-0.081468284,27.21828,-0.6529379,0.6898962,1.9667702,7.084174,10.229525
S8,2,1,-0.005206848,2.2889438,-7.4190946,13.731227,0.031012675,21.150322,-0.8272635,0.8104424,1.2265865,7.1820774,5.239291,1.6163344,0.12388337,1.4287069,1.8530778,1.6173161,0.42437088,1.5112255,1.7057279,0.2515489,-1.2017609,2.627884,-0.33388475,0.03325597,-0.3853616,-0.26656613,-0.34081402,0.118795484,-0.3705143,-0.29626644,0.15520287,-1.1484034,0.112584956,0.101920165,2.3826985,-8.568091,13.89233,-0.10879785,22.460423,-0.6529379,0.5226885,1.5755403,7.407651,5.68764
S8,2,1,0.008084182,2.3900552,-8.244832,13.731227,0.0768203,21.976059,-1.0537678,1.17707,0.5468928,4.8292236,5.7124295,1.6375529,0.13662186,1.2518878,1.8589753,1.6585757,0.6070875,1.5392215,1.735197,-0.4594078,-0.34708285,2.7002451,-0.3630887,0.020197472,-0.4150619,-0.29626644,-0.3705143,0.118795455,-0.3705143,-0.34081402,0.47695237,0.5244007,0.13224131,0.22887419,2.79927,-8.568091,18.77358,-0.080171034,27.341671,-0.83771056,0.7802072,1.603365,6.607771,7.888295
S8,2,1,0.005463554,1.7300799,-8.244832,5.1984725,0.015543435,13.443304,-0.7893905,0.95986736,-0.5956807,2.948048,2.9932067,1.57596,0.13698408,1.2518878,1.8589753,1.5790054,0.6070875,1.4640732,1.6644685,-0.017982097,-0.4977517,2.502415,-0.3715034,0.016682982,-0.4150619,-0.34081402,-0.3705143,0.07424787,-0.3853616,-0.3705143,0.27235514,0.60049534,0.13829306,0.18016154,2.09703,-7.0829816,18.77358,-0.06069485,25.856562,-0.48513076,0.490725,2.6426828,16.41808,4.4299927
S8,2,1,0.013894546,1.6896456,-9.078437,7.028244,0.1176271,16.106682,-0.6607691,0.7568002,-0.57639986,5.4400682,2.8550954,1.663929,0.16908504,1.2872497,2.018111,1.6291066,0.7308613,1.5465877,1.8059255,-0.04036803,-0.9047377,2.7972498,-0.38684762,0.019493703,-0.44476217,-0.34081402,-0.3853616,0.103948146,-0.3853616,-0.3705143,-0.47835943,0.4336903,0.15003103,0.11946327,1.9689051,-6.8513565,15.737322,-0.051620044,22.588678,-0.46216217,0.42744064,2.9098475,19.20508,3.8908587
S8,2,1,0.0053850086,1.6731318,-9.078437,7.028244,0.09509,16.106682,-0.6434996,0.75176597,-0.5749176,5.639391,2.7993994,1.7863778,0.12161385,1.4463899,2.018111,1.8059255,0.5717211,1.7499326,1.8766539,-0.7549382,0.17055225,3.2059362,-0.40961698,0.023785837,-0.44476217,-0.3705143,-0.4150619,0.07424787,-0.4150619,-0.3853616,-0.22018594,-1.2468857,0.16835181,0.21727543,2.438055,-6.8513565,15.737322,-0.063289344,22.588678,-0.53123033,0.6140706,2.2571695,11.146108,5.9913206
S8,2,1,-0.016557397,1.2002577,-7.5897894,5.8240433,0.059150692,13.413833,-0.35385138,0.39920726,-1.1118553,7.816841,1.4408927,2.018014,0.28544396,1.4463899,2.4778483,1.9355967,1.0314584,1.780876,2.2833462,-0.081949115,-1.3663534,4.1538587,-0.42842707,0.023275752,-0.47446248,-0.3853616,-0.44476217,0.08910087,-0.44476217,-0.4150619,0.3537247,-0.51882935,0.1840915,0.13693573,1.847669,-6.709916,14.318581,-0.016688883,21.028496,-0.182034,0.13906166,2.5532763,17.001808,3.432632
S8,2,1,0.005642889,1.4470623,-7.5897894,5.8240433,0.047282048,13.413833,-0.43116423,0.49949068,-0.9928548,5.0633984,2.0940208,2.2317226,0.14765348,1.6585757,2.4778483,2.25977,0.81927264,2.1595678,2.3010247,-1.5404842,4.2419477,5.0023866,-0.4640674,0.03630447,-0.533863,-0.3853616,-0.47446248,0.1485014,-0.48188755,-0.44476217,-0.19806226,-0.66637635,0.2166765,0.118773445,1.8121394,-8.439393,17.622746,-0.011524228,26.062138,-0.14665827,0.1574955,2.4155564,20.461147,3.2979567
S8,2,1,-0.0059478623,1.8420053,-7.6525993,6.695255,0.048282217,14.347855,-0.7176786,0.87195265,-0.3694248,2.3889751,3.3930185,2.1612885,0.12503915,1.9120204,2.4719555,2.1566215,0.5599351,2.0814734,2.2494528,0.13547897,-0.5622189,4.6868033,-0.52049774,0.04018654,-0.6081109,-0.44476217,-0.5041627,0.16334873,-0.5412881,-0.49673766,-0.35831508,-0.4483428,0.27253282,0.20225649,2.5974503,-8.439393,17.622746,-0.020564716,26.062138,-0.44699016,0.46113572,1.3947525,6.7513704,6.7876544
S8,2,1,-0.01981038,2.2302516,-8.928279,6.695255,0.24438152,15.623533,-1.0856731,1.1053915,-0.32220346,1.1491256,4.9744153,2.1788726,0.12208614,1.9120204,2.3894365,2.2037737,0.47741604,2.0888393,2.2715557,-0.44802326,-0.7423291,4.762391,-0.56034505,0.03387249,-0.6081109,-0.5041627,-0.56356335,0.103948176,-0.57470024,-0.533863,0.010552904,-0.9212816,0.31513393,0.32129616,3.179486,-8.439393,18.196465,-0.027672749,26.635857,-0.7240652,0.8498455,1.2713712,4.889224,10.212361
S8,2,1,0.004567781,1.9809589,-8.928279,6.253715,0.1889723,15.1819935,-1.118412,1.1276286,-0.3379201,1.119791,3.9242194,2.085845,0.18208683,1.6408924,2.3894365,2.109469,0.7485441,1.9355967,2.237667,-0.27407244,-0.88163924,4.3839054,-0.57395744,0.029237606,-0.6081109,-0.5041627,-0.56356335,0.103948176,-0.6081109,-0.56356335,0.2338019,-0.75586224,0.33028188,0.29868144,3.0659938,-8.439393,18.196465,-0.012169732,26.635857,-0.63437915,0.7495843,1.4838804,6.6136427,9.489529
S8,2,1,0.0065661767,1.280185,-4.5006084,4.3196597,0.020944335,8.820269,-0.59812534,0.6197107,0.11810036,1.286336,1.6389164,1.9197313,0.1275801,1.6408924,2.2538724,1.9179133,0.61298,1.8589753,1.972433,0.26296586,0.51070213,3.7016444,-0.58657926,0.026759502,-0.62295824,-0.533863,-0.6081109,0.089095235,-0.6081109,-0.56356335,0.3203973,-1.3037199,0.34479132,0.30447447,2.4819846,-7.8941116,24.687222,0.038699042,32.581333,-0.19385275,0.27747875,3.1063428,20.145136,6.2529526
S8,2,1,-0.0045280275,0.8560341,-4.5006084,4.2976556,0.03181281,8.798264,-0.3138114,0.25871724,0.3176371,6.01394,0.7328148,1.7531749,0.18708237,1.4876493,2.2538724,1.6792054,0.7662231,1.5981597,1.90023,0.7689376,-0.34088087,3.1086218,-0.61603,0.029005624,-0.6823588,-0.56356335,-0.6081109,0.118795455,-0.62295824,-0.6081109,0.12379005,-0.013556242,0.3803343,0.22262545,1.7339709,-5.1918716,24.687222,0.029702544,29.879093,-0.0425521,0.04512039,7.07736,69.22139,3.056217
S8,2,1,0.00069609436,1.4294477,-10.133679,6.1677003,0.07735372,16.30138,-0.32721362,0.36650184,-1.4345301,12.085945,2.0433211,1.7091166,0.17764935,1.452283,2.147782,1.6379459,0.69549906,1.5760567,1.825082,0.8164459,-0.3738184,2.9526393,-0.6714689,0.047339257,-0.77145964,-0.6081109,-0.6526585,0.16334873,-0.7120591,-0.62295824,-0.36174276,-1.0421063,0.45311162,0.014995528,0.2948253,-1.5950938,3.253782,-0.011524228,4.848876,-0.054211732,0.04512039,3.4147596,38.371185,0.087146826
S8,2,1,0.016066434,1.4974968,-10.133679,6.1677003,0.11349307,16.30138,-0.47837207,0.51799375,-1.3021141,9.701418,2.242755,1.7544026,0.15575917,1.452283,2.147782,1.7440386,0.69549906,1.6453121,1.825082,0.54427737,0.06563544,3.1021895,-0.75141126,0.060309645,-0.8605548,-0.62295824,-0.74175936,0.23759657,-0.8011599,-0.7120591,-0.21955705,-0.5002954,0.56825614,0.02690788,0.2946512,-1.5950938,3.253782,-0.0024921633,4.848876,-0.054211732,0.08356547,3.303624,37.925262,0.08754338
S8,2,1,0.004193574,0.9119109,-2.6689699,2.440547,0.08855559,5.109517,-0.5568851,0.62347794,-0.41474244,0.020131111,0.8315991,1.6894697,0.050776687,1.59374,1.7764564,1.7057279,0.18271637,1.6526828,1.735197,-0.38159972,-1.0968775,2.8568861,-0.84125173,0.05873232,-0.9199554,-0.7120591,-0.8605548,0.20789629,-0.8902551,-0.8011599,0.5979144,-0.9335153,0.71115404,0.024094898,0.082212195,-0.336769,0.35256562,0.0142616145,0.68933463,-0.02185666,0.08356547,0.1328007,1.421639,0.0073394086
S8,2,1,-0.020356838,1.287565,-6.6210947,4.5315614,0.003074693,11.152657,-0.6607358,0.75349957,-0.5670771,3.2528796,1.6582382,1.6567086,0.059556156,1.5465877,1.7705635,1.6556292,0.22397578,1.6040559,1.7116208,-0.086505674,-1.1439666,2.7482305,-0.9236679,0.04558003,-1.0387565,-0.84570754,-0.9199554,0.19304895,-0.9496557,-0.8902551,-0.53151405,-0.3434155,0.85524,0.0139138345,0.13231832,-0.6522498,1.3054156,0.0142616145,1.9576654,-0.04643698,0.08356547,1.8427505,17.84479,0.017701728
S8,2,1,-0.010344621,1.1201925,-6.6210947,4.5315614,-0.008727271,11.152657,-0.38525662,0.48465484,-0.751818,7.1255693,1.2549384,1.6452641,0.061983295,1.5465877,1.7705635,1.6320531,0.22397578,1.59374,1.6895179,0.5136392,-0.77622557,2.7107365,-0.99841326,0.050438333,-1.0833042,-0.8902551,-1.0090562,0.19304907,-1.0387565,-0.9496557,0.057337385,-0.76392865,0.9993731,-0.0027721215,0.11963866,-0.6522498,1.3054156,-0.023148917,1.9576654,-0.04643698,0.038699042,2.7113783,28.784254,0.0143210925
S8,2,1,-0.012607706,0.6092589,-1.4849062,3.3128254,0.003074693,4.7977314,-0.39945897,0.3277287,0.837113,3.7088041,0.37135538,1.6719347,0.07181601,1.5406948,1.8295016,1.6526828,0.2888068,1.623209,1.735197,0.2915188,-0.8525548,2.800524,-1.0647428,0.03878245,-1.1130044,-0.979356,-1.0833042,0.13364846,-1.0907292,-1.0387565,0.23683365,-1.2309037,1.1351811,0.0032852862,0.070580706,-0.31945866,0.44692838,-0.0024921633,0.76638705,-0.0425521,0.04512039,0.774219,5.8028336,0.0049924287
S8,2,1,-0.0056595416,0.8046324,-3.6702034,3.3128254,0.054949995,6.983029,-0.3436497,0.38503826,-0.37637335,4.5165834,0.6474654,1.7568586,0.11108958,1.5406948,1.9886419,1.7676147,0.44794703,1.6585757,1.8236088,-0.017640691,-0.6570747,3.0988932,-1.116716,0.03414578,-1.1872523,-1.0387565,-1.1130044,0.1484958,-1.1278517,-1.1055794,0.23284538,0.23329568,1.2482206,0.01270172,0.127663,-0.85104513,1.2870758,0.02841653,2.138121,-0.0425521,0.05410316,2.0968745,24.248787,0.016459173
S8,2,1,0.002760892,1.228542,-4.322312,4.4682174,0.14236455,8.790529,-0.50060916,0.6317793,-0.42892504,1.5300283,1.509323,1.8547491,0.15304339,1.6762589,2.4719555,1.808872,0.7956966,1.7528802,1.9120204,2.0311925,4.578876,3.4635162,-1.1652247,0.031207474,-1.2169526,-1.1130044,-1.157552,0.10394812,-1.1872523,-1.1278517,0.14720175,-1.0844373,1.3587229,0.037944105,0.67171025,-3.3850968,7.5808816,0.0091094375,10.965979,-0.086668506,0.09890407,1.8322383,23.738646,0.4526344
S8,2,1,0.012666702,1.1984274,-4.322312,4.4682174,0.12156108,8.790529,-0.66473645,0.67385304,-0.15380889,1.4609594,1.4363889,1.94036,0.18222886,1.6762589,2.4719555,1.9238062,0.7956966,1.7794027,2.0534775,0.6913647,-0.14712381,3.7982047,-1.2011124,0.022004055,-1.2466528,-1.157552,-1.1872523,0.08910084,-1.2169526,-1.1872523,-0.23753259,-0.27256465,1.4431552,0.039603245,0.66894937,-3.3850968,7.5808816,0.033558723,10.965979,-0.07367357,0.11677102,1.8449234,24.146322,0.44906172
S8,2,1,0.03040653,0.9605965,-3.5839224,3.6979558,0.09755708,7.2818785,-0.5393155,0.5937397,-0.08425004,1.4308734,0.9236702,1.9619229,0.10740223,1.8177159,2.2774487,1.9326503,0.45973277,1.8884443,2.0063262,1.1517713,0.57356167,3.8606765,-1.2367526,0.03146299,-1.3060534,-1.1872523,-1.2466528,0.11880112,-1.2466528,-1.2169526,-0.10593595,-0.7443371,1.5305474,0.02187735,0.17237827,-0.7782794,1.422797,0.025844496,2.2010765,-0.0425521,0.064360715,1.9973037,13.184679,0.030192882
S8,2,1,0.014733921,1.4273151,-7.8150268,5.3055573,0.08382147,13.1205845,-0.55351794,0.6911892,-1.032852,5.7368917,2.0374453,2.1973593,0.4255227,1.764666,3.0613596,1.9385431,1.2966937,1.8692878,2.7150831,0.6884508,-1.328908,5.009457,-1.264968,0.021065341,-1.3060534,-1.2169526,-1.2763531,0.08910084,-1.2763531,-1.2466528,-0.14436148,-0.37671804,1.600588,0.06733776,0.8268634,-3.2806106,8.26736,0.021984575,11.54797,-0.082768336,0.16638218,2.165076,20.283567,0.68823737
S8,2,1,-0.009790579,1.2732232,-7.8150268,5.3055573,0.0005409379,13.1205845,-0.32761368,0.41477653,-1.341733,9.92194,1.6211933,2.4559224,0.33469573,1.764666,3.0613596,2.5369453,1.2966937,2.2777667,2.7210555,-0.64434576,-0.40093374,6.143577,-1.2924403,0.033237427,-1.3654512,-1.2466528,-1.2763531,0.118798375,-1.3060534,-1.2763531,-0.48423785,-0.44210696,1.6715069,0.07265708,0.8190243,-3.2806106,8.26736,0.027130513,11.54797,-0.054211732,0.16638218,2.199614,21.110245,0.67607987
S8,2,1,-0.023397554,0.7249734,-2.8352644,2.2397137,0.0027413042,5.074978,-0.26747036,0.3166935,-0.42683122,1.5937018,0.52613384,2.2813046,0.1973601,1.9830667,2.743397,2.2689273,0.7603303,2.1156833,2.4280674,0.45007673,-0.81220174,5.243302,-1.3174378,0.025629366,-1.3654512,-1.2763531,-1.3060534,0.089098096,-1.3506011,-1.3060534,-0.47931385,-0.8410599,1.7362992,0.04283773,0.24776152,-1.2352501,3.4525797,0.019410672,4.68783,-0.028319187,0.10145863,4.5524096,53.33746,0.06322084
S8,2,1,-0.0007623961,0.678705,-2.1760879,1.863251,0.020744301,4.039339,-0.30831048,0.36796874,-0.29426923,0.8703611,0.46064103,2.0549734,0.12958325,1.8062432,2.3602855,2.0567417,0.55404234,1.9874864,2.1481,0.05740306,-0.45190406,4.239707,-1.3028353,0.02544622,-1.3654512,-1.2763531,-1.3060534,0.089098096,-1.3060534,-1.2763531,-0.87482214,0.08135295,1.698028,0.039935585,0.23743607,-1.2352501,3.4525797,0.027130513,4.68783,-0.028319187,0.08612315,5.1744123,63.77996,0.057970744
S8,2,1,-0.0019596845,0.36888275,-1.0760382,1.1324626,0.0152100455,2.2085009,-0.19435817,0.18847221,0.0036102217,0.91349864,0.13607833,1.8651359,0.14155021,1.6647862,2.2011452,1.8239264,0.53635895,1.7590909,2.0022233,0.7302383,-0.6795294,3.4987686,-1.2852632,0.017402776,-1.3060534,-1.2466528,-1.2763531,0.05940056,-1.3060534,-1.2763531,0.17894453,-0.59892654,1.6522045,0.035147008,0.07328933,-0.18859825,0.42217648,0.034844115,0.61077476,-0.0153978765,0.08612315,0.0775346,0.5877552,0.0066066375
S8,2,1,0.0009840667,0.29460254,-1.0671034,1.080454,0.01507669,2.1475573,-0.15001746,0.17143604,-0.17330739,1.599956,0.08679163,1.6787363,0.08142201,1.5292221,1.8298193,1.6706791,0.3005972,1.6117411,1.7590909,-0.1376118,-1.2820855,2.8247855,-1.272393,0.023924654,-1.3060534,-1.2169526,-1.2763531,0.08910084,-1.2763531,-1.2466528,0.1365996,-0.72227645,1.6195567,0.038475443,0.08074053,-0.24787043,0.42217648,0.04897095,0.6700469,-0.016688883,0.08612315,0.13981806,0.52469254,0.007999393
S8,2,1,0.008085528,0.40974468,-1.3103439,1.6958897,0.0044082482,3.0062337,-0.1801558,0.1819378,0.34715298,2.1650023,0.16795607,1.6895424,0.11313081,1.5292221,1.8769716,1.6530005,0.34774947,1.5807977,1.8121407,0.27196246,-1.4792986,2.867352,-1.2476428,0.02654628,-1.3060534,-1.1872523,-1.2466528,0.11880112,-1.2763531,-1.2169526,0.06524018,-0.49165463,1.5573176,0.037135508,0.115678295,-0.38620108,0.96368605,0.025844496,1.3498871,-0.019272773,0.08740231,1.5967938,12.272509,0.014760514
S8,2,1,-0.0037001139,0.40529284,-1.3103439,1.6958897,-0.0056600943,3.0062337,-0.18295626,0.14809883,0.36609942,2.2252588,0.16427599,1.7621868,0.07574857,1.5410125,1.8769716,1.7649884,0.33595908,1.7355148,1.8121407,-1.1535097,1.4440479,3.1110404,-1.2337826,0.02447146,-1.2763531,-1.1872523,-1.2169526,0.08910084,-1.2466528,-1.2169526,-0.23347312,-0.62874794,1.5228188,0.03673118,0.14246213,-0.76295704,1.0530033,0.04897095,1.8159604,-0.023148917,0.090278834,1.2312611,11.295925,0.021644643
S8,2,1,0.0014459508,0.3423954,-1.4086269,1.0769868,0.022211213,2.4856138,-0.17892227,0.19157274,-0.39998606,1.6207652,0.11723671,1.7425399,0.029708251,1.6706791,1.8239264,1.7414123,0.15324736,1.7296219,1.7590909,0.49096537,0.38976884,3.0373275,-1.2115073,0.029942667,-1.2763531,-1.157552,-1.2169526,0.11880112,-1.2169526,-1.1872523,-0.3726636,-0.36321068,1.468647,0.052128673,0.11824553,-0.76295704,1.0530033,0.05282026,1.8159604,-0.0063620675,0.097626165,0.50122774,13.869886,0.016699405
S8,2,1,-0.0017846575,0.5254889,-3.726346,3.3781698,0.01360978,7.104516,-0.21129432,0.21774374,-0.48400137,12.678394,0.27614173,1.831589,0.18881139,1.6412101,2.283664,1.7473052,0.6424539,1.7178314,1.8018259,1.2878629,-0.07895684,3.3903682,-1.1738871,0.023899037,-1.2169526,-1.1278517,-1.1872523,0.08910084,-1.1872523,-1.157552,-0.02927201,-0.4962058,1.378582,0.071538575,0.3301503,-2.790289,5.3263874,0.08484463,8.116676,0.021984575,0.1269668,6.363185,121.31121,0.11411699
S8,2,1,-0.0030497264,0.6883232,-3.726346,3.3781698,-0.0039264723,7.104516,-0.319579,0.28795543,-0.08151051,4.0313215,0.47379813,2.297268,0.4436054,1.6412101,3.0616772,2.2482977,1.4204671,1.8283484,2.7802365,0.12922007,-1.2156489,5.474225,-1.1481471,0.021513736,-1.1872523,-1.1130044,-1.157552,0.07424784,-1.157552,-1.1278517,-0.06868287,-0.77178335,1.3187048,0.07433512,0.4102654,-2.790289,5.3263874,0.08484463,8.116676,-0.0012024033,0.14605676,3.8098545,55.928513,0.17384338
S8,2,1,0.002622053,0.7347971,-1.861769,2.466018,-0.0047266055,4.327787,-0.4258634,0.28985572,0.4523024,0.7657368,0.5399336,2.8267496,0.29990184,2.2306144,3.3622746,2.822967,1.1316602,2.6829846,3.0395744,-0.27280614,-0.780735,8.080455,-1.1288427,0.022003112,-1.1872523,-1.0833042,-1.1278517,0.10394812,-1.1278517,-1.1130044,-0.37732232,0.5297489,1.2747701,0.07068756,0.491052,-2.5455365,4.42822,0.059233494,6.9737563,-0.011524228,0.15876466,1.2635598,18.160973,0.24612881
S9,1,0,0.031962648,1.0575843,-5.019753,3.3170645,0.10487303,8.336818,-0.4994043,0.5932027,-0.5779252,2.9393587,1.1195061,-0.5271371,0.02652557,-0.5809628,-0.45776483,-0.52596456,0.12319794,-0.55016416,-0.5061642,0.10670573,-0.75022006,0.27857715,0.7928275,0.028843228,0.7537142,0.8654676,0.7776605,0.111753404,0.7696794,0.817572,0.7761845,-0.45099378,0.62940735,0.09546229,0.7800957,-3.6645641,4.1839986,0.09771778,7.8485627,-0.11830705,0.3215434,0.16383015,7.8973675,0.6176623
S9,1,0,0.003034678,0.92305297,-3.4572308,3.3170645,0.088900216,6.7742953,-0.41420215,0.42408112,-0.41058552,2.1810474,0.8520359,-0.567543,0.029035335,-0.63816077,-0.5061642,-0.5677614,0.13199657,-0.5908621,-0.54906434,0.12880675,-0.6294856,0.3229482,0.7491904,0.027781283,0.6898534,0.7776605,0.7537142,0.08780706,0.7217838,0.7696794,-0.7162925,-1.0112993,0.5620582,0.07541953,0.8271151,-5.4126215,7.083959,0.056101207,12.49658,-0.108963564,0.24264814,0.7998544,17.424856,0.68980753
S9,1,0,0.0120548215,0.8274875,-3.3041236,2.670207,0.059933968,5.974331,-0.37629774,0.40165296,-0.4184879,2.110136,0.684881,-0.5944195,0.01609925,-0.63816077,-0.55016416,-0.5941642,0.0879966,-0.6029628,-0.5809628,-0.035985813,0.091855764,0.35359365,0.7191229,0.021845058,0.6738882,0.7696794,0.7058186,0.09579122,0.7058186,0.7217838,0.69253266,0.07254219,0.517615,0.06301715,0.69292426,-5.4126215,7.083959,0.042209223,12.49658,-0.10429406,0.21512744,1.6048315,30.705544,0.4841152
S9,1,0,-0.0048324172,0.76720357,-2.845298,4.429203,0.036429927,7.274501,-0.39909834,0.34943095,0.70290154,5.122818,0.58862466,-0.59914935,0.015812527,-0.67776144,-0.5721642,-0.59636384,0.10559726,-0.6029628,-0.5897614,-2.2063575,7.489566,0.35922992,0.7052864,0.013024664,0.6738882,0.73774904,0.7058186,0.06386083,0.7058186,0.7058186,-0.12290284,0.7324259,0.4975986,-0.015640775,0.637814,-5.3049483,6.1719685,-0.06930755,11.476917,-0.127655,0.10233574,0.82060605,24.584957,0.40705127
S9,1,0,-0.010161518,0.6986449,-2.845298,4.429203,0.075327456,7.274501,-0.34724873,0.30941617,0.63248646,7.179391,0.4882079,-0.6125324,0.021530135,-0.67776144,-0.5853621,-0.6073621,0.09239936,-0.62606263,-0.5941642,-0.8141904,-0.124552965,0.37565944,0.68878925,0.017087422,0.6499419,0.7217838,0.6898534,0.071841896,0.6738882,0.7058186,-0.41775632,-0.27944088,0.4747225,-0.08032605,0.67432624,-6.43518,6.1719685,-0.06930755,12.607149,-0.21611276,-0.06930755,-0.048683725,28.15495,0.4611681
S9,1,0,-0.0017244908,0.419429,-2.005277,1.9837894,0.09030715,3.9890664,-0.2491773,0.26919442,-0.62070376,3.8480487,0.17592366,-0.64813495,0.027686384,-0.7305601,-0.5941642,-0.6513622,0.13639593,-0.67006004,-0.62496275,-0.02617078,-0.71137357,0.42084542,0.6635119,0.019184945,0.62599564,0.7058186,0.6738882,0.07982296,0.6499419,0.6738882,0.12436203,-0.7340944,0.44061595,-0.041349042,0.37393385,-6.43518,1.9860249,-0.06930755,8.4212055,-0.080962256,0.093097575,-5.9886365,99.954185,0.14153628
S9,1,0,0.0006966064,0.32122383,-0.81782615,0.49972442,0.103797145,1.3175505,-0.23965983,0.2572769,-0.64411724,-0.6907954,0.10318523,-0.6861941,0.020342726,-0.7305601,-0.6469629,-0.68656003,0.08359724,-0.69976145,-0.6722615,0.096018255,-0.87546945,0.4712761,0.63371146,0.021317737,0.5940652,0.6738882,0.64196086,0.07982302,0.6100304,0.6499419,-0.006368475,-0.8480246,0.40204468,0.0106790215,0.115193136,-0.2943801,0.33181003,0.0097523965,0.6261901,-0.032060232,0.093097575,-0.21986839,-0.36355782,0.013383501
S9,1,0,0.002052241,0.638135,-2.576988,3.8553402,0.11563193,6.432328,-0.30826846,0.29526407,0.33216333,7.202587,0.4072205,-0.7157834,0.018803252,-0.7701608,-0.68216074,-0.71735877,0.08800006,-0.7261607,-0.69976145,-0.321866,-0.26773143,0.5126995,0.6012496,0.020073244,0.5781,0.64196086,0.5940652,0.06386083,0.5781,0.6100304,0.5658831,-0.6002457,0.36190388,-0.0031482016,0.3675534,-3.335603,3.6607056,-0.032060232,6.9963083,-0.10195932,0.10233574,0.24943388,31.939724,0.1351054
S9,1,0,-0.0046759485,0.7240252,-2.576988,3.8553402,0.08211383,6.432328,-0.36446297,0.3461205,0.20041187,3.9315429,0.52423435,-0.7421462,0.01726592,-0.7789594,-0.70856005,-0.7415584,0.070399344,-0.75695944,-0.7261607,0.04182848,-1.0192001,0.55107903,0.5730444,0.016029216,0.5222233,0.5940652,0.5781,0.071841896,0.5621348,0.5781,-0.8296573,1.3512197,0.32863683,0.0059323926,0.46786463,-3.335603,3.6607056,-0.025085112,6.9963083,-0.11129943,0.1277155,0.3153825,15.651871,0.2189325
S9,1,0,-0.004969402,0.5912313,-2.488765,2.2739487,0.061175376,4.7627134,-0.32775858,0.31769222,-0.27641872,1.8905492,0.34957913,-0.75706935,0.014861039,-0.8009594,-0.7305601,-0.75695944,0.070399284,-0.76135874,-0.74816084,-1.0178605,0.7187891,0.5733748,0.56053835,0.01145703,0.5222233,0.5781,0.5621348,0.055876732,0.5621348,0.5621348,-1.0335147,2.4099922,0.31433448,0.016624477,0.4080615,-2.5010645,2.782273,-0.008819168,5.2833376,-0.096707806,0.1553639,0.15388961,9.773051,0.16679057
S9,1,0,0.007738939,0.5252151,-2.488765,2.2739487,0.081037946,4.7627134,-0.25033596,0.2735394,-0.32708582,3.8697371,0.27591076,-0.7695359,0.018574487,-0.809758,-0.7393587,-0.7701608,0.070399284,-0.7833587,-0.75256014,-0.29286733,-0.828809,0.59253055,0.5526889,0.013939943,0.51424223,0.5781,0.5461696,0.063857794,0.5461696,0.5621348,-0.73210454,0.9141197,0.30565932,-0.009732208,0.2815413,-2.3462102,1.7667332,-0.046019435,4.1129436,-0.046019435,0.049156334,-0.18428902,12.568612,0.07936022
S9,1,0,0.0038891868,0.42537183,-1.870046,1.9675684,0.10694205,3.8376145,-0.25157738,0.26915306,-0.5180906,3.0353703,0.18095632,-0.80169183,0.025283908,-0.844956,-0.75695944,-0.809758,0.08799654,-0.8229594,-0.7745601,0.18733679,-1.4066856,0.64334893,0.5340637,0.015593573,0.51424223,0.5621348,0.5222233,0.04789257,0.5222233,0.5461696,0.43417135,-1.2430708,0.28546715,-0.021969942,0.08231844,-0.45787755,0.31127006,-0.046019435,0.76914763,-0.046019435,0.056101207,0.001361081,0.7752111,0.0072590034
S9,1,0,-0.0013423251,0.37793726,-1.6547025,1.675092,0.09113476,3.3297944,-0.25629473,0.26389772,-0.4633226,1.0410991,0.14283839,-0.8359375,0.01456915,-0.866956,-0.8053587,-0.8361574,0.061597288,-0.844956,-0.8229594,-0.019126784,-0.87091947,0.69900376,0.52155834,0.006059861,0.49827704,0.5461696,0.5222233,0.04789254,0.5222233,0.5222233,1.0543451,9.983457,0.27205977,-0.032215443,0.08531888,-0.1744665,0.20824195,-0.055330426,0.38270846,-0.055330426,0.08616615,0.07094969,-0.6471772,0.008317146
S9,1,0,0.0010122162,0.3309254,-1.0315143,1.675092,0.09767285,2.7066064,-0.24003226,0.24614556,-0.25560373,0.6542654,0.10951265,-0.8597339,0.015208193,-0.90655667,-0.831758,-0.8581574,0.07479864,-0.8713588,-0.844956,-0.30800486,-0.5133045,0.7393738,0.5188978,0.0053127846,0.49827704,0.5222233,0.5222233,0.023946255,0.51424223,0.5222233,-2.0027246,4.851462,0.26928315,-0.049910195,0.05992403,-0.28258872,0.20824195,-0.055330426,0.49083066,-0.055330426,-0.055330426,0.5023329,2.9287739,0.006081917
S9,1,0,-0.01101352,0.51420325,-3.4822247,2.1675181,0.10619721,5.649743,-0.27090198,0.2660495,-1.4859532,11.300606,0.26452628,-0.8799371,0.012481662,-0.9241574,-0.8537581,-0.8801574,0.070399284,-0.888956,-0.8713588,-0.11858897,0.35977888,0.774445,0.51397574,0.007426173,0.49827704,0.5222233,0.51424223,0.023946255,0.51424223,0.5222233,-1.0517303,0.40131903,0.26422623,-0.026782459,0.08262847,-0.69024897,0.49984252,-0.055330426,1.1900915,-0.055330426,-0.015788687,0.15188663,7.798687,0.0075447643
S9,1,0,0.00073574285,0.64438075,-3.4822247,2.1675181,0.11770095,5.649743,-0.29436466,0.31976125,-1.1685896,5.8057823,0.41522706,-0.89321023,0.009435718,-0.9241574,-0.8757581,-0.8933553,0.04839927,-0.89775807,-0.8845567,-0.36267275,0.42977095,0.7979133,0.50705785,0.010479073,0.48231182,0.5222233,0.51424223,0.03991148,0.49827704,0.51424223,-0.715275,-0.34766793,0.25721744,-0.004126397,0.109348685,-0.69024897,0.49984252,0.007432211,1.1900915,-0.055330426,0.06767076,-0.36727104,2.7945623,0.0119741615
S9,1,0,0.010411848,0.6769562,-4.258189,2.1152134,0.14451541,6.3734026,-0.27835044,0.3615554,-1.7051072,7.72316,0.4583781,-0.90028673,0.008682871,-0.9241574,-0.8801574,-0.89775807,0.04399997,-0.90655667,-0.8933553,-0.3793242,0.16337729,0.8105914,0.49934134,0.011143818,0.48231182,0.5222233,0.49827704,0.03991148,0.49827704,0.5022683,0.09235821,-0.624084,0.24946597,-0.010096957,0.1246883,-1.1296536,0.49984252,-0.027409779,1.6294961,-0.09495731,0.06767076,-0.7522848,7.5804443,0.015649121
S9,1,0,0.0021672398,0.7533756,-4.258189,2.4813468,0.1215907,6.7395363,-0.3444349,0.3747971,-1.1030478,4.6872807,0.5675795,-0.9102595,0.011585298,-0.9417547,-0.8845567,-0.91095597,0.057197988,-0.91645515,-0.90215737,0.006106858,-0.17591166,0.8287064,0.49668056,0.0075448654,0.48231182,0.51424223,0.49827704,0.031930417,0.49827704,0.49827704,-0.3032147,1.1508169,0.24674848,-0.010848026,0.50915927,-4.4456387,4.462719,-0.027409779,8.908358,-0.10195932,0.083856046,0.6086784,29.857883,0.25936082
S9,1,0,0.007838764,0.69502676,-2.6827562,2.4813468,0.045947406,5.164103,-0.41064346,0.4226328,-0.19894592,1.1467757,0.48312366,-0.92195594,0.007117842,-0.9417547,-0.90655667,-0.92195606,0.035198033,-0.9285567,-0.91535527,-0.09447221,-0.5791657,0.8500536,0.5033327,0.008861015,0.48231182,0.5222233,0.49827704,0.03991148,0.49827704,0.51424223,0.32020214,-0.4993198,0.25342226,-0.014640942,0.519322,-4.4456387,4.462719,0.0004694146,8.908358,-0.11830705,0.08616615,0.59024554,27.444525,0.2699097
S9,1,0,-0.0033079793,0.49846837,-1.8683907,2.0996544,0.045699123,3.9680452,-0.32722065,0.31040925,-0.16241658,1.3461361,0.24848166,-0.9296927,0.007014316,-0.95495605,-0.91535527,-0.9285567,0.03960079,-0.932956,-0.9241574,-0.5973559,0.5893192,0.864378,0.50173604,0.012311999,0.48231182,0.5222233,0.49827704,0.03991148,0.49827704,0.51424223,-0.2563681,-1.112536,0.25189072,-0.044593137,0.1618984,-1.2387571,0.8936668,-0.07280296,2.1324239,-0.11129943,0.039892398,-0.08711021,7.559471,0.028199645
S9,1,0,-0.006439955,0.3357475,-1.8683907,0.9856953,0.08650015,2.854086,-0.24085987,0.23108311,-0.9517875,2.5100632,0.11276786,-0.93926185,0.00888579,-0.98135537,-0.91535527,-0.93955505,0.066000104,-0.946154,-0.932956,-0.6436157,3.3455038,0.88229203,0.49668053,0.009534675,0.48231182,0.51424223,0.49827704,0.031930417,0.49827704,0.49827704,0.03754943,-0.26150894,0.24678247,-0.027404612,0.11905678,-0.3510818,0.2701274,0.021351082,0.62120914,-0.10662881,0.037575573,-0.3526808,-0.09277463,0.014925531
S9,1,0,-0.014156184,0.3786727,-2.8980994,1.2482123,0.0891485,4.1463118,-0.23572868,0.22644852,-1.6496955,9.381198,0.1435934,-0.94956535,0.007901232,-0.98135537,-0.932956,-0.95055664,0.04839939,-0.95495605,-0.946154,-0.89158577,1.9181838,0.9017367,0.49375355,0.009259671,0.46634662,0.51424223,0.49827704,0.04789561,0.48231182,0.49827704,-0.89520746,0.97895694,0.24387836,-0.022269718,0.26049128,-1.9083709,1.5835965,0.012072582,3.4919672,-0.09495731,0.037575573,-0.29164627,14.520418,0.068351634
S9,1,0,0.011087297,0.7430634,-2.8980994,3.5042694,0.09038991,6.4023685,-0.37211835,0.33043736,-0.066568285,2.0712848,0.5522662,-0.96008897,0.009390965,-0.99455327,-0.9417547,-0.95935535,0.05279857,-0.96815395,-0.9538562,-0.62574166,0.2654667,0.92185885,0.49401957,0.013551852,0.46634662,0.5461696,0.49827704,0.07982296,0.48231182,0.49827704,0.96649957,2.3993063,0.24423896,0.011006198,0.5398964,-1.9083709,4.741809,-0.018112233,6.65018,-0.108963564,0.13924025,1.8923687,15.2488785,0.29160926
S9,1,0,0.017264605,0.7582944,-2.337313,3.5042694,0.058527034,5.8415823,-0.3688079,0.4482059,-0.08456223,1.5327682,0.57530856,-0.97317874,0.011631335,-1.0077547,-0.9417547,-0.97255677,0.065999985,-0.98135537,-0.9670541,-0.20120314,0.09513569,0.9472118,0.52089304,0.026400331,0.48231182,0.5621348,0.5222233,0.07982299,0.49827704,0.5461696,0.014006893,-1.3562843,0.27202648,0.02947464,0.49307677,-1.8257797,4.741809,0.017871924,6.567589,-0.08795866,0.14154474,2.4357822,21.558289,0.24399348
S9,1,0,-0.009311244,0.7895816,-2.4770129,4.446252,0.018057045,6.9232645,-0.32341367,0.28686386,0.91316795,6.740898,0.6235258,-0.98080534,0.01245192,-1.0165533,-0.91535527,-0.97695607,0.10119802,-0.99015397,-0.97255677,0.74664015,5.671439,0.96213394,0.55574894,0.022615517,0.5222233,0.6100304,0.5461696,0.08780712,0.5461696,0.5621348,0.8169241,0.5525296,0.3093683,0.0070013036,0.6386138,-4.342251,6.4337134,-0.027409779,10.775965,-0.08795866,0.13463125,1.701086,28.255491,0.40787667
S9,1,0,-0.0058027008,0.7800865,-2.4770129,4.446252,0.039161026,6.9232645,-0.36111116,0.29013288,1.0662539,6.8842525,0.6085686,-0.98395836,0.011975443,-1.0165533,-0.91535527,-0.98135537,0.10119802,-0.99015397,-0.97695607,1.3325346,8.201049,0.96831733,0.60284597,0.038743556,0.5461696,0.6499419,0.6100304,0.10377234,0.5621348,0.64196086,-0.26562285,-1.525366,0.36492425,0.007389288,0.63427,-4.342251,6.4337134,0.012072582,10.775965,-0.09495731,0.08096589,1.7454872,29.091377,0.40235302
S9,1,0,-0.0029496106,0.5985648,-2.623003,2.397262,0.05587869,5.020265,-0.35113847,0.32646483,-0.21598203,1.6439075,0.35828844,-0.9904112,0.008878074,-1.0165533,-0.97255677,-0.99015397,0.043996513,-0.99455327,-0.98575467,-0.55350924,0.120521784,0.98099333,0.6472815,0.01600848,0.6100304,0.6738882,0.6499419,0.063857794,0.64196086,0.6499419,-0.03407812,0.18183756,0.41922963,0.016380679,0.38141856,-1.6618072,2.1780815,0.028306037,3.8398886,-0.108963564,0.101181254,0.62972665,5.511443,0.14574842
S9,1,0,0.00035547192,0.53621763,-2.623003,2.397262,0.02360201,5.020265,-0.2678812,0.27759466,-0.18763721,3.3500037,0.28752944,-0.99822104,0.010857122,-1.0297546,-0.97255677,-0.99455327,0.05719787,-1.0077547,-0.99015397,-0.24844006,-0.40307808,0.9965632,0.6696316,0.019027615,0.64196086,0.7058186,0.6738882,0.063857734,0.6499419,0.6898534,0.13368027,-1.1339481,0.4487685,0.06436097,0.4379267,-1.6618072,2.1780815,0.042209223,3.8398886,-0.10662881,0.24035595,0.41424882,4.0756607,0.19592214
S9,1,0,-0.002609254,0.323605,-1.8429004,0.93918383,0.051823415,2.7820842,-0.20676243,0.20588249,-0.8803011,3.3160233,0.104727015,-1.0150872,0.016563851,-1.0605533,-0.98135537,-1.0165533,0.07919794,-1.0253553,-1.0033554,-0.051085763,-0.49985862,1.0306765,0.687991,0.014454387,0.6499419,0.7058186,0.6898534,0.055876672,0.6858621,0.6898534,-0.9474213,0.90723467,0.47354043,0.11211789,0.32924047,-1.6312393,2.292054,0.057258498,3.923293,0.016711831,0.26554975,0.51339084,12.468387,0.12096973
S9,1,0,0.0038314252,0.29950505,-1.8429004,0.93918383,0.08798985,2.7820842,-0.190831,0.20315138,-1.1970621,4.576747,0.08971796,-1.0408638,0.015659438,-1.0737547,-1.012154,-1.0451523,0.061600685,-1.0517546,-1.0253553,0.21784107,-1.1185219,1.0836424,0.6941109,0.011970936,0.6738882,0.7217838,0.6898534,0.04789561,0.6898534,0.7058186,0.23227392,-0.20354843,0.4819331,0.17918748,0.23748687,-1.6210623,2.292054,0.194462,3.9131162,0.10464472,0.2701274,-0.21788004,27.915546,0.08850817
S9,1,0,0.0010547161,0.2284088,-0.5493504,0.39345965,0.076899916,0.94281006,-0.17531337,0.18341294,-0.61037445,-0.77008533,0.052171692,-1.0609567,0.009555531,-1.0913519,-1.0429527,-1.0605533,0.04839921,-1.0693519,-1.0517546,-0.44353315,0.07132578,1.1257203,0.7302981,0.043718576,0.6738882,0.817572,0.7217838,0.14368379,0.6898534,0.7716747,0.46666598,-1.1288599,0.5352467,0.22757712,0.059817266,-0.008819168,0.38874474,0.24493808,0.3975639,0.18526976,0.2701274,-0.80371743,2.3371286,0.05536944
S9,1,0,-0.001705268,0.2210885,-0.5493504,0.3428101,0.0748309,0.8921605,-0.17845827,0.18080598,-0.62713957,-0.8166194,0.048883032,-1.0751096,0.009802479,-1.1045533,-1.056154,-1.0737547,0.04839933,-1.0825533,-1.0693519,-0.3063815,-0.4004526,1.1559571,0.81863743,0.060256783,0.7058186,0.9133632,0.817572,0.20754462,0.7756652,0.88143283,-0.101958156,-1.1624907,0.673798,0.19204387,0.07115127,-0.008819168,0.4659013,0.18526976,0.47472045,0.13463125,0.2701274,0.21670172,0.17036581,0.041943356
S9,1,0,0.0039472883,0.22343877,-0.52948785,0.32741663,0.086086355,0.8569045,-0.17249951,0.18986829,-0.67310745,-0.8129864,0.04994046,-1.0875394,0.0087430505,-1.1177514,-1.0693519,-1.0869526,0.04839945,-1.0913519,-1.0825533,-0.58662826,0.6807723,1.1828187,0.9178855,0.05611149,0.817572,1.0091515,0.9133632,0.19157946,0.88143283,0.9652471,0.042260885,-1.1166968,0.8456622,0.13968767,0.06416341,0.028306037,0.4659013,0.10464472,0.43759525,0.10464472,0.18526976,2.1321898,6.5561237,0.023629583
S9,1,0,0.016666915,0.8277218,-6.3311796,3.5608778,0.08484494,9.892057,-0.21892828,0.23120725,-1.2505103,11.8606,0.6854011,-1.077126,0.02865982,-1.1177514,-0.8801574,-1.0869526,0.23759395,-1.0913519,-1.0649526,3.2330172,17.534636,1.161022,1.0203263,0.0651956,0.9133632,1.13687,1.0091515,0.22350681,0.9732297,1.0770005,0.043845,-1.1600515,1.0453162,0.07481499,0.8657556,-6.178591,7.9044423,0.10464472,14.083033,-0.07396809,0.15478806,1.227558,22.921139,0.75513
S9,1,0,0.03080279,1.3524102,-6.3311796,6.706447,0.078803405,13.037626,-0.5429778,0.5975889,0.031773355,3.366346,1.8299623,-1.0533665,0.035038143,-1.1045533,-0.8229594,-1.056154,0.28159392,-1.0649526,-1.047352,3.4436746,18.467623,1.1108088,1.113987,0.047167905,0.99318624,1.1688005,1.13687,0.17561424,1.0849831,1.1528352,-0.7087656,-0.5858052,1.2431921,0.0013137182,1.0469372,-6.178591,7.9044423,-0.06231787,14.083033,-0.3085387,0.20364976,1.0799819,10.980348,1.0960792
S9,1,0,-0.024370499,1.3395668,-4.8125205,6.706447,-0.01570933,11.518968,-0.8226263,0.6495627,0.4062288,2.3757596,1.7950336,-1.0573632,0.03254135,-1.0957512,-0.8229594,-1.0649526,0.27279174,-1.0693519,-1.0517546,4.3840046,25.612986,1.1190759,1.1722587,0.025508657,1.13687,1.216693,1.1688005,0.07982302,1.1528352,1.1927468,0.2995161,-0.8280394,1.3748411,-0.028301772,0.7596678,-3.5838046,3.8845458,-0.06231787,7.4683504,-0.28730413,0.14154474,0.8839288,6.4728603,0.57789624
S9,1,0,-0.0014903506,0.8795521,-3.5846825,3.9887505,0.07863788,7.573433,-0.42839563,0.37959725,0.14643955,3.0581427,0.7736141,-1.0726898,0.01822131,-1.0957512,-0.8933553,-1.0737547,0.20239586,-1.078154,-1.0693519,7.8502474,75.35814,1.1509957,1.2069815,0.021522308,1.1528352,1.2486234,1.216693,0.09578812,1.1927468,1.216693,-0.3918645,-0.7102418,1.4572675,-0.046504285,0.49508262,-3.1332114,3.2496374,-0.07396809,6.3828487,-0.20261122,0.09771778,0.73423356,16.234125,0.24726947
S9,1,0,0.007946002,0.83841443,-4.439104,3.934294,0.10338335,8.373398,-0.3142686,0.35021716,-0.870359,7.03405,0.70300186,-1.075367,0.0063997963,-1.100154,-1.056154,-1.0737547,0.04400003,-1.078154,-1.0737547,-0.77636844,2.7235184,1.1564553,1.1992656,0.026008459,1.1528352,1.2486234,1.1927468,0.09578812,1.1767815,1.216693,-0.08782528,-1.128936,1.4389141,-0.055090323,0.35514656,-2.452847,2.8165705,-0.08795866,5.269418,-0.16743761,0.0653573,1.0139968,16.598036,0.12916401
S9,1,0,-0.03897579,1.3149413,-7.7430773,5.3096113,0.05579593,13.052689,-0.5101632,0.41092217,-0.9353919,7.7382145,1.7305896,-1.07918,0.009584685,-1.1177514,-1.0429527,-1.078154,0.0747987,-1.0825533,-1.0737547,-0.70105577,3.6781487,1.1647218,1.163611,0.019214418,1.1209048,1.1927468,1.1688005,0.071841955,1.1528352,1.1767815,-0.13457444,-0.73408675,1.3543603,-0.052131843,0.47184294,-3.2903957,3.0929806,-0.08795866,6.383376,-0.15806949,0.093097575,0.6027438,12.497925,0.2253535
S9,1,0,0.00031831564,1.2637577,-7.7430773,5.3096113,0.08633463,13.052689,-0.4368372,0.4079014,-1.0696572,9.745991,1.5970837,-1.0811595,0.013901912,-1.1177514,-1.0341539,-1.0825533,0.08359742,-1.0869526,-1.078154,1.2873039,2.5977035,1.1690995,1.1590879,0.01443417,1.1209048,1.1767815,1.1688005,0.055876732,1.1528352,1.1688005,-0.7410443,-0.19423151,1.3436935,0.044596236,1.3808796,-5.554257,10.057805,-0.03438602,15.612062,-0.21435106,0.10464472,1.54094,12.477991,1.9088175
S9,1,0,0.008182479,1.0039623,-5.863085,4.8021226,0.11281806,10.665207,-0.4238024,0.47704798,-0.66046625,5.623868,1.0080072,-1.0850462,0.016519194,-1.1221507,-1.0341539,-1.0869526,0.08799672,-1.0957512,-1.078154,0.841441,1.0174417,1.1775984,1.1576246,0.013841429,1.13687,1.1767815,1.1528352,0.03991151,1.1528352,1.1688005,-0.33148155,-1.2865614,1.3402864,0.07466002,1.5231411,-5.554257,10.057805,-0.03438602,15.612062,-0.21435106,0.18526976,1.2687714,8.454598,2.3255332
S9,1,0,0.0018376618,0.93794024,-4.9696,4.8021226,0.08443114,9.771723,-0.45810673,0.53167003,-0.5165272,4.463278,0.87973523,-1.1012894,0.017885882,-1.1441506,-1.0385534,-1.1045533,0.10559726,-1.113352,-1.0913519,0.4483521,0.49655795,1.2131582,1.1467152,0.0140069,1.1209048,1.1688005,1.1528352,0.04789567,1.13687,1.1528352,-0.06191552,-0.7175231,1.3151519,-0.0044565876,0.995691,-4.018712,6.825519,-0.027409779,10.844231,-0.28023157,0.21512744,1.2740421,10.730373,0.9914204
S9,1,0,-0.008287246,0.8626815,-4.016693,3.2023582,0.036429923,7.2190514,-0.51260465,0.49467602,-0.17012489,1.6778121,0.744288,-1.109979,0.014355941,-1.1441506,-1.0385534,-1.1089526,0.10559726,-1.1177514,-1.100154,0.784037,4.0612826,1.2322594,1.1570925,0.018576294,1.1209048,1.1927468,1.1688005,0.071841955,1.13687,1.1688005,-0.47482088,-0.64932656,1.339208,0.013577696,0.92621,-4.018712,6.825519,-0.018112233,10.844231,-0.3067683,0.26383227,1.1507498,10.258529,0.8580493
S9,1,0,0.020411842,0.956381,-3.8766623,3.5954716,0.021946795,7.4721336,-0.6006207,0.54333925,0.16511385,1.0477562,0.9150814,-1.1089157,0.011267778,-1.1441506,-1.0913519,-1.1089526,0.052798748,-1.113352,-1.100154,-0.82492495,0.37174845,1.2298211,1.1795762,0.018366486,1.13687,1.2326583,1.1767815,0.09578824,1.1688005,1.1927468,0.3979425,1.5998178,1.3917367,0.032935053,0.8098952,-3.7138112,4.676987,-0.006496743,8.390799,-0.2731612,0.27756238,1.0086931,7.6281023,0.65701497
S9,1,0,0.011317649,0.89797884,-3.8766623,3.9738536,-0.0025503743,7.850516,-0.5056941,0.46252346,0.28849244,2.313426,0.80649406,-1.1140488,0.011043145,-1.1485499,-1.0957512,-1.113352,0.052798748,-1.1177514,-1.1045533,-1.0221885,1.2316313,1.2412268,1.2105739,0.027704254,1.1688005,1.2645886,1.1927468,0.09578812,1.1927468,1.2326583,0.4063797,-1.131505,1.4662566,0.006681607,0.7779715,-3.7138112,4.4758177,-0.046019435,8.189629,-0.2313864,0.20824195,1.1203457,9.416062,0.6052843
S9,1,0,-0.02915605,0.7305777,-2.2533937,3.9738536,-0.0013089634,6.227247,-0.4238438,0.32240957,0.7228084,3.6559658,0.5345938,-1.1233984,0.010399431,-1.157352,-1.100154,-1.1221507,0.05719793,-1.1276531,-1.1177514,-0.61442196,0.5685203,1.2621323,1.2455635,0.023047695,1.1927468,1.2805538,1.2486234,0.08780706,1.2326583,1.2645886,-0.9530422,-0.019509792,1.5519598,-0.012044295,0.6024611,-3.0997362,4.4758177,-0.055330426,7.575554,-0.127655,0.13232674,1.5895363,18.050554,0.36310446
S9,1,0,-0.0041792123,0.7835898,-3.0505447,3.7119987,0.108680025,6.7625437,-0.39582926,0.39329413,-0.14586751,2.8424554,0.6140305,-1.1317585,0.009419394,-1.157352,-1.113352,-1.1309526,0.04400003,-1.1364518,-1.1265533,-0.6171746,-0.14093995,1.2809662,1.263258,0.016305283,1.2326583,1.296519,1.2645886,0.063860774,1.2486234,1.2645886,0.35488614,-0.12076306,1.596087,-0.0135349315,0.45148852,-3.220025,6.1859055,-0.0308979,9.4059305,-0.11129943,0.076921254,4.5362434,67.77632,0.20402509
S9,1,0,0.002536651,0.7015974,-3.0505447,3.7119987,0.123908,6.7625437,-0.34071064,0.38154212,-0.4391614,4.3663034,0.49224535,-1.1380284,0.0073466157,-1.1617513,-1.1221507,-1.1397513,0.03960061,-1.1441506,-1.135352,-0.12774524,0.36860418,1.2951622,1.26858,0.016130654,1.2326583,1.296519,1.2645886,0.063860774,1.2645886,1.2805538,-0.32116655,-0.09446597,1.609555,0.0026716308,0.44063708,-3.220025,6.1859055,0.04684063,9.4059305,-0.09262368,0.04684063,4.776102,74.20294,0.1941682
S9,1,0,-0.0014902616,0.8464239,-4.8562183,3.922873,0.11935616,8.779091,-0.3566007,0.3807559,-0.48205486,7.037673,0.7164357,-1.1426846,0.006256766,-1.1661506,-1.1309526,-1.141951,0.035197973,-1.1441506,-1.1397513,-1.191631,2.268086,1.3057668,1.260065,0.0148889655,1.2326583,1.2805538,1.2645886,0.04789555,1.2486234,1.2645886,-0.272832,-0.7872107,1.5879858,0.011871761,0.43521133,-3.5292506,3.2851763,0.04684063,6.814427,-0.09029117,0.10233574,0.7039745,25.303259,0.18954985
S9,1,0,-0.004060072,0.97698003,-4.8562183,3.922873,0.095272794,8.779091,-0.43207848,0.42904675,-0.27278152,3.8203459,0.9545065,-1.141291,0.016430063,-1.1661506,-1.047352,-1.1441506,0.11879861,-1.1485499,-1.1397513,3.1944277,13.159937,1.3028152,1.2448982,0.011792142,1.216693,1.2645886,1.2486234,0.04789555,1.2326583,1.2486234,-0.096138395,-0.37034464,1.5499108,0.00302207,0.6465778,-3.5292506,5.6435533,-0.006496743,9.172804,-0.14461108,0.13232674,1.2347801,15.964355,0.41807196
S9,1,0,0.0022250037,0.71312255,-2.692853,3.0507405,0.048844032,5.743593,-0.3534558,0.4056255,0.12644237,2.9107761,0.5085487,-1.142978,0.017292092,-1.1705499,-1.047352,-1.1441506,0.12319791,-1.1529527,-1.1397513,2.9338255,11.370849,1.3066977,1.2422373,0.010590079,1.216693,1.2645886,1.2486234,0.04789555,1.2326583,1.2486234,-0.027406532,-0.2148552,1.5432658,-0.01564162,0.50265974,-3.074678,5.6435533,-0.006496743,8.718231,-0.108963564,0.074608915,2.232583,33.440025,0.25291145
S9,1,0,0.028922144,0.83384025,-4.045163,3.6262586,0.05786495,7.671422,-0.39765003,0.44725412,0.18738104,4.674517,0.696126,-1.1546749,0.010354814,-1.19255,-1.1309526,-1.157352,0.061597347,-1.1617513,-1.1485499,-0.32023424,1.2879357,1.3333813,1.2403748,0.011472589,1.216693,1.2645886,1.2326583,0.04789555,1.2326583,1.2486234,0.058345214,-0.26332664,1.5386612,-0.016749686,0.36930814,-3.2116024,2.0906248,-0.025085112,5.302227,-0.07629948,0.056101207,-0.96762264,17.95101,0.13666902
S9,1,0,-0.011822597,0.9129751,-4.045163,3.6262586,0.021698514,7.671422,-0.506232,0.3997495,0.22016467,2.9856253,0.83366317,-1.1521451,0.05064362,-1.19255,-0.7393587,-1.157352,0.45319122,-1.1617513,-1.157352,6.47689,44.459366,1.3300031,1.2725708,0.04062434,1.216693,1.3444116,1.2645886,0.12771857,1.2326583,1.3144796,0.35957226,-1.3049258,1.6210866,0.13182539,1.0701072,-7.454816,11.587791,0.08616615,19.042606,-0.05707729,0.2701274,1.5757039,25.096413,1.1625073
S9,1,0,-0.018251894,0.72199625,-2.265973,2.709601,0.058278754,4.975574,-0.4657621,0.42126727,-0.015750224,0.8864682,0.52161175,-1.1581215,0.051904302,-1.1969492,-0.7393587,-1.1661506,0.45759052,-1.1749527,-1.157352,6.333016,42.86648,1.3439395,1.319933,0.024683418,1.2486234,1.3603768,1.3204653,0.111753464,1.3124843,1.3444116,-0.73574436,0.29764462,1.7428327,0.20326708,1.0082167,-7.454816,11.587791,0.13463125,19.042606,0.10464472,0.23806378,1.771323,31.712784,1.0578185
S9,1,0,0.007582726,0.682554,-1.681517,3.1323428,0.098086655,4.81386,-0.47416228,0.42792952,0.33632693,1.4238157,0.46593744,-1.1790212,0.008948352,-1.201352,-1.1617513,-1.179352,0.03960073,-1.1837513,-1.1705499,-0.43449724,-0.08305359,1.3901713,1.3404211,0.01936146,1.3124843,1.376342,1.3444116,0.063857794,1.3204653,1.3603768,0.13669598,-1.2623338,1.7971035,0.14575979,0.64200133,-5.767965,6.0181437,0.10464472,11.786108,0.10464472,0.18526976,0.3959242,34.159767,0.43341166
S9,1,0,-0.008015083,0.84388566,-3.6593325,3.1323428,0.0478509,6.7916756,-0.5200117,0.48217914,-0.07003971,1.6411929,0.71220726,-1.1896911,0.009783256,-1.2189492,-1.1705499,-1.1881506,0.04839933,-1.1969492,-1.1837513,-0.53367996,-0.28755522,1.4154608,1.3683597,0.025660101,1.3204653,1.4082724,1.376342,0.08780706,1.3603768,1.3923073,-0.4214378,-0.5769465,1.8730667,0.064952366,0.7004691,-5.767965,6.0181437,0.05841579,11.786108,-0.08329365,0.18526976,0.6636786,25.193382,0.4948758
S9,1,0,-0.0067611802,0.9797086,-3.6593325,4.3639874,0.09038991,8.02332,-0.5200117,0.57230556,-0.08793977,1.6715951,0.9598747,-1.1967673,0.009910405,-1.2321506,-1.1705499,-1.1969492,0.061600685,-1.201352,-1.1914501,-0.24880938,1.0091534,1.4323504,1.3944359,0.015276222,1.3603768,1.4242376,1.3923073,0.063860774,1.376342,1.4082724,0.18805827,-0.67668056,1.9446849,-0.006350629,0.5734841,-4.4639626,3.759395,-0.027409779,8.223357,-0.16743761,0.120797515,-0.3044837,14.88204,0.3289243
S9,1,0,0.0058183563,1.0176566,-3.1500232,4.3639874,0.117452666,7.5140104,-0.47767964,0.50328314,0.07343249,1.939497,1.0356586,-1.1972438,0.009668784,-1.2321506,-1.1749527,-1.1969492,0.05719781,-1.201352,-1.1914501,-0.7728371,0.9415107,1.4334865,1.417718,0.02315778,1.376342,1.4721302,1.4242376,0.09578812,1.4042811,1.4282289,0.20260476,-0.52217865,2.010461,0.001253295,0.6471676,-4.4639626,4.1137815,-0.015788687,8.577744,-0.1463655,0.13924025,0.022998584,11.50707,0.4188275
S9,1,0,0.012973198,1.1064456,-4.4059997,3.4844067,0.16984019,7.8904066,-0.35635242,0.47357205,-0.710973,2.8879318,1.2243901,-1.1943469,0.008319016,-1.2233485,-1.1749527,-1.19255,0.048395753,-1.1969492,-1.1881506,-0.85250956,1.375998,1.426534,1.4403348,0.014825635,1.4082724,1.4721302,1.4481839,0.063857794,1.4242376,1.4481839,-0.2272635,0.2050519,2.0747848,-0.030145966,0.5134815,-3.5149262,4.1137815,-0.015788687,7.628708,-0.19557112,0.030623982,0.69083816,18.06281,0.26457205
S9,1,0,-0.003005219,1.0399088,-4.4059997,3.722923,0.15999165,8.128922,-0.38221514,0.44510233,-0.7353622,3.4724069,1.0814193,-1.1948235,0.00635034,-1.2233485,-1.179352,-1.1969492,0.043996453,-1.1969492,-1.19255,-0.83178765,3.0548759,1.4276435,1.4464548,0.012025306,1.4242376,1.4721302,1.4481839,0.04789257,1.4402028,1.4481839,0.72197026,0.7688167,2.0923762,-0.033759907,0.43925387,-3.5149262,2.487465,-0.013465141,6.002391,-0.19557112,0.030623982,-0.32404876,16.384886,0.19408369
S9,1,0,-0.01658185,0.75845706,-3.167403,3.722923,0.1188596,6.890326,-0.4206161,0.41452226,-0.30732635,3.1497622,0.575532,-1.2024139,0.009471129,-1.2321506,-1.1881506,-1.201352,0.04399991,-1.2068511,-1.1969492,-0.69358265,0.4877448,1.445889,1.4453905,0.012689856,1.4242376,1.4721302,1.4402028,0.04789257,1.4402028,1.4481839,0.6835415,0.54141426,2.089315,-0.034013826,0.4823225,-3.1751573,4.2974024,-0.03671181,7.47256,-0.127655,-0.013465141,1.8339276,22.506178,0.23379193
S9,1,0,-0.0025832227,0.8586798,-3.167403,4.5899243,0.12233554,7.757327,-0.47341746,0.4708823,0.11714692,4.3522325,0.73733765,-1.204284,0.010198233,-1.2321506,-1.179352,-1.2057513,0.05279851,-1.2101506,-1.1969492,0.08627878,0.13765192,1.4504039,1.4593595,0.024307609,1.4242376,1.5040606,1.4481839,0.07982302,1.4402028,1.4761214,0.5704382,-0.9285064,2.130321,-0.051707316,0.49723864,-2.9665558,4.2974024,-0.09029117,7.263958,-0.17974098,0.028306037,2.250931,20.733217,0.2499199
S9,1,0,0.015677579,0.9614876,-3.0957322,4.5899243,0.13052885,7.6856565,-0.5472814,0.53928405,0.31491765,2.8157291,0.9247042,-1.2012405,0.009410526,-1.2365499,-1.179352,-1.201352,0.05719781,-1.2057513,-1.1969492,-0.48214588,1.110837,1.4430674,1.4902245,0.024029722,1.4242376,1.5200258,1.5040606,0.09578824,1.4841042,1.5040606,-1.0410587,0.17992496,2.2213466,-0.060118724,0.33681968,-2.4983826,2.9131176,-0.055330426,5.4115,-0.17915505,0.039892398,1.8120371,25.94587,0.11706174
S9,1,0,0.0022504285,0.9195985,-3.3469937,3.4402125,0.14592233,6.787206,-0.6001655,0.50617975,-0.043778326,1.1079521,0.8456665,-1.201094,0.008896515,-1.2365499,-1.179352,-1.201352,0.05719781,-1.2057513,-1.1969492,-0.55718976,1.8325596,1.442706,1.5205579,0.02121365,1.4880954,1.5679214,1.5200258,0.079826,1.5040606,1.5359911,0.6209723,-0.5745127,2.3125467,-0.04737711,0.46407482,-3.8977544,3.5771565,-0.04369253,7.4749107,-0.20026414,0.039892398,0.03406766,22.88712,0.21761005
S9,1,0,0.005310593,0.9471684,-3.6545324,2.5050163,0.12349419,6.1595488,-0.61224854,0.58554727,-0.40565452,0.75900054,0.8971563,-1.1990405,0.010016753,-1.2321506,-1.179352,-1.1969492,0.05279851,-1.2057513,-1.19255,-0.079117745,0.017882347,1.4377989,1.5534195,0.022788208,1.5040606,1.5918677,1.5679214,0.08780706,1.5359911,1.5679214,-0.76963764,-0.5959661,2.4136312,-0.033711553,0.6135202,-3.8977544,4.6268597,-0.078630865,8.524614,-0.16743761,0.0653573,0.9561332,14.341169,0.3775435
S9,1,0,0.0006894385,1.1841836,-5.8283253,3.092452,0.09361758,8.920777,-0.6359181,0.6958673,-0.9131681,3.1445265,1.4022912,-1.1968403,0.009461818,-1.2321506,-1.179352,-1.1969492,0.05279851,-1.201352,-1.19255,-0.7364116,0.88761854,1.4325165,1.5923998,0.027103115,1.5679214,1.6477444,1.5759026,0.07982302,1.5679214,1.615814,0.6632174,-1.0746245,2.536472,-0.030209346,0.59344405,-2.963793,4.6268597,-0.09029117,7.5906525,-0.1744665,0.076921254,2.014036,15.584206,0.35308844
S9,1,0,-0.007042389,1.0218935,-5.8283253,3.092452,0.100238435,8.920777,-0.5069769,0.46674427,-1.1652822,6.486762,1.0443158,-1.1904973,0.0087614525,-1.2189492,-1.1749527,-1.1881506,0.043996453,-1.19255,-1.1837513,-1.0116239,1.4811397,1.4173607,1.6206037,0.020876598,1.5679214,1.6477444,1.6317792,0.07982302,1.615814,1.6317792,-1.0132827,0.4069662,2.6267924,-0.062929615,0.43324813,-2.261403,4.1764164,-0.11129943,6.4378195,-0.11830705,-0.04369253,2.6448479,27.616611,0.19166408
S9,1,0,0.00017995908,0.42625576,-1.1559864,0.8448366,0.13417032,2.000823,-0.320186,0.32249236,-0.60255927,-0.6336558,0.18169403,-1.1861709,0.0065711453,-1.2101506,-1.1749527,-1.185951,0.035197854,-1.1881506,-1.1826515,-0.9766117,1.971909,1.407045,1.6103598,0.023340259,1.5679214,1.6477444,1.615814,0.07982302,1.5918677,1.6317792,-0.13345799,-1.348463,2.593804,-0.094289385,0.07757316,-0.34871566,0.18756755,-0.11129943,0.5362832,-0.11129943,-0.04369253,-0.640409,1.9430871,0.014908082
S9,1,0,-0.0003964356,0.41266832,-1.1559864,0.8448366,0.12746671,2.000823,-0.3150962,0.32538897,-0.6401711,-0.6219423,0.17029527,-1.1874174,0.0058292286,-1.2101506,-1.1749527,-1.1881506,0.035197854,-1.19255,-1.1837513,-0.58754146,1.6412392,1.4099945,1.5818897,0.017404558,1.5519563,1.6317792,1.5759026,0.0798229,1.5759026,1.5918677,0.82300925,1.0333142,2.5026777,-0.08087244,0.128928,-0.7869573,1.0481031,-0.04369253,1.8350604,-0.11830705,-0.04369253,0.60242826,11.797804,0.023162782
S9,1,0,-0.006909974,0.8005048,-3.2920406,5.3572817,0.10007292,8.6493225,-0.42752662,0.38390082,0.46178403,6.4459496,0.6408557,-1.1914871,0.0069100778,-1.2101506,-1.179352,-1.19255,0.030798554,-1.1969492,-1.1881506,-0.5452344,-0.008505106,1.4196897,1.5781647,0.01993369,1.5519563,1.615814,1.5759026,0.063857675,1.5679214,1.5759026,0.9027663,-0.23410058,2.4910014,-0.04547836,0.30521667,-1.5778773,2.559002,-0.04369253,4.136879,-0.1744665,0.028306037,2.0284965,19.133677,0.09522549
S9,1,0,-0.0044794003,0.9955694,-4.1509314,5.3572817,0.114969835,9.508213,-0.5315982,0.52434576,-0.26478884,3.500753,0.99117845,-1.194897,0.007491351,-1.2233485,-1.1749527,-1.1969492,0.048395753,-1.1980499,-1.19255,-0.12049167,1.0202451,1.4278353,1.5958588,0.02274097,1.5519563,1.6317792,1.5918677,0.0798229,1.5679214,1.615814,-0.3805703,-1.2797312,2.5472822,-0.025660994,0.41183856,-2.930682,2.559002,-0.05067437,5.489684,-0.108963564,0.076921254,0.7045833,12.055134,0.17026949
S9,1,0,6.226698e-05,1.0788465,-4.1509314,3.8988724,0.100238435,8.049804,-0.59768265,0.54309106,-0.22156347,1.4886847,1.1639098,-1.1958504,0.007302045,-1.2233485,-1.1749527,-1.1969492,0.048395753,-1.201352,-1.19255,-0.36798707,2.4251456,1.4301115,1.6150159,0.016404297,1.5759026,1.6477444,1.615814,0.071841836,1.615814,1.6317792,-0.46446136,-0.3107493,2.608546,-0.029093182,0.3433307,-2.930682,2.3003197,-0.05067437,5.231002,-0.10429406,0.05841579,0.32613963,18.29791,0.118722394
S9,1,0,0.004295043,1.3128303,-4.8479424,4.2191563,0.088155374,9.067099,-0.6734915,0.6667769,-0.17915507,1.0988421,1.7235417,-1.1917074,0.008932397,-1.2233485,-1.1705499,-1.19255,0.05279863,-1.1969492,-1.1881506,0.025559638,0.67826486,1.4202461,1.6283203,0.015855962,1.5918677,1.6637096,1.6317792,0.071841955,1.615814,1.6357706,-0.34737554,-0.07520342,2.6516778,-0.031236207,0.58335966,-6.5493836,4.55053,-0.05067437,11.099914,-0.11830705,0.05841579,-0.689362,36.82904,0.3412842
S9,1,0,0.00681503,1.0415301,-4.8479424,4.2191563,0.117287144,9.067099,-0.37443563,0.46086824,-0.58590436,4.39146,1.0848315,-1.1799009,0.010201725,-1.2101506,-1.1617513,-1.179352,0.04839933,-1.1881506,-1.1705499,-0.4898175,-0.49371552,1.3922706,1.6472123,0.020552393,1.5918677,1.6796749,1.6477444,0.08780718,1.6317792,1.6637096,-0.59997886,0.15689898,2.7137303,-0.025124509,0.664405,-6.5493836,4.574758,-0.025085112,11.124142,-0.14870584,0.09540768,-0.5510313,30.3139,0.44206524
S9,1,0,0.0061827754,0.70454663,-3.1002014,3.166109,0.07706544,6.2663107,-0.39384302,0.37868685,-0.2810846,3.566434,0.49642417,-1.1647211,0.024689084,-1.1969492,-1.0165533,-1.1705499,0.18039596,-1.1749527,-1.1661506,3.7887754,17.365585,1.3571851,1.6570575,0.011398344,1.6317792,1.6796749,1.6637096,0.04789567,1.6477444,1.6637096,0.2550549,-0.39455867,2.745969,0.016003286,0.70336944,-5.0092835,4.846989,0.007432211,9.856273,-0.14870584,0.15306164,0.92884594,15.4974,0.4949847
S9,1,0,0.0014401505,1.2383858,-7.5530586,4.2671576,0.0729274,11.820216,-0.4707691,0.48693788,-1.1964247,7.4478188,1.5336014,-1.0587566,0.10102164,-1.1969492,-0.9285567,-1.012154,0.26839256,-1.1661506,-0.95495605,-0.06770461,-1.8813314,1.131171,1.6466802,0.011238832,1.615814,1.6637096,1.6477444,0.04789567,1.6477444,1.6477444,-0.47950363,0.42937493,2.7116811,0.04251607,0.8698055,-4.345281,9.80821,0.030623982,14.153492,-0.2307985,0.29813766,1.9333382,20.541162,0.7583693
S9,1,0,-0.007699217,1.2052556,-7.5530586,4.2671576,0.04305078,11.820216,-0.35775936,0.37367985,-1.1727697,8.802904,1.4527004,-0.95411175,0.015785696,-1.0077547,-0.9285567,-0.95495605,0.079198,-0.95935535,-0.9417547,-1.0495269,1.1774845,0.91057867,1.6381651,0.01018109,1.615814,1.6477444,1.6317792,0.031930447,1.6317792,1.6477444,-0.5860697,-0.61842036,2.6836889,0.042819522,0.70728654,-4.345281,9.80821,0.007432211,14.153492,-0.13700856,0.21283303,2.9463038,44.05714,0.5020878
S9,1,0,-0.0031224592,0.7122821,-3.2635708,3.9611084,0.047106057,7.224679,-0.33094487,0.3109886,0.1095217,6.078045,0.5073556,-0.9462284,0.011217526,-0.98135537,-0.9197547,-0.946154,0.061600685,-0.95165646,-0.9373554,-0.7268192,0.7538781,0.89547426,1.6317792,0.013902741,1.5918677,1.6477444,1.6317792,0.055876732,1.615814,1.6477444,-0.66243243,0.22041225,2.6628966,0.01585007,0.42705074,-3.1415913,4.62314,-0.027409779,7.7647314,-0.08329365,0.12310342,0.8171074,30.434868,0.18262358
S9,2,1,0.0021709462,1.3621038,-7.7391047,5.969877,0.029478021,13.7089815,-0.23357691,0.30916786,-0.9863675,9.5919485,1.8553314,1.4022051,0.1341593,1.2188379,1.7204283,1.3904352,0.5015905,1.2705367,1.509234,0.57442033,-0.7123449,1.9841783,0.7981489,0.018340085,0.7696794,0.84950244,0.7936257,0.07982302,0.7936257,0.7996123,1.0397313,0.57216215,0.63737786,-0.11371029,0.62816924,-8.47918,9.030282,-0.13233122,17.509462,-0.23315005,0.028306037,0.98918587,85.696144,0.4075266
S9,2,1,-0.014926467,0.93396467,-4.6264744,5.969877,0.011436187,10.596352,-0.19836223,0.24751112,-0.12112407,8.436197,0.8725128,1.2603447,0.06745109,1.0648412,1.4256365,1.2584386,0.36079538,1.2309394,1.2815384,0.16767491,0.92584634,1.5930182,0.7788583,0.012436739,0.7537142,0.7936257,0.7776605,0.03991151,0.7756652,0.7936257,-0.48797372,-0.38166595,0.60677487,-0.10859526,0.35912865,-3.9330535,2.3518994,-0.055330426,6.284953,-0.22374831,0.0027907202,-1.3885444,31.908356,0.14076631
S9,2,1,-0.0041282694,0.83860636,-5.9885497,4.127954,0.023436489,10.116504,-0.20610034,0.23542805,-1.1527326,12.755827,0.70327765,1.2085358,0.04642017,1.0648412,1.2936364,1.2188379,0.22879529,1.1704385,1.2408378,-0.5262292,-0.18321204,1.4627134,0.75664073,0.019874264,0.7058186,0.7936257,0.7537142,0.08780712,0.73774904,0.7776605,-0.4666554,-0.2185731,0.57290024,-0.099624395,0.5365056,-4.848124,6.6603007,-0.055330426,11.508425,-0.20261122,-0.0018530113,0.74049973,46.681267,0.29776332
S9,2,1,0.0074293464,1.252037,-7.2360854,4.981548,0.057533905,12.217633,-0.21520403,0.2815258,-1.1809791,8.707164,1.5676519,1.2222488,0.058623828,1.1132405,1.4036366,1.2166382,0.2903961,1.18364,1.2408378,1.08062,1.2383428,1.497329,0.72338027,0.024853125,0.6738882,0.7696794,0.7217838,0.09579122,0.7058186,0.73774904,-0.21947995,-0.7830713,0.5238968,-0.088890664,0.6216057,-4.848124,6.6603007,-0.08329365,11.508425,-0.22139788,0.030623982,0.4945599,30.104717,0.3942952
S9,2,1,0.005684826,1.1994433,-7.2360854,4.981548,0.061258137,12.217633,-0.23303896,0.27035308,-1.0315459,9.133793,1.4386966,1.2868543,0.06825051,1.13964,1.4388344,1.2980357,0.29919446,1.2276399,1.3299376,0.08153399,-0.6553016,1.6606522,0.68785805,0.02393069,0.64196086,0.73774904,0.6898534,0.09578818,0.6738882,0.7058186,-0.0331058,-0.6183474,0.47372139,-0.097078905,0.43907002,-3.56081,3.82302,-0.16743761,7.38383,-0.23315005,0.028306037,-0.3759002,26.64888,0.20220678
S9,2,1,0.0035269335,0.6368203,-2.6854045,2.3914688,0.017312195,5.0768733,-0.24251507,0.23095898,-0.32403833,4.1285963,0.4055526,1.3157837,0.040365577,1.2188379,1.4388344,1.3156364,0.21999657,1.3013378,1.3299376,0.5739953,1.7827859,1.7329161,0.655397,0.02011382,0.62599564,0.6898534,0.6499419,0.063857794,0.64196086,0.6738882,0.48419002,-1.034786,0.42994964,-0.1121717,0.29133394,-2.3887815,2.6465595,-0.16743761,5.0353413,-0.22139788,0.028306037,-0.16978347,17.61638,0.09745797
S9,2,1,-0.002314078,0.6743553,-4.1961184,3.8843064,-0.0029641779,8.080425,-0.23626664,0.21287575,-0.120352484,8.237962,0.45476043,1.33804,0.044534948,1.2320392,1.4432337,1.3266381,0.21119452,1.3068378,1.3728346,0.44935206,-0.430645,1.7923344,0.62852323,0.015662273,0.5940652,0.6499419,0.62599564,0.055876732,0.6100304,0.64196086,-0.261127,-1.4533759,0.3952869,-0.10511027,0.29714406,-2.4101079,2.6465595,-0.1416859,5.0566673,-0.22139788,0.030623982,-0.3948454,19.938444,0.099342756
S9,2,1,-0.0020385524,0.5394547,-4.1961184,3.8843064,-0.005198717,8.080425,-0.20312098,0.18424055,0.5000288,16.914253,0.29101554,1.390839,0.0509929,1.2936364,1.5312338,1.3816366,0.23759735,1.3596367,1.4091357,0.7154788,0.32316923,1.9370333,0.6016486,0.020164244,0.5461696,0.6499419,0.6100304,0.10377234,0.5900739,0.6100304,0.17415695,0.1597178,0.36238766,-0.09567847,0.23953404,-2.4101079,1.4376007,-0.13700856,3.8477087,-0.22139788,0.030623982,-0.8413219,16.925507,0.06653092
S9,2,1,-9.428126e-05,0.6897277,-2.7653515,3.187958,-0.0036262635,5.9533095,-0.25294292,0.21895868,0.2404321,2.903716,0.4757244,1.4304384,0.048172027,1.333237,1.5576333,1.4300358,0.22439623,1.3937347,1.4531357,0.5401184,-0.08388901,2.0484743,0.5637318,0.027644183,0.51424223,0.6100304,0.5781,0.09578818,0.5461696,0.58209133,-0.38768008,-1.0073178,0.31855765,-0.07215901,0.3553962,-3.9242208,3.4913354,-0.06231787,7.415556,-0.18149877,0.030623982,-0.7648805,34.043167,0.1315134
S9,2,1,-0.005509419,0.69855475,-2.7653515,3.187958,-0.005612521,5.9533095,-0.29184043,0.24159373,0.20502552,2.590353,0.48800912,1.4845206,0.062449846,1.3992338,1.6940292,1.4784352,0.2947954,1.4344351,1.5136333,1.2979958,1.9948826,2.2077017,0.52701306,0.020825084,0.49827704,0.5781,0.5222233,0.07982299,0.51424223,0.5461696,0.72825694,-0.38177347,0.27817646,-0.070235625,0.33984914,-3.9242208,3.4913354,-0.046019435,7.415556,-0.086209565,-0.008819168,-0.7582061,40.42772,0.1204305
S9,2,1,0.0013979137,0.59959596,-3.3508008,2.5177617,-0.019930124,5.8685627,-0.23829427,0.27362216,-0.18890318,4.408231,0.35951728,1.5544792,0.06306404,1.4300358,1.7116297,1.542232,0.28159392,1.509234,1.5939307,0.40014374,-0.42850304,2.4203827,0.5012038,0.01686847,0.4344162,0.5222233,0.49827704,0.08780709,0.49827704,0.51424223,-1.1757938,2.3886204,0.2514898,-0.079712234,1.0889106,-9.201191,19.021324,-0.027409779,28.222515,-0.25902948,0.016711831,9.294359,193.57578,1.1920806
S9,2,1,0.022438534,0.80705416,-3.7228928,2.9942977,-0.0033779815,6.7171907,-0.28377128,0.36859006,-0.34107772,3.0557961,0.6518399,1.6156377,0.076415636,1.5004351,1.8656261,1.5950305,0.36519098,1.5664319,1.6379308,1.3769964,1.7703228,2.6161244,0.46341965,0.030915348,0.41845098,0.51424223,0.46634662,0.09579125,0.4344162,0.49827704,-0.11221735,-1.4759717,0.21571353,-0.07929527,1.123283,-9.201191,19.021324,-0.029735567,28.222515,-0.25902948,0.030623982,8.489013,170.7,1.2680523
S9,2,1,0.0061243298,0.8593047,-3.7228928,4.9173255,0.03725753,8.640219,-0.29101282,0.3423549,0.43205944,5.550252,0.73844206,1.6708199,0.079055555,1.5268345,1.8656261,1.6632304,0.3387916,1.5972302,1.7248276,0.33036706,-0.67198086,2.797889,0.42417204,0.020356141,0.3785395,0.46634662,0.41845098,0.08780712,0.41845098,0.4344162,0.24532372,0.32124162,0.18033634,-0.07946531,0.38301423,-2.8948889,2.234111,-0.028572673,5.1289997,-0.20495829,0.028306037,0.008212749,11.633808,0.15301463
S9,2,1,-0.020489713,0.95257443,-2.9821844,4.9173255,-0.01802663,7.89951,-0.5081769,0.38588703,0.7494591,3.2570024,0.90781796,1.6629369,0.075979106,1.4784352,1.7996264,1.6676297,0.3211912,1.6060325,1.7171289,-0.33475542,-0.6401689,2.771132,0.3930411,0.023745835,0.35459322,0.4344162,0.3945047,0.07982299,0.3705584,0.41845098,-0.023163859,-1.3649656,0.15504517,-0.062877856,1.4961249,-11.036955,15.488831,-0.07396809,26.525785,-0.22139788,0.031782676,1.9568728,36.112762,2.2423434
S9,2,1,-0.006030217,1.3912468,-7.654192,6.442606,-0.04624803,14.096798,-0.5601093,0.65895605,-0.45531094,5.8199577,1.9356039,1.6015949,0.07645705,1.4344351,1.7732269,1.6060325,0.33879173,1.553234,1.6511296,-0.1092167,-0.40825558,2.570952,0.3674979,0.017854467,0.3226628,0.41845098,0.3705584,0.09578818,0.35459322,0.3785395,0.100574605,1.3564777,0.1353735,-0.06816914,1.5072621,-11.036955,15.488831,-0.108963564,26.525785,-0.23785204,0.11156831,1.9283804,35.000294,2.276486
S9,2,1,0.0048463503,1.4929897,-7.654192,6.442606,0.103135064,14.096798,-0.40787095,0.68341184,-0.6278715,4.5022893,2.2290413,1.6104678,0.07788478,1.364036,1.7732269,1.6192304,0.4091909,1.5752305,1.6588311,-0.575359,0.32017994,2.5996728,0.35100088,0.01781512,0.3226628,0.3785395,0.35459322,0.055876702,0.33862802,0.35858452,-0.18309696,-0.92704034,0.123518996,0.0014691512,1.5473567,-7.89795,12.418449,-0.080962256,20.316399,-0.2496143,0.14154474,1.7139115,16.013187,2.394315
S9,2,1,-0.010696622,0.97833955,-4.4376144,4.1160364,0.044954278,8.553651,-0.32055843,0.35112754,-0.5968653,3.9248013,0.9572626,1.6818564,0.07895318,1.364036,1.8480257,1.6742287,0.48398972,1.6445297,1.73363,-0.4286769,1.4542484,2.8348744,0.33995846,0.0134498915,0.3226628,0.3705584,0.33862802,0.04789561,0.3226628,0.35459322,0.008900665,-1.2424821,0.11575266,0.0061793486,1.5351987,-7.89795,12.418449,-0.080962256,20.316399,-0.2496143,0.11156831,1.7456644,16.59288,2.3568735
S9,2,1,0.0039430577,1.2906027,-6.081242,5.2107954,0.028402133,11.292038,-0.43216124,0.46782017,-0.6750522,5.0117474,1.6656708,1.6940295,0.059170354,1.6016332,1.8480257,1.6852306,0.24639249,1.6500288,1.7248276,0.778094,-0.044047832,2.8732371,0.34102282,0.01297838,0.3066976,0.3705584,0.33862802,0.063860804,0.33862802,0.35459322,-0.09447778,-0.19701767,0.116464995,0.0834689,2.4875596,-13.050494,34.85443,-0.080962256,47.904926,-0.2496143,0.13290286,4.6022887,55.834476,6.19492
S9,2,1,0.01290216,1.4042224,-6.081242,5.2107954,0.027822807,11.292038,-0.54512966,0.65216964,-0.54492956,3.146255,1.9720072,1.6967428,0.045389358,1.6016332,1.7908278,1.7006297,0.18919456,1.6676297,1.7248276,-0.09955609,-0.7239444,2.8809962,0.3229289,0.023408076,0.29073238,0.3705584,0.3066976,0.07982603,0.3066976,0.33862802,0.19327019,-1.3758264,0.104831,0.13322896,2.7572162,-13.050494,34.85443,-0.09962457,47.904926,-0.37002194,0.2992798,3.996543,40.420208,7.619991
S9,2,1,-0.0018374348,1.0325371,-3.574089,4.5362954,0.010691341,8.110384,-0.4010432,0.40728068,-0.05758201,1.8468089,1.0661362,1.7980508,0.11544183,1.6104318,2.0856228,1.7534285,0.475191,1.7116297,1.8876263,0.8282547,-0.41168618,3.2463138,0.29459068,0.011612851,0.2508209,0.3066976,0.29073238,0.055876702,0.29073238,0.3066976,-0.97377735,1.6715508,0.08691854,-0.05152302,1.2570215,-6.1265216,21.479359,-0.1416859,27.60588,-0.22139788,0.04684063,7.384506,109.86529,1.582758
S9,2,1,-0.00057377864,0.8446654,-3.574089,4.5362954,0.040899,8.110384,-0.17427886,0.23873848,-0.23210362,4.7551317,0.7134599,1.9045655,0.09639331,1.6808308,2.0856228,1.9140258,0.40479195,1.8700254,1.9591256,-0.6840695,0.2070806,3.6366618,0.28048828,0.014797288,0.2508209,0.3066976,0.29073238,0.055876702,0.2747672,0.29073238,-0.86956155,-0.12283802,0.07889264,-0.13234316,0.3381898,-3.0413294,4.0395355,-0.18853326,7.080865,-0.20261122,-0.10312669,2.158232,41.617065,0.13188705
S9,2,1,-0.00036351086,0.55511916,-3.1998453,3.6221206,0.029560782,6.821966,-0.20237613,0.22301395,-0.12460884,9.532316,0.30815735,1.9462179,0.05264897,1.7644283,2.063623,1.9360256,0.2991947,1.9173253,1.975623,0.1329976,0.44333076,3.7905362,0.26079884,0.020173635,0.22687462,0.29073238,0.2508209,0.063857764,0.24283983,0.2747672,0.008933903,-1.1934103,0.068423025,-0.12616184,0.35751712,-6.318522,3.7806249,-0.14519587,10.099147,-0.20261122,-0.06930755,-3.8530724,119.75859,0.14373527
S9,2,1,-0.0040220562,0.90229845,-6.6746364,3.8243878,0.034691945,10.499024,-0.27814353,0.34636882,-1.4005318,13.272985,0.8141586,1.997147,0.089295484,1.7644283,2.2484183,1.984425,0.48399007,1.9316263,2.0328243,1.0895101,1.3397117,3.9965696,0.23898108,0.015729269,0.21090941,0.2747672,0.24283983,0.06385778,0.22687462,0.24283983,0.76573265,0.36558723,0.05735936,-0.105695456,0.5472463,-6.318522,3.7806249,-0.08329365,10.099147,-0.16743761,-0.025085112,-0.6932028,31.310654,0.31065002
S9,2,1,-0.0018391579,0.9564146,-6.6746364,3.8243878,0.06721692,10.499024,-0.32767582,0.38650775,-1.2956439,9.783319,0.9147322,2.0906084,0.102102414,1.883227,2.314418,2.0856228,0.4311911,2.0152237,2.1747193,0.09295777,-0.8296697,4.3810687,0.23246238,0.010336278,0.21090941,0.2508209,0.22687462,0.039911494,0.22687462,0.24283983,-0.2598161,-0.6607003,0.054145593,-0.09070347,0.5422484,-2.963793,3.732348,-0.08329365,6.6961412,-0.22198549,-0.008238562,0.8903921,13.602762,0.30226046
S9,2,1,0.004736617,0.6797397,-2.9955916,2.2974527,0.04180937,5.293044,-0.29059905,0.2992366,-0.2124393,2.7908587,0.4620685,2.0941284,0.07995199,1.9624251,2.314418,2.0856228,0.35199296,2.0284216,2.143921,0.6281347,-0.16075134,4.391765,0.2300676,0.011857952,0.21090941,0.2508209,0.22687462,0.039911494,0.22687462,0.24283983,-0.18672796,-0.98707485,0.05307171,-0.0880767,0.34039918,-2.2931542,3.0371819,-0.11129943,5.330336,-0.22139788,0.04857713,2.033161,24.184622,0.12362911
S9,2,1,0.0004839264,0.48381,-2.9955916,1.929995,-0.039544415,4.9255867,-0.2725572,0.23538668,0.38181347,4.355027,0.23407234,2.0271397,0.054386415,1.9360256,2.164821,2.019623,0.22879529,1.9888242,2.0603235,0.42826688,-0.6026473,4.112253,0.22767286,0.009411351,0.21090941,0.24283983,0.22687462,0.031930417,0.22687462,0.22687462,-0.01097719,-0.14108968,0.051923506,-0.10226042,0.18690215,-0.95992035,1.946137,-0.11129943,2.9060574,-0.22139788,0.021351082,2.7414808,28.86081,0.04538961
S9,2,1,-0.0031009936,0.47350088,-1.3340875,1.7272313,-0.0656968,3.0613189,-0.28219882,0.18113703,0.8796843,1.9838576,0.2242127,2.0151134,0.050943673,1.9360256,2.1384218,2.0064251,0.20239615,1.9800256,2.0427227,0.62051207,-0.31657815,4.0632772,0.22447982,0.010837935,0.1949442,0.24283983,0.22687462,0.047895625,0.22288331,0.22687462,-0.4451183,0.4707024,0.050508656,-0.13126211,0.16284463,-0.95992035,1.946137,-0.18853326,2.9060574,-0.18853326,-0.11129943,4.268547,50.95467,0.043748118
S9,2,1,-0.0020940702,0.40926772,-1.3340875,1.7272313,-0.0056952816,3.0613189,-0.2576189,0.19975819,0.7001973,3.0467095,0.16750446,1.9875406,0.051894218,1.8964249,2.1384218,1.9822253,0.24199688,1.9448242,2.0152237,0.869883,0.44157767,3.9530106,0.21915808,0.010706481,0.1949442,0.24283983,0.21090941,0.047895625,0.21090941,0.22687462,0.27082336,-0.24941587,0.048144896,-0.13656515,0.06302091,-0.39135286,0.093097575,-0.14870584,0.48445043,-0.18853326,-0.071637824,1.3880012,3.2494764,0.022621669
S9,2,1,0.0017492189,0.3457483,-0.8818829,1.141782,0.021781275,2.023665,-0.26233628,0.23269695,0.23399542,0.17041302,0.11954495,1.9364282,0.03686063,1.8480257,2.0240223,1.9404249,0.17599666,1.9140258,1.9591256,-0.014464796,-0.40459037,3.751113,0.21782763,0.011426252,0.1949442,0.24283983,0.21090941,0.047895625,0.21090941,0.22687462,0.23480217,-0.18551326,0.04757945,-0.103335984,0.04346865,-0.39135286,0.093097575,-0.071637824,0.48445043,-0.14870584,-0.071637824,-0.9601963,2.4174685,0.012567846
S9,2,1,0.006280628,0.36229298,-0.939981,1.0133374,0.048512988,1.9533184,-0.27119163,0.27188417,0.012189636,-0.30525708,0.13129565,1.9041988,0.037242703,1.8304285,1.9976228,1.9030255,0.16719437,1.8788277,1.9228244,0.2914972,-0.32801628,3.6273599,0.2125059,0.010387614,0.1949442,0.24283983,0.21090941,0.047895625,0.21090941,0.21090941,0.6244675,1.1238194,0.04526667,-0.08131477,0.034358874,-0.3510818,-0.027409779,-0.071637824,0.323672,-0.071637824,-0.071637824,-2.1244934,9.496126,0.007792623
S9,2,1,0.0010858412,0.34061113,-0.939981,1.0416416,0.07747924,1.9816226,-0.26742604,0.24486278,-0.21777049,-0.38673472,0.116017126,1.8834457,0.034797654,1.7908278,1.9624251,1.883227,0.17159736,1.852425,1.9096265,0.11637682,-0.69685936,3.548579,0.20718415,0.008920855,0.178979,0.22687462,0.21090941,0.047895625,0.21090941,0.21090941,-1.1582685,1.8532205,0.04300487,-0.06130434,0.037128847,-0.3510818,-0.027409779,-0.071637824,0.323672,-0.071637824,-0.027409779,-1.8289777,7.4667435,0.0051367725
S9,2,1,-0.0074542034,0.32126054,-1.0493907,1.0416416,0.08285868,2.0910323,-0.26063967,0.23311076,-0.4241139,-0.34221864,0.103263885,1.8863792,0.034900952,1.7908278,1.9624251,1.883227,0.17159736,1.8612268,1.9140258,0.16182221,-0.54682755,3.5596445,0.21064329,0.011472631,0.178979,0.22687462,0.21090941,0.047895625,0.21090941,0.21090941,-0.5142838,0.3866725,0.044502232,-0.04869588,0.045518223,-0.3510818,0.053786624,-0.027409779,0.40486842,-0.071637824,-0.027409779,-3.1146264,13.14126,0.004443197
S9,2,1,0.0037267676,0.38113818,-1.1116269,1.710017,0.05927188,2.8216438,-0.25919136,0.24763526,0.3381928,1.7060971,0.14528018,1.9215052,0.0431835,1.8260255,2.0108244,1.9228244,0.18479896,1.883227,1.9492235,0.3156604,-0.63390255,3.6940472,0.21729547,0.009754904,0.1949442,0.22687462,0.21090941,0.031930417,0.21090941,0.22687462,-0.490982,-0.64286256,0.047312483,-0.076448284,0.06797332,-0.5461611,0.48853624,-0.10429406,1.0346973,-0.10429406,-0.027409779,-0.76954687,10.653248,0.010464712
S9,2,1,-0.0006079972,0.39954484,-1.1116269,1.710017,0.021698514,2.8216438,-0.26316386,0.23712464,0.46986565,1.4777555,0.15963645,1.9640009,0.041078262,1.8744247,2.0680223,1.9580258,0.19359756,1.9360256,1.9888242,0.38109308,0.013469934,3.858987,0.21942417,0.009870349,0.1949442,0.22687462,0.22687462,0.031930417,0.21090941,0.22687462,-0.9729981,-0.09816718,0.04824439,-0.11608152,0.086593166,-1.1420174,1.0656765,-0.10429406,2.2076938,-0.14870584,-0.10429406,1.6059734,69.82594,0.020973297
S9,2,1,-0.011084554,0.36259085,-1.0050309,1.157341,0.022195078,2.1623719,-0.27007437,0.23075207,-0.0089237895,-0.023335695,0.13159499,2.027983,0.09428454,1.9184251,2.2660186,2.002022,0.34759355,1.9536228,2.0647228,1.1516627,0.3098452,4.121604,0.21729547,0.010590121,0.1949442,0.22687462,0.21889201,0.031930417,0.21090941,0.22687462,-0.65783536,-0.6281054,0.04732948,-0.12054976,0.07781223,-1.1420174,1.0656765,-0.10429406,2.2076938,-0.17681022,-0.10429406,2.3609014,104.03305,0.020586988
S9,2,1,0.0001346968,0.39603278,-1.0616393,1.4501483,0.026002072,2.5117877,-0.29353702,0.25189745,0.15266487,0.10861182,0.15684198,2.0649054,0.0977672,1.9184251,2.2660186,2.035024,0.34759355,2.0009222,2.1329198,0.5263945,-0.8222835,4.2733927,0.20718415,0.011792179,0.1949442,0.22687462,0.21090941,0.031930417,0.1949442,0.21090941,0.40020165,-1.0871221,0.04306435,-0.095546804,0.1499917,-1.4994099,2.6851344,-0.10429406,4.1845446,-0.10429406,-0.08795866,6.3762574,150.60826,0.031626705
S9,2,1,0.008264558,0.385647,-1.0616393,1.4501483,0.0659755,2.5117877,-0.2967647,0.27713948,0.031190846,0.04249835,0.14879188,2.0820284,0.06984178,1.9316263,2.2308173,2.090022,0.299191,2.0284216,2.1296194,-0.08183465,-0.42842627,4.3397202,0.19387983,0.01123882,0.1630138,0.21090941,0.1949442,0.04789561,0.1949442,0.1949442,-0.47945085,0.42934036,0.03771571,-0.04610103,0.15742542,-1.4994099,2.6851344,-0.027409779,4.1845446,-0.10429406,0.021351082,4.6205072,117.25617,0.026908066
S9,2,1,0.002672779,0.31383356,-1.0000652,0.68676364,0.07507917,1.6868289,-0.24073571,0.25078017,-0.4669093,-0.6196213,0.09849863,2.1484673,0.09215733,2.0416229,2.4860153,2.12522,0.44439244,2.097721,2.1516197,2.0966864,4.0572767,4.624405,0.17924507,0.014425238,0.1470486,0.21090941,0.178979,0.06386082,0.1630138,0.1949442,-0.032745425,-0.5739851,0.032336887,-0.04534072,0.20575994,-2.1481318,4.0700264,-0.0018530113,6.2181582,-0.080962256,0.021351082,8.101586,194.5764,0.04439294
S9,2,1,-0.0038765285,0.44512704,-1.7828162,1.9465472,0.051988937,3.7293634,-0.27309513,0.23757984,0.20074405,2.5416975,0.19815311,2.1616669,0.088561505,2.0504215,2.4860153,2.1384218,0.43559384,2.1120222,2.1659207,2.0421407,3.8583384,4.680648,0.16354603,0.014195028,0.1231023,0.1949442,0.1630138,0.0718419,0.1630138,0.178979,-0.40291992,0.70861816,0.026948802,-0.08711448,0.21937339,-2.1481318,4.0700264,-0.055330426,6.2181582,-0.20261122,-0.0018530113,7.0877113,155.31133,0.05571362
S9,2,1,0.032746807,0.6694956,-2.13637,2.564273,0.04867851,4.700643,-0.3408348,0.383487,0.15384091,1.4010029,0.44929668,2.1742065,0.07311427,2.0724216,2.3540154,2.1516197,0.2815938,2.1120222,2.2275178,0.6103557,-0.7522385,4.7325206,0.12602895,0.042212695,0.035295192,0.178979,0.1470486,0.1436838,0.099156015,0.1630138,-0.7684655,-0.72368693,0.017665207,-0.0906039,0.37934133,-4.2908382,5.3947725,-0.0018530113,9.685611,-0.20261122,-0.0018530113,0.75522655,89.3657,0.15210892
S9,2,1,0.0043935855,1.2965803,-12.5024805,5.4850645,0.056292497,17.987545,-0.3604077,0.5041935,-2.7948184,23.799974,1.6811398,2.1947026,0.09960064,2.0416229,2.380415,2.1780188,0.3387921,2.1021206,2.2792165,0.2845996,-1.2526454,4.8266406,0.10607357,0.03065586,0.035295192,0.1630138,0.11512122,0.12771861,0.099156015,0.1231023,-0.5938262,-0.026314259,0.012191384,-0.06463782,0.5461684,-4.2908382,8.354981,-0.06231787,12.64582,-0.20261122,0.0004694146,4.2914667,83.76275,0.302478
S9,2,1,-0.03632718,1.2010295,-12.5024805,5.4850645,0.03402986,17.987545,-0.31195128,0.26782888,-3.4543536,32.60591,1.4437916,2.0933218,0.11745548,1.9580258,2.380415,2.0526211,0.42238915,2.0097246,2.12632,1.2814263,0.49588203,4.395791,0.11538666,0.011564179,0.08319081,0.1470486,0.11512122,0.06385778,0.11512122,0.1231023,-0.3870964,1.5952544,0.013447811,-0.065942004,0.41841084,-3.2228336,8.354981,-0.080962256,11.577815,-0.09495731,-0.0012724048,9.129904,186.886,0.17941599
S9,2,1,0.0047227433,0.33994567,-1.4501181,1.1061949,0.036429927,2.556313,-0.23432176,0.23373146,-0.2473772,0.42083335,0.11558537,1.9999336,0.025724487,1.9536228,2.063623,1.9976228,0.11000013,1.9800256,2.0207229,0.24364215,-0.779346,4.0003963,0.11884553,0.011609902,0.08319081,0.1470486,0.1231023,0.06385778,0.11512122,0.1231023,-0.32408848,2.8504157,0.01425905,-0.07866801,0.16457711,-1.2686328,1.2427208,-0.080962256,2.5113535,-0.080962256,-0.013465141,0.317993,15.0127735,0.03327428
